latitude,longitude,elevation_m,slope_deg,distance_to_river_m
24.05,83.049995,367.0,0.5067773340782542,1095.9265548343985
24.05,83.15,357.0,0.764324300756209,1012.8007084625181
24.05,83.25,301.0,1.489076586011147,1177.4386574272407
24.05,83.35,313.0,0.6868167312823273,1671.39503847465
24.05,83.45,335.0,1.2389403072069645,492.08654720029995
24.05,83.549995,383.0,0.4694639417935504,2343.4228690113637
24.05,83.65,340.0,2.1325884804738533,2685.06346933262
24.05,83.75,278.0,0.28681793505176656,811.9089628646097
24.05,83.85,257.0,0.5757160614735878,778.6760862644437
24.05,83.95,217.0,0.1059467274574659,334.7829177573268
24.05,84.049995,218.0,0.7044111182087343,314.0574513083033
24.05,84.15,224.0,0.18528933452747842,675.5913465959442
24.05,84.25,252.0,0.2758911198845026,941.1515223074446
24.05,84.35,268.0,0.43699098167027867,1059.5499289967574
24.05,84.45,276.0,0.2703496274280612,555.0252495530692
24.05,84.549995,298.0,0.48281833225142,1034.9013880711445
24.05,84.65,431.0,1.1431813226170757,2685.015868909238
24.05,84.75,471.0,0.47157784786624735,588.7204852593592
24.05,84.85,523.0,1.2126270029936814,3149.6194881246547
24.05,84.95,556.0,0.21543162257838525,1253.410101204428
24.05,85.049995,599.0,0.6477252461312347,2548.615725045619
24.05,85.15,579.0,2.7525126804527136,1709.1078310439666
24.05,85.25,582.0,0.6861678923915844,497.4858446932459
24.05,85.35,595.0,0.320954545559784,785.7715420124708
24.05,85.45,565.0,0.45860619118574136,785.7549067790225
24.05,85.549995,547.0,0.3319767726220417,313.37271591684043
24.05,85.65,571.0,0.6755692705252172,939.6194972037241
24.05,85.75,446.0,0.7266512148199555,326.7738556442521
24.05,85.85,370.0,0.44025687643194855,658.836268252404
24.05,85.95,303.0,0.41478786757853214,1082.7926306862234
24.05,86.049995,356.0,1.091892311598934,1882.6662988702928
24.05,86.15,351.0,0.8526007147080923,1163.7563138387743
24.05,86.25,265.0,0.5887259703946864,965.6278031783587
24.05,86.35,215.0,0.10920481849340967,577.3719606444848
24.05,86.45,223.0,0.8051492830157675,785.7549067842393
24.05,86.549995,265.0,0.636333408520334,1676.0009747194738
24.05,86.65,217.0,0.5677408279854086,241.17942144480637
24.05,86.75,201.0,0.3037453072282835,532.9563714538108
24.05,86.85,166.0,0.5610353932903241,941.1515223126714
24.05,86.95,206.0,0.41509132689261585,2500.1554149469953
24.05,87.049995,196.0,0.5777399060262579,950.5800765306282
24.05,87.15,138.0,0.36712303040720695,273.68879915322685
24.05,87.25,118.0,0.3555516230136924,313.71485961952607
24.05,87.35,89.0,0.24222752022378244,313.7125446818754
24.05,87.45,104.0,0.18290594761984358,1829.467905305941
24.05,87.549995,64.0,0.14114979049371737,235.57972452804208
24.05,87.65,59.0,0.27994916058502656,1154.7360595306386
24.05,87.75,38.0,0.18661675662650953,313.7148595595109
24.05,87.85,35.0,0.04632248502203958,1084.771581141739
24.05,87.95,30.0,0.07547242710898447,813.6317337024445
24.05,88.049995,18.0,0.017216301182069335,1136.5305446316936
24.05,88.15,25.0,0.19815904121223915,937.9595824866443
24.05,88.25,19.0,0.0539075780094069,1315.9609356391893
24.05,88.35,19.0,0.024709179949419093,726.4506088043959
24.05,88.45,18.0,0.03443259925525689,1673.1239868058326
24.15,83.049995,367.0,0.15536476786424577,3492.442785562845
24.15,83.15,299.0,0.7961150644446606,1914.4682335840514
24.15,83.25,283.0,0.6567145184899774,2337.458514758065
24.15,83.35,270.0,0.6475055498413711,675.126092273907
24.15,83.45,348.0,1.0710618868656958,2127.3415853573247
24.15,83.549995,302.0,0.4884406624418863,378.9437374756497
24.15,83.65,250.0,0.33349632841257565,232.36475839958223
24.15,83.75,216.0,0.33177610726189405,475.562986589459
24.15,83.85,201.0,0.3654178514671388,651.58196851026
24.15,83.95,192.0,0.2863226717522414,452.1867254468879
24.15,84.049995,194.0,0.10944823802520073,313.9434065629023
24.15,84.15,229.0,0.33477060411209786,953.602776674701
24.15,84.25,264.0,0.26249230250104916,1550.5300663557457
24.15,84.35,301.0,1.0274538967543048,3269.6231978633004
24.15,84.45,312.0,1.0487890657635761,5.5394799855151056e-08
24.15,84.549995,396.0,0.7142879059967275,2787.9383507712046
24.15,84.65,357.0,0.6109647045021427,1056.9048749964927
24.15,84.75,412.0,1.360283240001472,1626.546713671173
24.15,84.85,452.0,0.747958594590134,2390.446759033907
24.15,84.95,472.0,0.4921686220332939,992.2112471220545
24.15,85.049995,468.0,0.665931621392064,463.31247215270713
24.15,85.15,449.0,0.28633703828084806,645.2017978239916
24.15,85.25,499.0,1.318616332598422,1018.5031995540994
24.15,85.35,484.0,1.8447376014628158,312.684996040078
24.15,85.45,554.0,1.2432152289520837,231.65609713630374
24.15,85.549995,515.0,3.1365549188682307,1153.5153253779717
24.15,85.65,402.0,3.958803277497927,675.1358032574618
24.15,85.75,388.0,0.7258844347514622,1452.8020806362367
24.15,85.85,345.0,0.5667436042524393,943.6548914540009
24.15,85.95,295.0,0.5292192880833562,313.6012363821497
24.15,86.049995,280.0,0.4945121714081637,829.8043607883347
24.15,86.15,250.0,0.11495333408764312,461.4385004415859
24.15,86.25,266.0,0.8882687990952701,1056.9048750739428
24.15,86.35,299.0,0.6501847341095056,2127.3415853393653
24.15,86.45,312.0,0.6043808750998199,2354.8272830269575
24.15,86.549995,302.0,0.22610358191077568,2851.3850881682783
24.15,86.65,243.0,0.561429482779223,2188.9007725079955
24.15,86.75,198.0,0.4438121933799176,211.3809750081274
24.15,86.85,197.0,0.38064538411112986,347.9882278135011
24.15,86.95,233.0,0.5149183576842372,1018.5031995562425
24.15,87.049995,198.0,0.5421290923046691,482.5126906231693
24.15,87.15,222.0,2.655725948145774,2899.893817342845
24.15,87.25,136.0,0.6732711960260411,617.3475968143568
24.15,87.35,152.0,2.525939942496073,1570.6931099118362
24.15,87.45,110.0,0.46754751399155264,463.3121943960354
24.15,87.549995,168.0,1.7886794408946554,1907.7898131412276
24.15,87.65,67.0,0.43806692905954353,705.9125909138041
24.15,87.75,38.0,0.25468811402411734,1553.9616839490227
24.15,87.85,35.0,0.22799037750458007,1706.8276376648987
24.15,87.95,22.0,0.04632248502203958,348.9126078890201
24.15,88.049995,21.0,0.07156135821453533,1320.74288670587
24.15,88.15,31.0,0.2695359812551771,1706.8549520102215
24.15,88.25,20.0,0.026953794969756417,937.2112424607592
24.15,88.35,20.0,0.011563091211382357,1634.778857545222
24.15,88.45,21.0,0.037736229923783886,1061.255312729732
24.25,83.049995,275.0,0.6956325290328269,231.65665185248847
24.25,83.15,356.0,0.33631796872292957,2897.851926264014
24.25,83.25,256.0,1.5656856528305512,813.2878941543185
24.25,83.35,233.0,0.4047014674058977,257.4115895339878
24.25,83.45,271.0,0.19041662861754857,2223.4993368255905
24.25,83.549995,240.0,0.6983635804824578,521.4767529333659
24.25,83.65,208.0,0.2978848297113945,476.7139027437955
24.25,83.75,219.0,0.8579821936933212,698.0754034379156
24.25,83.85,169.0,0.2289486581487585,313.48954168066825
24.25,83.95,245.0,1.082086882024312,936.5776079939028
24.25,84.049995,290.0,0.32862782058439044,1415.7100377224783
24.25,84.15,318.0,1.5321966776852396,990.3617072612577
24.25,84.25,387.0,0.5016747121443063,2673.993441903619
24.25,84.35,365.0,0.7479083231925809,720.7655680467124
24.25,84.45,282.0,1.2116548398233011,1174.2642934534413
24.25,84.549995,277.0,1.1467511999494246,1067.5149752031566
24.25,84.65,369.0,1.4383819757755236,1590.0523085579523
24.25,84.75,345.0,4.126723869878162,716.1435618672506
24.25,84.85,377.0,2.458798343922925,1366.3410117616424
24.25,84.95,425.0,0.47366772888525416,509.18712376735294
24.25,85.049995,426.0,0.4200820669020003,1962.8126896920955
24.25,85.15,414.0,0.24749357332093652,633.9577144182425
24.25,85.25,425.0,0.40430024388306723,1404.94006333209
24.25,85.35,416.0,0.168048066958261,2024.8127013587666
24.25,85.45,421.0,0.6559181933291116,1675.7057800087587
24.25,85.549995,416.0,1.0154378404970719,1239.0590568549658
24.25,85.65,380.0,0.5565167526567655,2549.4098854243493
24.25,85.75,362.0,0.19320152793441886,2508.000229023065
24.25,85.85,314.0,0.04632248502203958,323.7928972711717
24.25,85.95,315.0,0.41977288128316015,1232.913541592319
24.25,86.049995,302.0,0.5030655818359953,1204.8757402690312
24.25,86.15,350.0,0.6988727932038109,1527.5699796946774
24.25,86.25,327.0,0.07910041205653619,952.7851595273827
24.25,86.35,336.0,0.2916202196275606,693.2559994780894
24.25,86.45,299.0,0.4302556804291063,992.0215530140395
24.25,86.549995,272.0,0.5809756560165282,813.0139393027224
24.25,86.65,234.0,0.449096827743743,1405.8947203774192
24.25,86.75,198.0,0.23217643053418704,459.4744670228819
24.25,86.85,190.0,0.22405633861197252,313.4918727106184
24.25,86.95,278.0,0.7428592195664313,3270.5870561702673
24.25,87.049995,219.0,0.4135878535405771,1253.6399762216172
24.25,87.15,153.0,0.35881436078132606,220.1912816845218
24.25,87.25,147.0,0.47573508989926666,1509.2554262268936
24.25,87.35,155.0,0.6823358041991637,1267.2914190316942
24.25,87.45,144.0,0.6156686521838418,694.9682915694736
24.25,87.549995,99.0,2.3236379632643613,902.519549601699
24.25,87.65,59.0,0.6723230699572839,313.4918726440494
24.25,87.75,44.0,0.06411790819890432,626.9860759929868
24.25,87.85,34.0,0.05472416893454193,211.2152365236772
24.25,87.95,29.0,0.13812395107384354,963.5723062800022
24.25,88.049995,23.0,0.15571379025330617,1079.300716299934
24.25,88.15,37.0,0.06455503584879584,2048.545799655108
24.25,88.25,21.0,0.06017710420040761,313.4918727054042
24.25,88.35,20.0,0.0,314.8172811193046
24.25,88.45,22.0,0.0437276869374781,626.9860760520817
24.35,83.049995,277.0,0.7539992487314383,2057.0838505875563
24.35,83.15,193.0,0.8180466640533067,311.0035827064035
24.35,83.25,295.0,0.5041326363815506,2407.5178126432725
24.35,83.35,232.0,0.29380795112992436,493.58121097126553
24.35,83.45,358.0,0.8411281305029408,2401.5401843979043
24.35,83.549995,278.0,2.189191812575649,1477.8484993137572
24.35,83.65,294.0,1.0739648037514966,2439.3777990729864
24.35,83.75,186.0,0.47989140952389636,312.0327535675479
24.35,83.85,179.0,0.6460806355459243,1828.1987864317925
24.35,83.95,216.0,1.4153356552189378,388.6399110037164
24.35,84.049995,225.0,0.5535801215225643,960.4687624444028
24.35,84.15,283.0,0.8003896808525621,1723.1454573637789
24.35,84.25,263.0,0.5608418942147567,1716.0944078527054
24.35,84.35,298.0,0.8022196915863804,2532.5862528208413
24.35,84.45,305.0,1.549076689219863,925.1918852431455
24.35,84.549995,216.0,0.218673125486291,898.8751980132027
24.35,84.65,226.0,0.4390555522929188,211.0488546435602
24.35,84.75,315.0,1.9650694235160755,2393.0716399261105
24.35,84.85,205.0,0.46231301930247826,831.338025264682
24.35,84.95,382.0,1.4984485913609247,6.217709557198186e-08
24.35,85.049995,367.0,0.981423817480014,377.4981736093766
24.35,85.15,403.0,0.3269336817102195,3487.626527020637
24.35,85.25,396.0,0.26344403631636293,1055.244273121104
24.35,85.35,389.0,0.2759641416594506,2100.1287614531643
24.35,85.45,379.0,0.07071285342272222,1158.3031277282446
24.35,85.549995,355.0,0.4016624280402664,313.0388996328992
24.35,85.65,345.0,0.18224827702373186,726.3059590623627
24.35,85.75,339.0,0.17330364774481288,231.65609721693858
24.35,85.85,346.0,0.3251028332548809,236.6474573263629
24.35,85.95,343.0,0.3285606298007772,1348.3707567997171
24.35,86.049995,328.0,0.46173471143142614,697.9898821013918
24.35,86.15,379.0,0.2067632914840391,3487.6265270304625
24.35,86.25,342.0,0.3386142280701336,1958.3614194633935
24.35,86.35,339.0,0.38931509923490826,1152.4909163077368
24.35,86.45,261.0,0.2604401451177395,466.6144948452994
24.35,86.549995,245.0,0.5745163965338856,1159.222103598263
24.35,86.65,241.0,0.4735004604249809,1348.3707567997171
24.35,86.75,226.0,0.47842315727801926,1018.2276293460517
24.35,86.85,232.0,0.38064538411112986,1370.2931105763569
24.35,86.95,238.0,0.5785521747446476,1018.2276293439146
24.35,87.049995,217.0,0.35229170136010407,1934.0650323202422
24.35,87.15,170.0,0.548874447792489,2224.8104719361468
24.35,87.25,176.0,0.2642010362544064,1289.1003131936804
24.35,87.35,164.0,0.4018240192212037,850.6257792097856
24.35,87.45,133.0,0.2122141931765946,638.0099040893532
24.35,87.549995,141.0,0.9740218506804967,1923.826611888737
24.35,87.65,59.0,0.30121646883932585,254.1305060961981
24.35,87.75,63.0,0.4465691329141698,813.104302061613
24.35,87.85,42.0,0.09500378869004127,249.13155839801496
24.35,87.95,30.0,0.09197221730905852,771.3563406979395
24.35,88.049995,36.0,0.16102526266870257,963.7042872751492
24.35,88.15,23.0,0.024709179949419093,313.3798005835474
24.35,88.25,22.0,0.0809415857331216,729.090444566278
24.35,88.35,21.0,0.024709179949419093,6.193422139775652e-08
24.35,88.45,19.0,0.0,962.9645049660313
24.449999,83.049995,216.0,1.222240085239976,1241.9452241785332
24.449999,83.15,186.0,0.9059081745588785,939.7268500768757
24.449999,83.25,187.0,0.039550224873487264,338.755676464946
24.449999,83.35,211.0,1.133456993262251,2313.852040097226
24.449999,83.45,192.0,0.374156567217586,939.7268500253783
24.449999,83.549995,241.0,3.0839680052417306,1177.338340639749
24.449999,83.65,283.0,2.4199449027181856,1452.6182441085311
24.449999,83.75,220.0,0.8082690265566672,2195.967780342766
24.449999,83.85,147.0,0.20813472910723582,628.5436829757439
24.449999,83.95,226.0,4.826559343399829,1865.3172519684879
24.449999,84.049995,195.0,0.9350782897190862,956.8228528813671
24.449999,84.15,208.0,1.1431813226170757,421.76367617417105
24.449999,84.25,233.0,1.5240501289124424,664.8263237444206
24.449999,84.35,247.0,0.6559181933291116,1625.9460561868316
24.449999,84.45,201.0,0.28739053675295717,1301.7146043874193
24.449999,84.549995,189.0,0.15820052259085865,378.0992350698196
24.449999,84.65,204.0,0.49129141198830756,2114.256841945188
24.449999,84.75,192.0,0.2591242838018969,1443.5605479532624
24.449999,84.85,173.0,0.2863226717522414,449.8745872705869
24.449999,84.95,185.0,0.3139128946403754,1489.6453690870337
24.449999,85.049995,187.0,0.579740258309739,1252.7875295817337
24.449999,85.15,185.0,0.28633703828084806,673.7579530411903
24.449999,85.25,294.0,1.0037293756186576,807.4866410195533
24.449999,85.35,378.0,0.6560375759812407,1253.1281369757512
24.449999,85.45,396.0,0.20690873108717384,2684.284979099416
24.449999,85.549995,389.0,0.19041662861754857,1253.3420322920763
24.449999,85.65,380.0,0.3060909560013658,463.2009994696585
24.449999,85.75,382.0,0.573340452190431,1579.799408662487
24.449999,85.85,395.0,0.2722680134078242,2375.1964134143172
24.449999,85.95,365.0,0.43681133991107995,1347.430656031362
24.449999,86.049995,370.0,0.3396943173126413,2787.7129219777307
24.449999,86.15,357.0,0.2908951381781321,1824.587873812618
24.449999,86.25,356.0,0.419644869333078,1062.1544851293127
24.449999,86.35,310.0,0.15799378208825507,313.1851266058315
24.449999,86.45,308.0,0.5249735866608721,1879.6370042203032
24.449999,86.549995,271.0,0.468305460434316,754.9247183406677
24.449999,86.65,224.0,0.248983798447171,565.9380597637053
24.449999,86.75,242.0,0.6440756154709493,2369.28116105855
24.449999,86.85,247.0,0.4614906141436965,1580.3329725265924
24.449999,86.95,230.0,0.18290594761984358,850.5501025542377
24.449999,87.049995,206.0,0.33631796872292957,1543.6395184828648
24.449999,87.15,178.0,2.937986572418588,1354.3029334768455
24.449999,87.25,184.0,0.6053546585749713,939.8701819463781
24.449999,87.35,203.0,0.3421341303981896,835.1390582031382
24.449999,87.45,188.0,3.1540163949357276,1265.2909888686306
24.449999,87.549995,127.0,0.930111344699437,421.25755980378085
24.449999,87.65,69.0,0.17678166233469125,1219.545539302689
24.449999,87.75,54.0,0.17828536900134612,2189.1951158913453
24.449999,87.85,31.0,0.03468926986653232,269.4930867750723
24.449999,87.95,29.0,0.19320152793441886,632.7821817730347
24.449999,88.049995,28.0,0.2582427767780881,1881.6560445219293
24.449999,88.15,22.0,0.1729637449563107,709.9619339770943
24.449999,88.25,23.0,0.17330364774481288,726.363843493788
24.449999,88.35,23.0,0.3336117618657213,1494.233999326469
24.449999,88.45,22.0,0.2877576707758097,1250.3988577330433
24.55,83.049995,190.0,0.2659491914729578,333.5533274254105
24.55,83.15,495.0,1.7672091470108655,234.73705326552079
24.55,83.25,478.0,2.6846638880457356,926.624388663338
24.55,83.35,467.0,2.6554645566164234,2658.7764744610595
24.55,83.45,557.0,1.1932271325223347,3304.20375499892
24.55,83.549995,567.0,3.98311185523541,2178.497871080637
24.55,83.65,290.0,9.759893060422954,926.6243887457412
24.55,83.75,165.0,1.3206665228173768,6.194535463585778e-08
24.55,83.85,146.0,0.3511894910449142,312.5282817965257
24.55,83.95,127.0,0.07057500232630595,647.720956447862
24.55,84.049995,148.0,0.2032788787879025,130.05338084233597
24.55,84.15,160.0,0.3353258210788706,1490.146912611495
24.55,84.25,158.0,0.1393310063187634,632.3402299701628
24.55,84.35,168.0,1.9571959378557156,557.7375528359161
24.55,84.45,200.0,2.3225903886369617,166.40021659139197
24.55,84.549995,317.0,0.7442219487760254,2566.145916976785
24.55,84.65,219.0,1.5394762167889544,661.57326061318
24.55,84.75,150.0,0.23087110414543238,153.296137130038
24.55,84.85,157.0,0.11744821600438346,1976.7483515024066
24.55,84.95,146.0,0.24141345184491111,1330.35951567851
24.55,85.049995,154.0,0.2533936229648636,860.9671093303436
24.55,85.15,163.0,0.2065947250513872,316.7042616119298
24.55,85.25,179.0,0.3566856913678831,974.0696682725711
24.55,85.35,244.0,1.945815876077168,1166.0157397135533
24.55,85.45,200.0,0.6001153057528673,339.31805105398905
24.55,85.549995,344.0,1.7720043767688378,2684.1758917156776
24.55,85.65,391.0,0.2098252486162102,2781.332516206912
24.55,85.75,322.0,0.6512219967353675,1015.6809151922208
24.55,85.85,311.0,2.383194921591642,1907.478536304093
24.55,85.95,211.0,0.9095788980909194,1358.2631432352903
24.55,86.049995,288.0,1.420578193672028,1077.1419460143443
24.55,86.15,381.0,1.6623072413002842,1923.6555973591135
24.55,86.25,308.0,0.8728132650324468,1319.5395483824216
24.55,86.35,302.0,0.5580540996237017,2797.3010749168825
24.55,86.45,297.0,0.45926045801712195,961.8155335213345
24.55,86.549995,295.0,0.059896042954725004,2571.2048458927197
24.55,86.65,260.0,0.3511894910449142,660.72962707554
24.55,86.75,241.0,0.5360901894925357,2558.9304014693926
24.55,86.85,238.0,0.37968374420740353,344.1701221452537
24.55,86.95,222.0,0.4253311927609747,2702.5624292884545
24.55,87.049995,192.0,0.34660412446294486,1053.0650995379922
24.55,87.15,196.0,0.4682480939225908,231.65609721976787
24.55,87.25,220.0,0.47733754022309305,2351.322855497765
24.55,87.35,148.0,0.3237631122678162,545.0754280065331
24.55,87.45,137.0,1.5170527648437429,463.31219439568173
24.55,87.549995,130.0,2.0881771618377756,784.1653089350328
24.55,87.65,81.0,0.3111592074419053,1078.7466997497781
24.55,87.75,67.0,0.7930846524268836,635.7249413217651
24.55,87.85,29.0,0.18053078155028257,735.5516867044034
24.55,87.95,23.0,0.026953794969756417,3285.536133382009
24.55,88.049995,26.0,0.05164889111068427,1876.5827838215193
24.55,88.15,15.0,0.14048148760021675,313.15450373877104
24.55,88.25,20.0,0.09264490948772618,508.9765935532593
24.55,88.35,37.0,0.27083638259830106,1958.1083323998364
24.55,88.45,33.0,0.17315373810730425,1957.769313462312
24.65,83.049995,332.0,0.9244108041974503,1922.8201661899611
24.65,83.15,319.0,0.15820052259085865,2055.629640147935
24.65,83.25,328.0,0.12815969266840882,1167.8100493062304
24.65,83.35,405.0,1.058976484076026,939.1309303877753
24.65,83.45,397.0,0.41452037718975854,1692.212766132453
24.65,83.549995,412.0,3.3298089516663794,1747.0774965050653
24.65,83.65,527.0,0.41977288128316015,1713.94598550974
24.65,83.75,506.0,1.0232174460048553,1629.490078833378
24.65,83.85,534.0,1.5300020079882173,1822.1455885090681
24.65,83.95,134.0,1.0111819081635534,215.9426972001965
24.65,84.049995,130.0,0.22125003903801455,312.699282362714
24.65,84.15,130.0,0.1431224931648656,717.4285807452229
24.65,84.25,133.0,0.10363442315413164,453.31203313479307
24.65,84.35,129.0,0.1170644668174413,660.5416837874413
24.65,84.45,131.0,0.07001489753420333,1981.4760325094253
24.65,84.549995,130.0,0.2926745832868154,347.8824468768582
24.65,84.65,139.0,0.2885880016227136,1558.2567978728287
24.65,84.75,133.0,0.25360192514137553,449.4498713715309
24.65,84.85,138.0,0.14048148760021675,2568.6380191386093
24.65,84.95,130.0,0.2422133141632591,643.5480300574688
24.65,85.049995,127.0,0.13812395107384354,694.9684751806544
24.65,85.15,141.0,0.17507718564017494,1376.7652795838144
24.65,85.25,141.0,0.15287163233718137,321.0747889433553
24.65,85.35,137.0,0.20988925716723159,755.2255782650799
24.65,85.45,141.0,0.20988925716723159,610.0048112868125
24.65,85.549995,154.0,0.40785694521623084,312.70163652742514
24.65,85.65,306.0,1.1517259899383752,566.5645889894445
24.65,85.75,202.0,0.3766102597063224,313.04128092234987
24.65,85.85,194.0,0.6097659311382497,1158.2804859255452
24.65,85.95,232.0,3.201328279832629,561.2436736093952
24.65,86.049995,271.0,0.4477737404281448,1752.1368132393345
24.65,86.15,349.0,3.374807090696648,2516.477641482069
24.65,86.25,162.0,0.2999279991334288,626.0849243973461
24.65,86.35,166.0,0.5185480011805593,662.6454894706851
24.65,86.45,276.0,0.601601999909415,1389.936583101459
24.65,86.549995,253.0,0.7334499540742287,1150.6512432797522
24.65,86.65,261.0,0.378753120319063,2825.761868926955
24.65,86.75,209.0,0.47955922571991,1473.8209752777527
24.65,86.85,196.0,0.1848461483588258,2242.9017021107165
24.65,86.95,182.0,0.5331156816192293,1267.5176839399878
24.65,87.049995,165.0,0.6620371524049629,782.9542349680946
24.65,87.15,181.0,0.7619904127717345,1894.9126820202894
24.65,87.25,224.0,0.4214377068112314,1746.9529118908697
24.65,87.35,203.0,0.7640795468345096,1252.1792986115138
24.65,87.45,324.0,1.6972997250655317,1158.2804858371298
24.65,87.549995,131.0,1.5353686364888923,729.5881104746923
24.65,87.65,58.0,0.6459992591605459,1689.3780824880132
24.65,87.75,36.0,0.23161121399311288,365.7733129530576
24.65,87.85,30.0,0.26180070431988084,2095.5073929136615
24.65,87.95,26.0,0.0829950638647367,1900.4928102357876
24.65,88.049995,24.0,0.1777775230069332,1261.0359243945388
24.65,88.15,23.0,0.12678834096698222,694.78687704034
24.65,88.25,22.0,0.05164889111068427,1730.155480659236
24.65,88.35,32.0,0.18661675662650953,442.70791707045584
24.65,88.45,38.0,0.23279810785035576,2946.8684127635797
24.75,83.049995,301.0,0.12678834096698222,243.2451815662712
24.75,83.15,311.0,0.32361269039220436,2566.7269807359244
24.75,83.25,304.0,0.49359145885625466,2054.9159887975957
24.75,83.35,337.0,0.16183876397194016,1653.1130357956515
24.75,83.45,338.0,0.5926193147347862,627.558071344535
24.75,83.549995,405.0,0.3009376444156759,631.6356144496879
24.75,83.65,392.0,1.8356526893924134,1820.8181461924382
24.75,83.75,235.0,6.4003633098434225,726.114035959052
24.75,83.85,276.0,2.1526282584570433,672.2974365658389
24.75,83.95,478.0,1.8073322736453006,2503.487776717549
24.75,84.049995,118.0,0.419644869333078,588.5249414537546
24.75,84.15,122.0,0.10073377828987132,812.4183614971761
24.75,84.25,118.0,0.09423098878344721,1641.7030061352868
24.75,84.35,116.0,0.1722517102598528,375.7676643156103
24.75,84.45,104.0,0.11427752566819796,538.5477827546136
24.75,84.549995,102.0,0.07412750308454868,1051.4635867329143
24.75,84.65,108.0,0.16906856347266522,841.507613216024
24.75,84.75,117.0,0.05771806889366317,464.52614640417204
24.75,84.85,114.0,0.07001489753420333,632.5041914958389
24.75,84.95,115.0,0.33651201502825473,2035.3773694538727
24.75,85.049995,115.0,1.012185657698124,1853.2488461355385
24.75,85.15,171.0,5.650141547875892,2744.7161064029006
24.75,85.25,119.0,0.10413007369908074,672.2974365742809
24.75,85.35,113.0,0.19542160298956793,330.8119817675242
24.75,85.45,115.0,0.19767266756221058,984.1162747326924
24.75,85.549995,116.0,0.1623566604338936,939.1296700766966
24.75,85.65,122.0,0.7427236173436532,659.552639284603
24.75,85.75,139.0,0.8036085154614774,1991.2700097184506
24.75,85.85,161.0,0.865125641839128,1082.3712057264768
24.75,85.95,268.0,1.711966342746185,2779.8731660681733
24.75,86.049995,190.0,0.696807246161863,467.47946637460035
24.75,86.15,143.0,0.6456301457020387,1245.1272944713303
24.75,86.25,133.0,0.3333535740267267,1077.0998700192877
24.75,86.35,138.0,0.4721289233330815,1904.721387901553
24.75,86.45,253.0,1.6406837024593994,1051.8845163248802
24.75,86.549995,226.0,0.9416633124462146,1574.7015021225252
24.75,86.65,183.0,0.6331232828629874,672.3073681485173
24.75,86.75,179.0,0.3309069282726155,420.753806585463
24.75,86.85,147.0,0.7725152570935243,566.4572165536289
24.75,86.95,142.0,0.14002958596803414,2298.8635494340315
24.75,87.049995,125.0,0.15536476786424577,1536.3511622626982
24.75,87.15,128.0,0.4086122250851696,2744.6704256872213
24.75,87.25,119.0,0.3386142280701336,672.2974364826239
24.75,87.35,150.0,0.5925513360531727,2185.407823622311
24.75,87.45,138.0,3.295904920301004,312.37327597028116
24.75,87.549995,280.0,1.7335557998880242,1440.5174358817712
24.75,87.65,101.0,0.7208918860552775,314.37955994540596
24.75,87.75,34.0,0.23185767253348052,312.92530563181447
24.75,87.85,33.0,0.46449274050630585,2142.554706295832
24.75,87.95,22.0,0.22593123836263204,1496.3602903057724
24.75,88.049995,26.0,0.03468926986653232,353.73910457217227
24.75,88.15,23.0,0.11865052385892393,480.3075530716754
24.75,88.25,27.0,0.061763302896180164,480.30755299064714
24.75,88.35,25.0,0.1777775230069332,648.2948377813715
24.75,88.45,40.0,0.2108250918922158,1743.128224422526
24.85,83.049995,295.0,0.18271078370248497,2683.539413316339
24.85,83.15,278.0,0.4023232068016097,726.0649230229651
24.85,83.25,279.0,0.3396943173126413,1293.6218605300292
24.85,83.35,266.0,0.7347387270657039,1039.9928481086888
24.85,83.45,305.0,0.8167548605592679,2035.0502675013938
24.85,83.549995,384.0,1.6531200359922893,2302.3503545173667
24.85,83.65,139.0,4.534571369285219,698.4326179418604
24.85,83.75,112.0,0.2583819873388558,1526.292089892729
24.85,83.85,108.0,0.3107272509928026,630.7788041149535
24.85,83.95,196.0,6.097896154881429,3757.9191928062896
24.85,84.049995,121.0,3.12195806501751,812.493004193527
24.85,84.15,103.0,0.0437276869374781,373.89124309981077
24.85,84.25,106.0,0.15799378208825507,2213.9261678104563
24.85,84.35,101.0,0.06411790819890432,326.78451259766666
24.85,84.45,99.0,0.057815437218845404,765.9631087576199
24.85,84.549995,89.0,0.06411790819890432,1021.2966306946248
24.85,84.65,102.0,0.06908790144130637,1079.08711787982
24.85,84.75,104.0,0.08876414296088622,407.5750674271305
24.85,84.85,106.0,0.06411790819890432,958.688770804815
24.85,84.95,101.0,0.2695359812551771,384.6421502748373
24.85,85.049995,104.0,0.06886517363947979,1076.764488276327
24.85,85.15,98.0,0.09250465057125552,828.98276883646
24.85,85.25,100.0,0.10902632305980736,527.6145511744585
24.85,85.35,95.0,0.11543602064354841,521.5989901638419
24.85,85.45,92.0,0.12823565580663238,1148.6397360852402
24.85,85.549995,94.0,0.07001489753420333,1524.649211727626
24.85,85.65,99.0,0.09423098878344721,3248.861103484834
24.85,85.75,93.0,0.20988925716723159,1343.6296798852245
24.85,85.85,93.0,0.16183876397194016,231.84686604138417
24.85,85.95,342.0,2.898976655551009,3270.815033756976
24.85,86.049995,223.0,1.496251147244216,1251.570032021733
24.85,86.15,381.0,2.072955157445624,3759.775958170122
24.85,86.25,96.0,0.22799037750458007,1223.8889708397953
24.85,86.35,108.0,0.21534119738245536,463.31219439638903
24.85,86.45,139.0,0.4884963954671192,385.96901794803733
24.85,86.549995,158.0,0.8568141083283581,1122.1807252466695
24.85,86.65,147.0,0.5047757910674716,1561.5563945205913
24.85,86.75,177.0,0.45282539619174333,3145.3617912957034
24.85,86.85,165.0,1.777786745722299,1159.9625815884856
24.85,86.95,90.0,0.1338894256355505,658.2886550722783
24.85,87.049995,93.0,0.6060008871854631,1826.833828790726
24.85,87.15,81.0,0.35881436078132606,2224.896967306596
24.85,87.25,84.0,0.14531121718627707,543.9135702383339
24.85,87.35,109.0,0.6363898326714289,671.8198245576717
24.85,87.45,301.0,2.5289258402830463,934.0371633051672
24.85,87.549995,62.0,0.12935264475218633,739.4168253719936
24.85,87.65,98.0,2.464267872190347,2024.073489920428
24.85,87.75,45.0,0.46442743140972226,1565.080190133139
24.85,87.85,30.0,0.17507718564017494,2490.966351770152
24.85,87.95,24.0,0.21468318159096508,464.44936148899745
24.85,88.049995,29.0,0.1431224931648656,1892.3703048257669
24.85,88.15,25.0,0.1393310063187634,2683.332453516684
24.85,88.25,26.0,0.13476873624732874,697.6900384614044
24.85,88.35,21.0,0.0805127903162409,1282.352306973069
24.85,88.45,42.0,0.1722517102598528,1343.629679792446
24.949999,83.049995,186.0,1.6518009167089924,781.7627485100254
24.949999,83.15,245.0,0.7863850510778414,2008.6123982043257
24.949999,83.25,276.0,2.2327518939822233,2637.2072179735055
24.949999,83.35,278.0,1.668313121682422,1075.4167038407134
24.949999,83.45,272.0,0.4474064657721012,508.79791724418305
24.949999,83.549995,235.0,3.719587341541567,2200.013549441008
24.949999,83.65,94.0,2.3510332509449614,685.5821396905645
24.949999,83.75,103.0,0.11612557014591604,2541.1160153744504
24.949999,83.85,95.0,0.06411790819890432,1641.9089293149705
24.949999,83.95,99.0,0.06074960779198572,1368.2735873519498
24.949999,84.049995,120.0,2.2339955630851693,3361.4050462112546
24.949999,84.15,107.0,0.06017710420040761,346.67857748970835
24.949999,84.25,98.0,0.06411790819890432,375.7927073756602
24.949999,84.35,97.0,0.06074960779198572,2811.329708499047
24.949999,84.45,89.0,0.0,782.1687692223625
24.949999,84.549995,84.0,0.10781506057815642,624.3608133709583
24.949999,84.65,91.0,0.061763302896180164,2044.6258618045151
24.949999,84.75,94.0,0.04632248502203958,327.4417221995852
24.949999,84.85,94.0,0.08535966736577931,1890.4490819116484
24.949999,84.95,91.0,0.1317227143551995,1094.365514312668
24.949999,85.049995,98.0,0.059896042954725004,1062.0348423751896
24.949999,85.15,88.0,0.10073377828987132,377.4024373569847
24.949999,85.25,83.0,1.19168710336526,2034.8702292369521
24.949999,85.35,204.0,2.2782936622602272,1564.254481599199
24.949999,85.45,79.0,0.024709179949419093,397.73291085393606
24.949999,85.549995,80.0,0.13817560197820217,321.39982620210793
24.949999,85.65,80.0,0.10808569371951687,490.5105944018762
24.949999,85.75,74.0,0.12910990779945808,1259.2742912929716
24.949999,85.85,72.0,0.09883662788847669,473.09889718706376
24.949999,85.95,65.0,0.158581602704705,1556.344344797645
24.949999,86.049995,67.0,0.10944823802520073,731.557181852586
24.949999,86.15,74.0,0.04941835070790592,346.649988620361
24.949999,86.25,77.0,0.3953406295325001,312.6169599091402
24.949999,86.35,108.0,0.04941835070790592,1488.392693226277
24.949999,86.45,118.0,0.4945121714081637,711.6746609488424
24.949999,86.549995,94.0,0.25360192514137553,1258.9322612414394
24.949999,86.65,86.0,0.3733623863723838,1280.929227857381
24.949999,86.75,96.0,0.41352119786859176,335.29144547319055
24.949999,86.85,122.0,1.5686470829124786,2040.8311350258632
24.949999,86.95,72.0,0.10413007369908074,980.978654786772
24.949999,87.049995,65.0,0.17507718564017494,671.8519541952103
24.949999,87.15,62.0,0.09264490948772618,450.33498507719275
24.949999,87.25,67.0,0.27726638533347603,232.29450161291658
24.949999,87.35,97.0,0.3926957662468843,1637.499946343665
24.949999,87.45,224.0,1.4955019636590214,1439.1718470243618
24.949999,87.549995,149.0,1.6892676951276848,2150.382430870876
24.949999,87.65,285.0,3.194239740477508,2398.5528214056035
24.949999,87.75,77.0,1.3874662465737981,1488.392693217683
24.949999,87.85,28.0,0.38732447879790993,210.03711085412002
24.949999,87.95,23.0,0.0437276869374781,1050.2698730519915
24.949999,88.049995,26.0,0.10329769828174246,625.6574271010392
24.949999,88.15,23.0,0.09500378869004127,479.66480913467836
24.949999,88.25,22.0,0.06908790144130637,312.77932624368896
24.949999,88.35,22.0,0.2759641416594506,1871.684301636592
24.949999,88.45,26.0,0.34015694462505364,312.7793262479954
25.05,83.049995,94.0,0.325631490667793,1628.1765575740553
25.05,83.15,100.0,0.5167426765827471,2490.365968157056
25.05,83.25,88.0,0.14531121718627707,210.28408136832007
25.05,83.35,84.0,0.1993368025457613,1175.4670820784572
25.05,83.45,84.0,0.08535966736577931,495.42577355552294
25.05,83.549995,80.0,0.039550224873487264,312.92297650587017
25.05,83.65,84.0,0.017216301182069335,312.58458312245676
25.05,83.75,86.0,0.037736229923783886,312.5821884905901
25.05,83.85,91.0,0.06017710420040761,1575.0917034877589
25.05,83.95,96.0,0.03468926986653232,94.69528521172094
25.05,84.049995,102.0,0.09288743926748855,661.63820593773
25.05,84.15,99.0,0.07412750308454868,669.2095050215016
25.05,84.25,96.0,0.03535644017492392,1017.2492730933083
25.05,84.35,93.0,0.24520142554991317,591.2701262038112
25.05,84.45,89.0,0.0539075780094069,3298.0184045798246
25.05,84.549995,86.0,0.024709179949419093,282.7605603659943
25.05,84.65,80.0,0.039550224873487264,870.8488586359655
25.05,84.75,82.0,0.07412750308454868,325.4568192058769
25.05,84.85,82.0,0.039550224873487264,1073.267889455303
25.05,84.95,80.0,0.06937851430168686,314.84034871189925
25.05,85.049995,79.0,0.07156135821453533,213.40780637320034
25.05,85.15,78.0,0.08876414296088622,2526.851483771564
25.05,85.25,72.0,0.09423098878344721,3291.4237857549015
25.05,85.35,67.0,0.06937851430168686,1641.4154262743211
25.05,85.45,66.0,0.06455503584879584,937.7609319404471
25.05,85.549995,69.0,0.05771806889366317,2021.954546322061
25.05,85.65,66.0,0.04625235542649417,1558.8325777934417
25.05,85.75,62.0,0.05771806889366317,1051.7918472304352
25.05,85.85,58.0,0.0464437501503344,938.9715676914124
25.05,85.95,52.0,0.08173425205514127,1118.9046019104444
25.05,86.049995,53.0,0.05771806889366317,1931.7309943897078
25.05,86.15,60.0,0.10606921281639234,1038.0599996133567
25.05,86.25,266.0,1.0644720531189023,2772.0864727010267
25.05,86.35,403.0,2.733628580938287,2240.608014663085
25.05,86.45,155.0,0.6042030682464353,1647.573644653045
25.05,86.549995,61.0,0.18394396064636073,1269.3219033390537
25.05,86.65,62.0,0.07910041205653619,308.0941921881621
25.05,86.75,53.0,0.14441820419529294,285.3034575035805
25.05,86.85,56.0,0.12352646225159443,1912.3743603371681
25.05,86.95,56.0,0.057815437218845404,264.7984781920494
25.05,87.049995,51.0,0.09446026256243409,752.1828590101981
25.05,87.15,46.0,0.039550224873487264,534.5232831583
25.05,87.25,52.0,0.17257550578893344,631.1929807791622
25.05,87.35,84.0,0.5836207325068365,463.3121943970964
25.05,87.45,80.0,0.6422114692552219,1055.6253929645702
25.05,87.549995,95.0,1.4335690295945294,997.0678667321375
25.05,87.65,147.0,1.7462966587742683,958.8198205618297
25.05,87.75,39.0,0.11495333408764312,811.8899004226846
25.05,87.85,23.0,0.23029404912205798,1451.5227914096154
25.05,87.95,28.0,0.03088166041941141,1424.0014084613497
25.05,88.049995,25.0,0.04625235542649417,670.3866614767567
25.05,88.15,30.0,0.07547242710898447,1623.7466092192979
25.05,88.25,23.0,0.19041662861754857,312.5821885490996
25.05,88.35,43.0,0.23135311690348973,1736.9303108509796
25.05,88.45,20.0,0.12051393417753026,302.8966016912788
25.15,83.049995,83.0,0.039550224873487264,808.277713229522
25.15,83.15,80.0,0.048876873425849406,694.9682915705346
25.15,83.25,80.0,0.039550224873487264,2352.6734500375373
25.15,83.35,78.0,0.0464437501503344,341.1764291447364
25.15,83.45,74.0,0.06937851430168686,1679.1916469013197
25.15,83.549995,76.0,0.03088166041941141,389.2444126087639
25.15,83.65,78.0,0.05472416893454193,1670.9116674888867
25.15,83.75,80.0,0.037736229923783886,670.3865319759867
25.15,83.85,82.0,0.0809415857331216,1557.3463600513091
25.15,83.95,87.0,0.05472416893454193,1203.7876087605346
25.15,84.049995,90.0,0.0464437501503344,957.8037581762868
25.15,84.15,92.0,0.03088166041941141,2021.1997025213348
25.15,84.25,91.0,0.03535644017492392,687.7613247515926
25.15,84.35,90.0,0.0437276869374781,636.8402270920958
25.15,84.45,85.0,0.11427752566819796,1778.336801090033
25.15,84.549995,84.0,0.026953794969756417,2071.0477517286736
25.15,84.65,77.0,0.0464437501503344,320.75716881083065
25.15,84.75,76.0,0.03443259925525689,569.8840799970775
25.15,84.85,71.0,0.0805127903162409,1398.4408397270581
25.15,84.95,70.0,0.09883662788847669,1138.375641472091
25.15,85.049995,72.0,0.08655767019494953,1050.6762975803645
25.15,85.15,70.0,0.0805127903162409,624.9317162909498
25.15,85.25,66.0,0.05164889111068427,2364.9541993390458
25.15,85.35,62.0,0.05472416893454193,1874.8527992513134
25.15,85.45,57.0,0.1317227143551995,1481.5212738998746
25.15,85.549995,58.0,0.10944823802520073,538.8017064486427
25.15,85.65,57.0,0.057815437218845404,943.0372329063969
25.15,85.75,51.0,0.04625235542649417,1238.7499895999879
25.15,85.85,47.0,0.04941835070790592,1471.740640330262
25.15,85.95,44.0,0.024709179949419093,723.0426257958487
25.15,86.049995,47.0,0.05472416893454193,174.71325440465245
25.15,86.15,53.0,0.11612557014591604,3246.7395319641028
25.15,86.25,60.0,3.1086592147907983,1666.5597344886942
25.15,86.35,218.0,3.1469495509119874,1231.8750593065563
25.15,86.45,188.0,3.565653359906444,955.2922508067512
25.15,86.549995,61.0,0.6671812712013332,1231.6916393126776
25.15,86.65,44.0,0.10920481849340967,343.3849890402609
25.15,86.75,40.0,0.023126181480860913,678.5234752337894
25.15,86.85,41.0,0.07412750308454868,534.2882387149385
25.15,86.95,44.0,0.05472416893454193,2663.3933884518847
25.15,87.049995,37.0,0.039550224873487264,1241.0407445178184
25.15,87.15,34.0,0.05771806889366317,239.88760815895327
25.15,87.25,38.0,0.09423098878344721,932.9978366634222
25.15,87.35,46.0,0.12472043162953726,1119.9788079038549
25.15,87.45,56.0,0.13118285705523022,1466.0533043445855
25.15,87.549995,207.0,2.9719855311397803,1451.9695218026866
25.15,87.65,115.0,2.2806886084652747,595.086906154968
25.15,87.75,35.0,1.395320281685195,1506.3890851546244
25.15,87.85,28.0,0.06937851430168686,1437.3757989648955
25.15,87.95,31.0,0.06937851430168686,970.2618874844637
25.15,88.049995,24.0,0.04625235542649417,926.6245253170822
25.15,88.15,37.0,0.11837662254295868,231.65609713170616
25.15,88.25,35.0,0.25206673038946836,1488.427908494071
25.15,88.35,31.0,0.24975414752054537,479.11900013857826
25.15,88.45,23.0,0.048876873425849406,1865.8256144933007
25.25,83.049995,79.0,0.08173425205514127,701.605500208208
25.25,83.15,79.0,0.06908790144130637,3509.073108936497
25.25,83.25,78.0,0.04625235542649417,1943.7028498804814
25.25,83.35,80.0,0.039550224873487264,3469.8778247974533
25.25,83.45,72.0,0.0437276869374781,932.7671798367821
25.25,83.549995,72.0,0.023126181480860913,993.1510630812032
25.25,83.65,71.0,0.07720411179901313,2203.6902240191075
25.25,83.75,75.0,0.024709179949419093,1077.2333615737373
25.25,83.85,73.0,0.05164889111068427,551.8019173231675
25.25,83.95,78.0,0.04941835070790592,1864.6807428526101
25.25,84.049995,82.0,0.026953794969756417,345.39517321506355
25.25,84.15,85.0,0.0464437501503344,1628.875635649451
25.25,84.25,87.0,0.07156135821453533,2335.2269897389215
25.25,84.35,85.0,0.017216301182069335,315.58194799594486
25.25,84.45,82.0,0.05472416893454193,1466.657842793386
25.25,84.549995,82.0,0.04941835070790592,1900.1514831503282
25.25,84.65,71.0,0.1338894256355505,694.9682915744248
25.25,84.75,70.0,0.06411790819890432,338.5592583503256
25.25,84.85,68.0,0.04625235542649417,1739.141360097721
25.25,84.95,66.0,0.015440831331121604,3148.2988426624756
25.25,85.049995,64.0,0.05771806889366317,1892.7391521036272
25.25,85.15,63.0,0.08535966736577931,167.27583855935976
25.25,85.25,60.0,0.06455503584879584,638.457703922451
25.25,85.35,54.0,0.023126181480860913,644.3799769149803
25.25,85.45,54.0,0.03535644017492392,943.8900118871989
25.25,85.549995,52.0,0.06017710420040761,942.2466590411643
25.25,85.65,48.0,0.03535644017492392,1014.6777533704264
25.25,85.75,47.0,0.039550224873487264,891.3012767219801
25.25,85.85,43.0,0.03088166041941141,716.3016045942393
25.25,85.95,43.0,0.011563091211382357,960.1194988793521
25.25,86.049995,45.0,0.09500378869004127,2096.251828526921
25.25,86.15,44.0,0.024709179949419093,762.5121099647176
25.25,86.25,43.0,0.017216301182069335,2499.2991306353265
25.25,86.35,42.0,0.024709179949419093,1687.9381684392492
25.25,86.45,48.0,0.16598977944052126,447.87986037211857
25.25,86.549995,48.0,0.8600565221398999,1506.1710257096463
25.25,86.65,35.0,0.13376333796965376,312.35155365183005
25.25,86.75,36.0,0.30881364370761477,1138.7422459021645
25.25,86.85,37.0,0.011563091211382357,310.8177600045533
25.25,86.95,36.0,0.2630562707938568,725.8638756925828
25.25,87.049995,37.0,0.22197243031329753,3018.7725971147042
25.25,87.15,34.0,0.04625235542649417,231.65609721799956
25.25,87.25,43.0,0.3109005570874675,1278.3116975634264
25.25,87.35,45.0,0.18577439027242248,250.35227445691513
25.25,87.45,39.0,0.2067632914840391,811.5236815720293
25.25,87.549995,103.0,4.9189276529726405,1736.6986185209453
25.25,87.65,28.0,0.05771806889366317,1278.3116974703116
25.25,87.75,29.0,0.17247770188804096,1306.4062148989944
25.25,87.85,30.0,0.048876873425849406,1815.1670449042206
25.25,87.95,28.0,0.04632248502203958,936.6213971215559
25.25,88.049995,28.0,0.10413007369908074,670.3737980102923
25.25,88.15,25.0,0.04625235542649417,1317.8304477571273
25.25,88.25,33.0,0.0829950638647367,624.6037248099868
25.25,88.35,28.0,0.22855414212732275,496.1413731866704
25.25,88.45,26.0,0.07785703888953767,231.65609713241346
25.35,83.049995,79.0,0.10225570843856617,439.2191879682772
25.35,83.15,75.0,0.2348954450014907,1012.1289737754029
25.35,83.25,78.0,0.024709179949419093,2811.234664526846
25.35,83.35,75.0,0.03535644017492392,1629.4951821372883
25.35,83.45,72.0,0.011563091211382357,254.2077236853508
25.35,83.549995,71.0,0.023126181480860913,4291.371345351328
25.35,83.65,68.0,0.015440831331121604,313.9272253621651
25.35,83.75,66.0,0.017216301182069335,514.0780767184156
25.35,83.85,71.0,0.08745532293556617,1435.5079215219123
25.35,83.95,75.0,0.05771806889366317,1231.628138821457
25.35,84.049995,76.0,0.04632248502203958,1867.5826534325151
25.35,84.15,78.0,0.023126181480860913,455.89515742190207
25.35,84.25,81.0,0.04625235542649417,1911.7591345439218
25.35,84.35,78.0,0.0464437501503344,957.0368380553042
25.35,84.45,77.0,0.03088166041941141,1261.4784926443326
25.35,84.549995,73.0,0.0539075780094069,418.0594361850223
25.35,84.65,70.0,0.061763302896180164,1350.5084448328682
25.35,84.75,71.0,0.026953794969756417,334.7065311932661
25.35,84.85,65.0,0.03443259925525689,312.2380901411031
25.35,84.95,62.0,0.026953794969756417,1970.734998404088
25.35,85.049995,59.0,0.06074960779198572,926.6245248649458
25.35,85.15,57.0,0.024709179949419093,932.0088377578666
25.35,85.25,54.0,0.023126181480860913,463.31219439745
25.35,85.35,53.0,0.039550224873487264,1794.3715835089965
25.35,85.45,50.0,0.06017710420040761,297.1687436426888
25.35,85.549995,47.0,0.026953794969756417,725.9590871989151
25.35,85.65,46.0,0.011563091211382357,962.556065907304
25.35,85.75,43.0,0.04632248502203958,3168.1656073205804
25.35,85.85,43.0,0.03443259925525689,3448.186740395264
25.35,85.95,41.0,0.011563091211382357,957.0115932867401
25.35,86.049995,46.0,0.11979195499783626,1256.052926235721
25.35,86.15,43.0,0.18528933452747842,474.0318671313217
25.35,86.25,43.0,0.19472961620192353,835.7585777509054
25.35,86.35,44.0,0.039550224873487264,1638.4981406484367
25.35,86.45,40.0,0.057815437218845404,1093.8804352996094
25.35,86.549995,41.0,0.18892001163743988,956.5485061082477
25.35,86.65,39.0,0.024709179949419093,795.4908329569209
25.35,86.75,38.0,0.011563091211382357,701.5682731447864
25.35,86.85,35.0,0.011563091211382357,314.4595987986506
25.35,86.95,38.0,0.0809415857331216,1465.4483291069544
25.35,87.049995,38.0,0.039550224873487264,1397.6192752163813
25.35,87.15,35.0,0.05472416893454193,2176.5022907400285
25.35,87.25,26.0,0.25260168892741697,312.2356720471901
25.35,87.35,33.0,0.026953794969756417,1159.722383739442
25.35,87.45,31.0,0.03088166041941141,1231.6403989805901
25.35,87.549995,27.0,0.039550224873487264,713.7202161142476
25.35,87.65,30.0,0.026953794969756417,2289.336798991911
25.35,87.75,30.0,0.07547242710898447,804.8762094805409
25.35,87.85,26.0,0.011563091211382357,463.3121943093883
25.35,87.95,27.0,0.07785703888953767,1046.748806680306
25.35,88.049995,26.0,0.026953794969756417,724.7659959700862
25.35,88.15,29.0,0.0539075780094069,1873.4648039696167
25.35,88.25,28.0,0.07785703888953767,659.1075771461497
25.35,88.35,30.0,0.037736229923783886,624.052182047643
25.35,88.45,28.0,0.0808613371888772,949.980578788828
25.449999,83.049995,79.0,0.05771806889366317,849.0069098193998
25.449999,83.15,75.0,0.4407765305842646,2174.6348502039245
25.449999,83.25,75.0,0.15799378208825507,587.9111051897099
25.449999,83.35,76.0,0.037736229923783886,1880.442416410486
25.449999,83.45,59.0,0.19041662861754857,595.4332395927543
25.449999,83.549995,64.0,0.38378279039589924,0.5141902052212957
25.449999,83.65,69.0,0.011563091211382357,1337.8267127704567
25.449999,83.75,69.0,0.037736229923783886,3477.5109124489577
25.449999,83.85,65.0,0.12719379610696202,621.0953166005086
25.449999,83.95,66.0,0.05472416893454193,310.87493457736707
25.449999,84.049995,68.0,0.059896042954725004,606.6494487458011
25.449999,84.15,73.0,0.024709179949419093,427.1250090608707
25.449999,84.25,75.0,0.07720411179901313,1405.6966320242564
25.449999,84.35,69.0,0.07910041205653619,312.2019544974272
25.449999,84.45,68.0,0.03088166041941141,312.20195449828304
25.449999,84.549995,65.0,0.09748105784586181,577.6317141447335
25.449999,84.65,67.0,0.12427200774836535,2820.8602707021323
25.449999,84.75,67.0,0.037736229923783886,478.25935286040044
25.449999,84.85,66.0,0.03535644017492392,3465.499202659161
25.449999,84.95,58.0,0.03443259925525689,627.7575487818228
25.449999,85.049995,56.0,0.03535644017492392,3078.4168633230684
25.449999,85.15,54.0,0.011563091211382357,1616.7828153693763
25.449999,85.25,52.0,0.037736229923783886,944.5264292583424
25.449999,85.35,49.0,0.011563091211382357,1637.0351032376511
25.449999,85.45,48.0,0.024709179949419093,367.4513324765328
25.449999,85.549995,49.0,0.06908790144130637,2938.666976879152
25.449999,85.65,47.0,0.08453446575177978,886.9211200014382
25.449999,85.75,43.0,0.04625235542649417,956.4584915009636
25.449999,85.85,45.0,0.12910990779945808,1165.1660428425464
25.449999,85.95,41.0,0.06411790819890432,714.6114074105346
25.449999,86.049995,47.0,0.026953794969756417,2362.223271645707
25.449999,86.15,42.0,0.037736229923783886,312.03932251815445
25.449999,86.25,42.0,0.015440831331121604,2510.1160413109
25.449999,86.35,39.0,0.057815437218845404,290.7594529078552
25.449999,86.45,40.0,0.03535644017492392,2778.542649307946
25.449999,86.549995,39.0,0.07785703888953767,1621.703952807198
25.449999,86.65,40.0,0.037736229923783886,1491.730563206867
25.449999,86.75,36.0,0.03535644017492392,483.9556803020759
25.449999,86.85,32.0,0.04941835070790592,103.08279537388665
25.449999,86.95,36.0,0.0,478.25935292520654
25.449999,87.049995,35.0,0.09775367571489478,1150.5146934601644
25.449999,87.15,31.0,0.13376333796965376,725.8704848234408
25.449999,87.25,34.0,0.011563091211382357,2865.316627170377
25.449999,87.35,31.0,0.011563091211382357,1560.096290967659
25.449999,87.45,32.0,0.12472043162953726,868.2049305348478
25.449999,87.549995,30.0,0.06908790144130637,636.3156445991166
25.449999,87.65,29.0,0.03468926986653232,1617.9150456206214
25.449999,87.75,28.0,0.06886517363947979,936.4335037280407
25.449999,87.85,30.0,0.0464437501503344,1102.1173367532215
25.449999,87.95,29.0,0.023126181480860913,1867.2502731034826
25.449999,88.049995,31.0,0.048876873425849406,835.1177137258894
25.449999,88.15,30.0,0.011563091211382357,870.0299574296989
25.449999,88.25,32.0,0.0808613371888772,1337.8267128495497
25.449999,88.35,29.0,0.0437276869374781,377.32861700954186
25.449999,88.45,29.0,0.05472416893454193,367.14151962073663
25.55,83.049995,79.0,0.07910041205653619,642.257549405667
25.55,83.15,78.0,0.023126181480860913,2033.110770556248
25.55,83.25,75.0,0.09288743926748855,2754.209094245184
25.55,83.35,75.0,0.0809415857331216,623.7166546180686
25.55,83.45,74.0,0.05164889111068427,1195.700147586981
25.55,83.549995,71.0,0.3333535740267267,337.9494880982555
25.55,83.65,67.0,0.12815969266840882,3014.6574708635167
25.55,83.75,65.0,0.1431224931648656,1248.0354771740244
25.55,83.85,66.0,0.0437276869374781,1610.1225213593482
25.55,83.95,65.0,0.14958982120974973,259.8698789848973
25.55,84.049995,64.0,0.15440794324551757,1254.515245593636
25.55,84.15,72.0,0.04941835070790592,817.2903227374084
25.55,84.25,66.0,0.03088166041941141,365.53709661520753
25.55,84.35,64.0,0.0437276869374781,1046.737487314154
25.55,84.45,66.0,0.0,2359.7593441907484
25.55,84.549995,59.0,0.07001489753420333,766.1236670173047
25.55,84.65,62.0,0.1513439441341668,886.8104506350855
25.55,84.75,62.0,0.06411790819890432,2202.590229199496
25.55,84.85,62.0,0.0464437501503344,3375.921893534963
25.55,84.95,58.0,0.048876873425849406,1277.8410046429967
25.55,85.049995,55.0,0.0539075780094069,478.3397352196056
25.55,85.15,51.0,0.026953794969756417,725.7138543794945
25.55,85.25,51.0,0.05771806889366317,2095.352822558879
25.55,85.35,51.0,0.037736229923783886,2793.4447127458748
25.55,85.45,49.0,0.06455503584879584,647.2498499864404
25.55,85.549995,46.0,0.2299057427402223,1300.4380714348267
25.55,85.65,49.0,0.03468926986653232,3484.531145229636
25.55,85.75,48.0,0.09264490948772618,3936.469914268927
25.55,85.85,48.0,0.011563091211382357,2102.8037562583586
25.55,85.95,49.0,0.07412750308454868,650.0946911166495
25.55,86.049995,43.0,0.10606921281639234,926.6245245260236
25.55,86.15,44.0,0.07071285342272222,332.55648553424714
25.55,86.25,42.0,0.08453446575177978,2325.96842006536
25.55,86.35,38.0,0.0437276869374781,1434.99457607219
25.55,86.45,38.0,0.023126181480860913,934.7912710250409
25.55,86.549995,40.0,0.011563091211382357,770.0739862097304
25.55,86.65,36.0,0.03468926986653232,412.16800651708775
25.55,86.75,38.0,0.037736229923783886,993.0705754882138
25.55,86.85,37.0,0.024709179949419093,977.3935544710545
25.55,86.95,36.0,0.07156135821453533,873.0694820512457
25.55,87.049995,38.0,0.06074960779198572,247.83746300368335
25.55,87.15,36.0,0.06908790144130637,934.1840321073576
25.55,87.25,36.0,0.048876873425849406,774.7336205431933
25.55,87.35,37.0,0.07057500232630595,1619.7246977639313
25.55,87.45,35.0,0.07057500232630595,869.8721085481046
25.55,87.549995,32.0,0.09446026256243409,1515.7489061657898
25.55,87.65,32.0,0.026953794969756417,1176.9842128290254
25.55,87.75,32.0,0.0,357.11868425500893
25.55,87.85,33.0,0.015440831331121604,926.624388660155
25.55,87.95,34.0,0.011563091211382357,417.58408608897173
25.55,88.049995,32.0,0.023126181480860913,667.9671804399502
25.55,88.15,33.0,0.059896042954725004,602.1975301745913
25.55,88.25,30.0,0.0437276869374781,298.62003193857623
25.55,88.35,34.0,0.03468926986653232,549.5943115226725
25.55,88.45,31.0,0.023126181480860913,725.7138543813322
25.65,83.049995,80.0,0.0437276869374781,1247.8640942869433
25.65,83.15,77.0,0.03535644017492392,1266.869721416024
25.65,83.25,76.0,0.039550224873487264,1396.0418281209445
25.65,83.35,72.0,0.015440831331121604,704.83346207272
25.65,83.45,70.0,0.026953794969756417,495.7369753609312
25.65,83.549995,72.0,0.04632248502203958,1634.918162796836
25.65,83.65,70.0,0.06908790144130637,3133.519492025954
25.65,83.75,66.0,0.04625235542649417,684.0800764285665
25.65,83.85,64.0,0.03468926986653232,1604.6999182942213
25.65,83.95,61.0,0.017216301182069335,433.74775085471896
25.65,84.049995,62.0,0.17507718564017494,1665.7518166908887
25.65,84.15,65.0,0.12910990779945808,1706.2822204497777
25.65,84.25,59.0,0.0539075780094069,935.6719964676865
25.65,84.35,60.0,0.05771806889366317,1274.1897587226638
25.65,84.45,60.0,0.12440771541834972,311.888224463476
25.65,84.549995,59.0,0.2736188478179997,1707.412057023161
25.65,84.65,59.0,0.148943421353527,1298.136222239418
25.65,84.75,57.0,0.039550224873487264,2101.1035800065306
25.65,84.85,58.0,0.06074960779198572,2027.9623087965351
25.65,84.95,57.0,0.061763302896180164,995.4402925794894
25.65,85.049995,53.0,0.20366176308700734,725.0374400912883
25.65,85.15,51.0,0.1969983865292299,1462.0799967432936
25.65,85.25,54.0,0.08876414296088622,3050.017896684197
25.65,85.35,49.0,0.06017710420040761,1641.5992568175984
25.65,85.45,49.0,0.07910041205653619,2133.7731097294036
25.65,85.549995,51.0,0.06017710420040761,644.0784112354021
25.65,85.65,46.0,0.026953794969756417,749.060861393845
25.65,85.75,47.0,0.08655767019494953,3127.080415767946
25.65,85.85,49.0,0.048876873425849406,230.6855604049084
25.65,85.95,46.0,0.023126181480860913,2664.4251610361057
25.65,86.049995,43.0,0.06455503584879584,2779.8732113478504
25.65,86.15,42.0,0.061763302896180164,942.7627023746941
25.65,86.25,39.0,0.011563091211382357,315.3184601481842
25.65,86.35,40.0,0.03468926986653232,238.79847537852584
25.65,86.45,41.0,0.026953794969756417,231.6560971348891
25.65,86.549995,43.0,0.06017710420040761,1297.4884530398178
25.65,86.65,40.0,0.039550224873487264,949.8656531265966
25.65,86.75,39.0,0.03088166041941141,1695.9590877543621
25.65,86.85,40.0,0.015440831331121604,1527.5956949993385
25.65,86.95,39.0,0.0805127903162409,926.6243887496314
25.65,87.049995,41.0,0.026953794969756417,1721.778879075249
25.65,87.15,39.0,0.011563091211382357,1158.280485923777
25.65,87.25,38.0,0.023126181480860913,687.486570080388
25.65,87.35,36.0,0.015440831331121604,929.9001618329606
25.65,87.45,37.0,0.0464437501503344,905.5217018402004
25.65,87.549995,35.0,0.026953794969756417,1242.1603261625598
25.65,87.65,35.0,0.0437276869374781,935.6719964715624
25.65,87.75,35.0,0.03535644017492392,354.77247542932884
25.65,87.85,34.0,0.017216301182069335,1686.6198272286201
25.65,87.95,32.0,0.06017710420040761,311.88578304152145
25.65,88.049995,33.0,0.06074960779198572,623.4434170075733
25.65,88.15,38.0,0.057815437218845404,1674.5080828982157
25.65,88.25,35.0,0.06908790144130637,503.00377408214524
25.65,88.35,39.0,0.048876873425849406,642.234587014514
25.65,88.45,34.0,0.0539075780094069,477.6017336199792
25.75,83.049995,80.0,0.024709179949419093,835.109720612841
25.75,83.15,76.0,0.03443259925525689,1176.9220969919313
25.75,83.25,77.0,0.037736229923783886,1621.2410373375633
25.75,83.35,74.0,0.13054477592954836,624.0727984433878
25.75,83.45,74.0,0.011563091211382357,2302.251539897162
25.75,83.549995,73.0,0.023126181480860913,3354.5420211018213
25.75,83.65,71.0,0.03535644017492392,533.7997108214099
25.75,83.75,69.0,0.039550224873487264,2199.2693429826672
25.75,83.85,66.0,0.07910041205653619,519.5060231019396
25.75,83.95,64.0,0.04625235542649417,2486.8558124915144
25.75,84.049995,61.0,0.04632248502203958,667.5246100810361
25.75,84.15,64.0,0.1495087991621946,986.7825630228613
25.75,84.25,59.0,0.07412750308454868,2390.2157598738827
25.75,84.35,55.0,0.21189273040490456,710.4559515762437
25.75,84.45,60.0,0.059896042954725004,1697.6458642908685
25.75,84.549995,57.0,0.04625235542649417,3023.679444402919
25.75,84.65,49.0,0.11612557014591604,759.5307123920502
25.75,84.75,53.0,0.0829950638647367,1128.430868590185
25.75,84.85,55.0,0.0464437501503344,1557.571809282307
25.75,84.95,56.0,0.12719379610696202,719.132998943269
25.75,85.049995,54.0,0.16588944423570348,529.7238767908465
25.75,85.15,52.0,0.0539075780094069,2306.815708331285
25.75,85.25,51.0,0.0829950638647367,1251.9134327028455
25.75,85.35,52.0,0.05164889111068427,1621.5926801850671
25.75,85.45,52.0,0.059896042954725004,1260.9537830571285
25.75,85.549995,46.0,0.18327826083731877,1136.64379319762
25.75,85.65,47.0,0.011563091211382357,1074.4714595269684
25.75,85.75,52.0,0.03535644017492392,2582.154072036423
25.75,85.85,49.0,0.07001489753420333,1799.46058885565
25.75,85.95,48.0,0.08608144373278187,2730.770882093439
25.75,86.049995,44.0,0.03535644017492392,1247.3941126589439
25.75,86.15,42.0,0.03468926986653232,1016.2617775313466
25.75,86.25,43.0,0.039550224873487264,1232.657827001209
25.75,86.35,41.0,0.06937851430168686,721.886826083212
25.75,86.45,44.0,0.06074960779198572,1240.30495891211
25.75,86.549995,43.0,0.024709179949419093,1405.4377608531038
25.75,86.65,43.0,0.03535644017492392,829.6221689950704
25.75,86.75,41.0,0.03088166041941141,935.3199193303199
25.75,86.85,43.0,0.04632248502203958,1243.6091146141284
25.75,86.95,43.0,0.07156135821453533,417.304477648699
25.75,87.049995,44.0,0.048876873425849406,1632.8253793866609
25.75,87.15,42.0,0.039550224873487264,532.220486055055
25.75,87.25,41.0,0.03468926986653232,810.6261715509736
25.75,87.35,41.0,0.024709179949419093,1889.3955011834594
25.75,87.45,37.0,0.06886517363947979,233.00879933873233
25.75,87.549995,38.0,0.023126181480860913,416.8037123703665
25.75,87.65,38.0,0.03443259925525689,1015.7542177851197
25.75,87.75,37.0,0.023126181480860913,311.76840848893676
25.75,87.85,36.0,0.023126181480860913,596.9233649104189
25.75,87.95,36.0,0.023126181480860913,2119.5168640593574
25.75,88.049995,35.0,0.06074960779198572,622.0419533380226
25.75,88.15,39.0,0.07156135821453533,2431.8445945856656
25.75,88.25,38.0,0.026953794969756417,327.2017842129238
25.75,88.35,40.0,0.037736229923783886,725.613114615059
25.75,88.45,40.0,0.039550224873487264,623.5441641468572
25.849998,83.049995,81.0,0.024709179949419093,2326.628625057266
25.849998,83.15,78.0,0.03088166041941141,1268.0012889140803
25.849998,83.25,78.0,0.039550224873487264,743.36254081224
25.849998,83.35,78.0,0.015440831331121604,1859.4668902366993
25.849998,83.45,72.0,0.04625235542649417,638.8184346346932
25.849998,83.549995,74.0,0.026953794969756417,1821.7056913009517
25.849998,83.65,70.0,0.017216301182069335,623.143412153571
25.849998,83.75,68.0,0.0,712.5788512335741
25.849998,83.85,67.0,0.10606921281639234,2210.1829701580637
25.849998,83.95,66.0,0.0,625.7992910922553
25.849998,84.049995,68.0,0.04632248502203958,1205.793023907459
25.849998,84.15,59.0,0.04625235542649417,462.11644780580605
25.849998,84.25,63.0,0.024709179949419093,2955.2282215111227
25.849998,84.35,60.0,0.03535644017492392,1628.1714498365116
25.849998,84.45,57.0,0.023126181480860913,329.2794148751045
25.849998,84.549995,56.0,0.08876414296088622,614.133262853779
25.849998,84.65,57.0,0.04632248502203958,1933.8800345418902
25.849998,84.75,57.0,0.023126181480860913,1556.591047128631
25.849998,84.85,57.0,0.0539075780094069,311.8160067654544
25.849998,84.95,55.0,0.048876873425849406,911.8244497928442
25.849998,85.049995,53.0,0.03535644017492392,1431.4691979051556
25.849998,85.15,52.0,0.07910041205653619,666.8805341708969
25.849998,85.25,56.0,0.024709179949419093,2302.2217208562292
25.849998,85.35,57.0,0.011563091211382357,1025.9542069374115
25.849998,85.45,54.0,0.09520857720270634,2173.6820929834894
25.849998,85.549995,52.0,0.0464437501503344,2353.9088800221984
25.849998,85.65,54.0,0.03443259925525689,1328.7226636400655
25.849998,85.75,51.0,0.03088166041941141,667.0246897076076
25.849998,85.85,48.0,0.04625235542649417,1177.109782136156
25.849998,85.95,47.0,0.03535644017492392,1085.6875690091156
25.849998,86.049995,45.0,0.07910041205653619,1705.2529756620997
25.849998,86.15,47.0,0.03443259925525689,1907.9936158502023
25.849998,86.25,46.0,0.03468926986653232,3017.189681745494
25.849998,86.35,44.0,0.017216301182069335,232.0390427417516
25.849998,86.45,44.0,0.04941835070790592,806.9133607631267
25.849998,86.549995,44.0,0.06411790819890432,1976.66887626177
25.849998,86.65,44.0,0.0805127903162409,1638.5227514633982
25.849998,86.75,46.0,0.023126181480860913,1208.6267889289425
25.849998,86.85,45.0,0.024709179949419093,806.9133607674653
25.849998,86.95,47.0,0.039550224873487264,933.7226573487877
25.849998,87.049995,46.0,0.0437276869374781,1635.094117344469
25.849998,87.15,46.0,0.039550224873487264,361.14734838736206
25.849998,87.25,43.0,0.05472416893454193,541.1396743588657
25.849998,87.35,45.0,0.0437276869374781,2549.5935544727863
25.849998,87.45,42.0,0.0437276869374781,2637.167722410007
25.849998,87.549995,42.0,0.13817560197820217,929.8913619967907
25.849998,87.65,41.0,0.03468926986653232,2172.3227959708033
25.849998,87.75,38.0,0.037736229923783886,311.4878514301488
25.849998,87.85,39.0,0.026953794969756417,930.9641764178571
25.849998,87.95,39.0,0.059896042954725004,810.2656819056824
25.849998,88.049995,42.0,0.09197221730905852,629.5735748023994
25.849998,88.15,42.0,0.048876873425849406,1754.2127895042445
25.849998,88.25,41.0,0.07910041205653619,1316.5316740191042
25.849998,88.35,43.0,0.05472416893454193,597.1319642498828
25.849998,88.45,46.0,0.023126181480860913,937.7781049237549
25.949999,83.049995,79.0,0.011563091211382357,665.547653427848
25.949999,83.15,80.0,0.023126181480860913,1955.6770985856663
25.949999,83.25,76.0,0.059896042954725004,1593.5753763688804
25.949999,83.35,75.0,0.037736229923783886,1249.6068500380557
25.949999,83.45,73.0,0.03468926986653232,1897.6836361330766
25.949999,83.549995,74.0,0.05164889111068427,1020.6564253878119
25.949999,83.65,73.0,0.0437276869374781,1906.9528645536168
25.949999,83.75,70.0,0.011563091211382357,2133.889082925103
25.949999,83.85,67.0,0.057815437218845404,1064.551755268584
25.949999,83.95,68.0,0.06455503584879584,3158.697396339263
25.949999,84.049995,64.0,0.023126181480860913,1084.5507682689197
25.949999,84.15,62.0,0.0539075780094069,1293.8904786431524
25.949999,84.25,55.0,0.10781506057815642,624.8807490617684
25.949999,84.35,61.0,0.10944823802520073,949.641257869706
25.949999,84.45,58.0,0.06411790819890432,340.6959499311679
25.949999,84.549995,60.0,0.0809415857331216,66.51974079288946
25.949999,84.65,57.0,0.023126181480860913,311.6152425828055
25.949999,84.75,57.0,0.08655767019494953,1867.2288688260523
25.949999,84.85,57.0,0.026953794969756417,1159.4599416442684
25.949999,84.95,57.0,0.0437276869374781,1620.4654568670337
25.949999,85.049995,56.0,0.04941835070790592,463.2012692545178
25.949999,85.15,58.0,0.12149907899545447,1041.49831958442
25.949999,85.25,57.0,0.13376333796965376,777.8609970111129
25.949999,85.35,56.0,0.09883662788847669,725.6183145705935
25.949999,85.45,53.0,0.07910041205653619,1240.6143444999238
25.949999,85.549995,52.0,0.06886517363947979,1677.6628564455568
25.949999,85.65,55.0,0.05771806889366317,1332.929456858438
25.949999,85.75,51.0,0.0437276869374781,310.1795451179413
25.949999,85.85,48.0,0.08876414296088622,208.29969250685497
25.949999,85.95,49.0,0.09883662788847669,1861.1720698143645
25.949999,86.049995,49.0,0.03468926986653232,399.90269863572246
25.949999,86.15,46.0,0.03468926986653232,507.88330438978954
25.949999,86.25,47.0,0.10902632305980736,1198.3548073856505
25.949999,86.35,46.0,0.011563091211382357,1736.792588534097
25.949999,86.45,45.0,0.03468926986653232,777.9756826268783
25.949999,86.549995,46.0,0.10406770787419768,1352.705624088515
25.949999,86.65,46.0,0.04632248502203958,657.9541346769751
25.949999,86.75,46.0,0.11427752566819796,1139.8738044770296
25.949999,86.85,48.0,0.011563091211382357,971.1170545327509
25.949999,86.95,50.0,0.03535644017492392,649.2534246925443
25.949999,87.049995,52.0,0.0539075780094069,1140.3306128935953
25.949999,87.15,49.0,0.023126181480860913,278.8811078251373
25.949999,87.25,48.0,0.03088166041941141,625.3720753044878
25.949999,87.35,44.0,0.011563091211382357,1381.9535037225928
25.949999,87.45,44.0,0.048876873425849406,770.0449991513623
25.949999,87.549995,45.0,0.026953794969756417,629.2392435570681
25.949999,87.65,44.0,0.03443259925525689,1486.2361496183485
25.949999,87.75,41.0,0.037736229923783886,2032.01006012761
25.949999,87.85,41.0,0.011563091211382357,623.1453227855114
25.949999,87.95,41.0,0.0437276869374781,311.45233829885404
25.949999,88.049995,46.0,0.03468926986653232,832.2022829391098
25.949999,88.15,47.0,0.04625235542649417,787.9447722291272
25.949999,88.25,50.0,0.05164889111068427,1555.8673636589072
25.949999,88.35,51.0,0.026953794969756417,565.7739752113445
25.949999,88.45,49.0,0.0437276869374781,533.4971352004587
26.05,83.049995,81.0,0.05771806889366317,1458.063481498259
26.05,83.15,80.0,0.11495333408764312,2176.0174642061115
26.05,83.25,78.0,0.05771806889366317,3057.607713195431
26.05,83.35,75.0,0.048876873425849406,622.8355459392137
26.05,83.45,77.0,0.04625235542649417,2829.1151284075027
26.05,83.549995,71.0,0.03443259925525689,586.8810090503699
26.05,83.65,72.0,0.024709179949419093,1117.581664062092
26.05,83.75,73.0,0.017216301182069335,1015.8150460064128
26.05,83.85,70.0,0.07547242710898447,2081.2242116591724
26.05,83.95,67.0,0.0539075780094069,1728.26879578329
26.05,84.049995,67.0,0.07910041205653619,1970.816265827059
26.05,84.15,63.0,0.21189273040490456,164.6130656019988
26.05,84.25,63.0,0.05472416893454193,1304.0358002218231
26.05,84.35,60.0,0.017216301182069335,2539.590658414334
26.05,84.45,62.0,0.0464437501503344,2849.142401059584
26.05,84.549995,61.0,0.03535644017492392,622.5018301685527
26.05,84.65,61.0,0.037736229923783886,1685.8633357414205
26.05,84.75,61.0,0.015440831331121604,3234.2816082798768
26.05,84.85,58.0,0.024709179949419093,1160.1955046968287
26.05,84.95,59.0,0.05164889111068427,464.59147738239426
26.05,85.049995,57.0,0.07156135821453533,1055.452953892229
26.05,85.15,58.0,0.09446026256243409,1315.8582007371194
26.05,85.25,56.0,0.08173425205514127,348.10377142822665
26.05,85.35,54.0,0.03088166041941141,889.2402735557308
26.05,85.45,56.0,0.011563091211382357,3729.8033655128825
26.05,85.549995,56.0,0.07785703888953767,311.0829368722826
26.05,85.65,52.0,0.011563091211382357,335.93670815285105
26.05,85.75,51.0,0.04625235542649417,920.7449142432504
26.05,85.85,49.0,0.05472416893454193,930.5847006237095
26.05,85.95,54.0,0.048876873425849406,1389.9365831042883
26.05,86.049995,50.0,0.04941835070790592,346.286476478321
26.05,86.15,50.0,0.07071285342272222,1523.745304292915
26.05,86.25,48.0,0.026953794969756417,1042.2741621134576
26.05,86.35,49.0,0.08745532293556617,2097.5905839360285
26.05,86.45,50.0,0.026953794969756417,967.777619503286
26.05,86.549995,49.0,0.06455503584879584,212.37460532190929
26.05,86.65,51.0,0.023126181480860913,1718.5120552190028
26.05,86.75,52.0,0.0464437501503344,1777.4348615123133
26.05,86.85,52.0,0.04632248502203958,778.7794517057865
26.05,86.95,54.0,0.024709179949419093,1528.7791869859038
26.05,87.049995,55.0,0.0,1900.0861771548193
26.05,87.15,53.0,0.03468926986653232,1507.606529566188
26.05,87.25,52.0,0.06411790819890432,624.8364314275921
26.05,87.35,48.0,0.06937851430168686,1044.4529240056324
26.05,87.45,49.0,0.024709179949419093,1853.2487774561162
26.05,87.549995,48.0,0.026953794969756417,1674.2810548474768
26.05,87.65,45.0,0.03535644017492392,1674.8715567495715
26.05,87.75,45.0,0.037736229923783886,250.2691376905769
26.05,87.85,44.0,0.03535644017492392,934.2570265508509
26.05,87.95,48.0,0.026953794969756417,311.4140647962511
26.05,88.049995,50.0,0.08655767019494953,311.0804738602548
26.05,88.15,51.0,0.023126181480860913,622.8355459434608
26.05,88.25,54.0,0.03535644017492392,624.3672640611045
26.05,88.35,57.0,0.048876873425849406,725.4609284391435
26.05,88.45,54.0,0.06937851430168686,1251.36414310361
26.15,83.049995,82.0,0.024709179949419093,2325.9215874536535
26.15,83.15,78.0,0.011563091211382357,460.549386675875
26.15,83.25,77.0,0.05164889111068427,1263.477083950028
26.15,83.35,77.0,0.03088166041941141,2062.153015026792
26.15,83.45,76.0,0.10920481849340967,1772.2599274454024
26.15,83.549995,75.0,0.026953794969756417,2130.8854918211196
26.15,83.65,75.0,0.039550224873487264,3113.0884907126288
26.15,83.75,66.0,0.059896042954725004,543.9160567142861
26.15,83.85,67.0,0.0437276869374781,231.65609713170616
26.15,83.95,67.0,0.12719379610696202,1640.0401646859175
26.15,84.049995,68.0,0.015440831331121604,1507.87219837931
26.15,84.15,65.0,0.037736229923783886,923.1954319259738
26.15,84.25,64.0,0.04941835070790592,1015.681468866193
26.15,84.35,64.0,0.011563091211382357,1857.5156888575325
26.15,84.45,63.0,0.03535644017492392,1322.5474625670145
26.15,84.549995,62.0,0.03088166041941141,1158.2805933422726
26.15,84.65,64.0,0.0464437501503344,1548.3138461063677
26.15,84.75,61.0,0.023126181480860913,2361.6184201678666
26.15,84.85,60.0,0.057815437218845404,1904.1677780629157
26.15,84.95,61.0,0.059896042954725004,3047.08087356978
26.15,85.049995,60.0,0.06886517363947979,664.9943417391612
26.15,85.15,55.0,0.039550224873487264,926.6243886594477
26.15,85.25,57.0,0.04625235542649417,2633.400935746409
26.15,85.35,59.0,0.037736229923783886,1613.0406653246587
26.15,85.45,57.0,0.10944823802520073,628.4877351764418
26.15,85.549995,56.0,0.039550224873487264,1289.5899169000438
26.15,85.65,54.0,0.024709179949419093,1621.5926801857745
26.15,85.75,53.0,0.10606921281639234,622.5879470353376
26.15,85.85,52.0,0.07156135821453533,312.33517526686353
26.15,85.95,53.0,0.0539075780094069,725.4099149393584
26.15,86.049995,51.0,0.03535644017492392,362.9674879416089
26.15,86.15,54.0,0.04625235542649417,1138.2970391410572
26.15,86.25,52.0,0.11979195499783626,1252.4666014340535
26.15,86.35,50.0,0.039550224873487264,1367.4515826599848
26.15,86.45,52.0,0.037736229923783886,1895.1270462969858
26.15,86.549995,52.0,0.03468926986653232,658.0360655212181
26.15,86.65,54.0,0.039550224873487264,1065.2082482112296
26.15,86.75,56.0,0.057815437218845404,2330.195438862014
26.15,86.85,57.0,0.015440831331121604,6.270232664534922e-08
26.15,86.95,59.0,0.0464437501503344,1703.4567052277202
26.15,87.049995,59.0,0.057815437218845404,951.660912043858
26.15,87.15,58.0,0.011563091211382357,1117.0626467470913
26.15,87.25,56.0,0.08173425205514127,612.9058361861995
26.15,87.35,55.0,0.024709179949419093,329.56553307020533
26.15,87.45,52.0,0.09883662788847669,1246.353571150122
26.15,87.549995,52.0,0.0464437501503344,664.9943417439224
26.15,87.65,49.0,0.011563091211382357,211.70861798799862
26.15,87.75,50.0,0.03468926986653232,809.9098266921916
26.15,87.85,50.0,0.0464437501503344,2205.029420677736
26.15,87.95,53.0,0.0829950638647367,1071.5036156431788
26.15,88.049995,55.0,0.03468926986653232,1853.2488446604812
26.15,88.15,59.0,0.10363442315413164,1392.743088292332
26.15,88.25,57.0,0.10944823802520073,507.8392146296609
26.15,88.35,60.0,0.06411790819890432,415.8890938222327
26.15,88.45,62.0,0.07071285342272222,417.5746125229591
26.25,83.049995,82.0,0.07057500232630595,1330.3563548072866
26.25,83.15,78.0,0.024709179949419093,234.38266649365983
26.25,83.25,76.0,0.0464437501503344,1988.6669659143963
26.25,83.35,75.0,0.011563091211382357,236.080463839195
26.25,83.45,70.0,0.07156135821453533,326.2428997565426
26.25,83.549995,71.0,0.18867589670635454,825.1385730783741
26.25,83.65,69.0,0.10781506057815642,1073.257754412609
26.25,83.75,68.0,0.015440831331121604,1064.3370561957659
26.25,83.85,71.0,0.017216301182069335,2231.8444023726765
26.25,83.95,68.0,0.017216301182069335,1083.3334669681103
26.25,84.049995,68.0,0.03535644017492392,804.4568712561636
26.25,84.15,69.0,0.07156135821453533,1885.3553079599253
26.25,84.25,67.0,0.015440831331121604,862.7397019627372
26.25,84.35,65.0,0.06937851430168686,1982.0486808032335
26.25,84.45,65.0,0.0437276869374781,725.3587601047526
26.25,84.549995,68.0,0.04625235542649417,1157.9646212661528
26.25,84.65,64.0,0.06017710420040761,1936.4163987207264
26.25,84.75,64.0,0.024709179949419093,2343.58924330994
26.25,84.85,60.0,0.023126181480860913,664.9601913116484
26.25,84.95,62.0,0.07547242710898447,1455.196123109985
26.25,85.049995,59.0,0.06908790144130637,1329.4215722089698
26.25,85.15,60.0,0.07547242710898447,776.6239750334043
26.25,85.25,58.0,0.0809415857331216,2475.0007564207913
26.25,85.35,62.0,0.037736229923783886,1899.2689917948626
26.25,85.45,58.0,0.023126181480860913,2506.7435664118343
26.25,85.549995,57.0,0.011563091211382357,1029.1116318878785
26.25,85.65,55.0,0.017216301182069335,463.31219430337603
26.25,85.75,54.0,0.039550224873487264,1158.280485836069
26.25,85.85,55.0,0.0437276869374781,2814.3009749118423
26.25,85.95,54.0,0.09288743926748855,2185.6382287450383
26.25,86.049995,54.0,0.06455503584879584,694.9684704704573
26.25,86.15,54.0,0.10363442315413164,655.6473908129419
26.25,86.25,56.0,0.023126181480860913,537.288730365605
26.25,86.35,54.0,0.023126181480860913,1802.2711675211262
26.25,86.45,54.0,0.015440831331121604,2010.5326101024332
26.25,86.549995,56.0,0.011563091211382357,720.745048699851
26.25,86.65,57.0,0.023126181480860913,311.1759955610422
26.25,86.75,60.0,0.06017710420040761,2512.682328773793
26.25,86.85,60.0,0.03535644017492392,1588.429408526929
26.25,86.95,62.0,0.048876873425849406,687.6255131334855
26.25,87.049995,63.0,0.017216301182069335,644.7929123668426
26.25,87.15,63.0,0.037736229923783886,395.89456264963366
26.25,87.25,60.0,0.07057500232630595,1043.256233640073
26.25,87.35,60.0,0.024709179949419093,2632.781301844475
26.25,87.45,58.0,0.023126181480860913,1547.1935943998183
26.25,87.549995,55.0,0.04632248502203958,1158.5853823608977
26.25,87.65,56.0,0.03535644017492392,1315.4559335667534
26.25,87.75,55.0,0.0808613371888772,679.8172005973491
26.25,87.85,55.0,0.07001489753420333,1891.6505867046765
26.25,87.95,57.0,0.059896042954725004,621.7334741738072
26.25,88.049995,57.0,0.023126181480860913,445.37501143206964
26.25,88.15,64.0,0.039550224873487264,1038.8301945065418
26.25,88.25,63.0,0.06937851430168686,311.1784831245945
26.25,88.35,68.0,0.06455503584879584,603.8921828284708
26.25,88.45,69.0,0.037736229923783886,904.3432001500513
26.349998,83.049995,84.0,0.09883662788847669,1100.4185289218135
26.349998,83.15,78.0,0.017216301182069335,1622.4307390847684
26.349998,83.25,76.0,0.026953794969756417,1615.476426620968
26.349998,83.35,71.0,0.12427200774836535,424.69652588136955
26.349998,83.45,73.0,0.07412750308454868,1250.6202210519807
26.349998,83.549995,72.0,0.03535644017492392,619.8968373434587
26.349998,83.65,76.0,0.06411790819890432,2354.895898736029
26.349998,83.75,72.0,0.023126181480860913,1700.7533010350132
26.349998,83.85,73.0,0.04625235542649417,1821.6491603916138
26.349998,83.95,72.0,0.06074960779198572,2207.683750298724
26.349998,84.049995,71.0,0.08745532293556617,1657.3830429904883
26.349998,84.15,71.0,0.06886517363947979,2323.0604068570283
26.349998,84.25,69.0,0.011563091211382357,10.509239106014727
26.349998,84.35,68.0,0.026953794969756417,257.85341255427045
26.349998,84.45,70.0,0.0809415857331216,1559.771005584523
26.349998,84.549995,68.0,0.059896042954725004,932.5791516522908
26.349998,84.65,64.0,0.09288743926748855,2325.6234661735666
26.349998,84.75,65.0,0.12427200774836535,735.5585763964574
26.349998,84.85,64.0,0.09197221730905852,415.17385938450315
26.349998,84.95,65.0,0.015440831331121604,1759.6179128699432
26.349998,85.049995,62.0,0.023126181480860913,1158.8745313332163
26.349998,85.15,63.0,0.03535644017492392,1922.7380001252104
26.349998,85.25,61.0,0.03088166041941141,929.073439011933
26.349998,85.35,62.0,0.011563091211382357,969.0183614583791
26.349998,85.45,60.0,0.03468926986653232,950.9556301305171
26.349998,85.549995,60.0,0.0464437501503344,103.52019168224119
26.349998,85.65,57.0,0.0809415857331216,1391.2606841447669
26.349998,85.75,55.0,0.011563091211382357,17.955916972111385
26.349998,85.85,55.0,0.03468926986653232,1063.5112856443131
26.349998,85.95,58.0,0.06411790819890432,1343.957219404851
26.349998,86.049995,56.0,0.017216301182069335,475.100391224005
26.349998,86.15,59.0,0.10329769828174246,2310.161108082274
26.349998,86.25,60.0,0.024709179949419093,1858.349394615864
26.349998,86.35,57.0,0.05472416893454193,933.6712917729361
26.349998,86.45,61.0,0.09288743926748855,1480.1509393088295
26.349998,86.549995,62.0,0.0464437501503344,689.6352697162573
26.349998,86.65,62.0,0.026953794969756417,776.3254661474692
26.349998,86.75,64.0,0.023126181480860913,523.6232286533948
26.349998,86.85,66.0,0.0437276869374781,573.1942297293031
26.349998,86.95,69.0,0.05771806889366317,2254.4523793989706
26.349998,87.049995,68.0,0.026953794969756417,1539.0608666219457
26.349998,87.15,66.0,0.011563091211382357,732.843237108162
26.349998,87.25,65.0,0.023126181480860913,1610.4065531173715
26.349998,87.35,61.0,0.05472416893454193,1264.8960369403246
26.349998,87.45,62.0,0.024709179949419093,311.2220712170363
26.349998,87.549995,63.0,0.07412750308454868,1916.1614993679334
26.349998,87.65,64.0,0.059896042954725004,1058.7210677324067
26.349998,87.75,62.0,0.06455503584879584,618.672151498785
26.349998,87.85,64.0,0.07071285342272222,2088.5081855932153
26.349998,87.95,66.0,0.07071285342272222,984.905950388677
26.349998,88.049995,63.0,0.057815437218845404,475.1003912339628
26.349998,88.15,66.0,0.03468926986653232,1244.3763143305766
26.349998,88.25,71.0,0.037736229923783886,1618.9061647128904
26.349998,88.35,74.0,0.06937851430168686,1238.7557128237343
26.349998,88.45,78.0,0.011563091211382357,1063.511285730914
26.449999,83.049995,78.0,0.10345470283292728,721.6891098091
26.449999,83.15,79.0,0.10363442315413164,965.0779224421638
26.449999,83.25,79.0,0.037736229923783886,463.20099947284143
26.449999,83.35,77.0,0.09520857720270634,247.79581696959747
26.449999,83.45,75.0,0.13859296947945232,1082.3038351032294
26.449999,83.549995,72.0,0.04625235542649417,2488.387732065146
26.449999,83.65,75.0,0.05771806889366317,1523.992470258564
26.449999,83.75,78.0,0.04625235542649417,1675.3497111430634
26.449999,83.85,76.0,0.0809415857331216,2966.943358583843
26.449999,83.95,74.0,0.023126181480860913,1821.5706802389293
26.449999,84.049995,72.0,0.017216301182069335,619.9333063090621
26.449999,84.15,76.0,0.09500378869004127,1578.420070914392
26.449999,84.25,71.0,0.06937851430168686,1237.3207898656676
26.449999,84.35,70.0,0.039550224873487264,305.10826415711347
26.449999,84.45,71.0,0.023126181480860913,2295.291741922776
26.449999,84.549995,70.0,0.048876873425849406,965.8252481727086
26.449999,84.65,67.0,0.023126181480860913,602.5238255978643
26.449999,84.75,64.0,0.048876873425849406,1451.8498845992842
26.449999,84.85,67.0,0.09775367571489478,1121.089220666005
26.449999,84.95,64.0,0.07071285342272222,840.181383087409
26.449999,85.049995,64.0,0.026953794969756417,586.2391860303261
26.449999,85.15,62.0,0.0464437501503344,663.91225905846
26.449999,85.25,65.0,0.011563091211382357,1890.543328240758
26.449999,85.35,66.0,0.03443259925525689,310.8561335639102
26.449999,85.45,63.0,0.023126181480860913,963.3982785331264
26.449999,85.549995,61.0,0.023126181480860913,1462.1739347839446
26.449999,85.65,62.0,0.026953794969756417,1643.5145479016367
26.449999,85.75,58.0,0.03468926986653232,663.9122591308702
26.449999,85.85,57.0,0.06074960779198572,1005.9412246947023
26.449999,85.95,62.0,0.011563091211382357,1867.9434396701722
26.449999,86.049995,61.0,0.07785703888953767,1074.426686113885
26.449999,86.15,64.0,0.026953794969756417,1335.1225426224375
26.449999,86.25,65.0,0.048876873425849406,301.66719059211744
26.449999,86.35,69.0,0.09748105784586181,695.0794864099107
26.449999,86.45,69.0,0.10902632305980736,627.6256534100413
26.449999,86.549995,68.0,0.08876414296088622,1174.0314088813316
26.449999,86.65,68.0,0.06411790819890432,1549.1967243161105
26.449999,86.75,68.0,0.0809415857331216,621.3162338270226
26.449999,86.85,74.0,0.011563091211382357,775.8264449903457
26.449999,86.95,73.0,0.015440831331121604,1623.158177005821
26.449999,87.049995,74.0,0.07071285342272222,712.2866470134381
26.449999,87.15,71.0,0.059896042954725004,1230.220521437798
26.449999,87.25,71.0,0.07071285342272222,311.0193167205159
26.449999,87.35,69.0,0.06411790819890432,932.8847320513304
26.449999,87.45,69.0,0.09197221730905852,1181.1214753298118
26.449999,87.549995,73.0,0.14142549142917782,1015.343911622715
26.449999,87.65,76.0,0.06411790819890432,444.5957707879929
26.449999,87.75,75.0,0.09423098878344721,433.5456322271596
26.449999,87.85,75.0,0.07412750308454868,695.566980939394
26.449999,87.95,77.0,0.21698473926975367,621.0888624583798
26.449999,88.049995,73.0,0.21889567730589443,1039.4152936843223
26.449999,88.15,72.0,0.06411790819890432,638.0177046983346
26.449999,88.25,78.0,0.08876414296088622,712.7990472757765
26.449999,88.35,84.0,0.1203540756376408,628.4354382110529
26.449999,88.45,84.0,0.037736229923783886,1293.3999924693933
26.55,83.049995,80.0,0.06411790819890432,3404.5655311742353
26.55,83.15,81.0,0.06017710420040761,128.74457028401474
26.55,83.25,81.0,0.04625235542649417,836.0607052515052
26.55,83.35,82.0,0.024709179949419093,3045.209771821989
26.55,83.45,77.0,0.07785703888953767,329.4181422631698
26.55,83.549995,75.0,0.08453446575177978,267.57022041156523
26.55,83.65,77.0,0.048876873425849406,207.22672005525578
26.55,83.75,79.0,0.0539075780094069,711.8020957645037
26.55,83.85,76.0,0.039550224873487264,1572.9091272702433
26.55,83.95,77.0,0.017216301182069335,550.1748833038392
26.55,84.049995,76.0,0.06455503584879584,411.6352453401677
26.55,84.15,78.0,0.06937851430168686,1424.3025925009356
26.55,84.25,75.0,0.06074960779198572,2784.1090616752886
26.55,84.35,72.0,0.039550224873487264,678.1832769824799
26.55,84.45,70.0,0.0539075780094069,828.9068798741104
26.55,84.549995,70.0,0.04625235542649417,828.4095358316881
26.55,84.65,69.0,0.039550224873487264,650.6227223641445
26.55,84.75,69.0,0.03468926986653232,946.2532938088273
26.55,84.85,66.0,0.06074960779198572,621.6297944637845
26.55,84.95,67.0,0.017216301182069335,209.68086114911887
26.55,85.049995,64.0,0.015440831331121604,310.48479144076015
26.55,85.15,65.0,0.04941835070790592,1046.4297105450132
26.55,85.25,68.0,0.03468926986653232,954.6521262387918
26.55,85.35,68.0,0.0,1260.8647032660106
26.55,85.45,65.0,0.05771806889366317,507.5457253590151
26.55,85.549995,66.0,0.04941835070790592,861.1407640108238
26.55,85.65,62.0,0.026953794969756417,702.440325161766
26.55,85.75,60.0,0.015440831331121604,1903.2175421182058
26.55,85.85,62.0,0.011563091211382357,438.1892287287098
26.55,85.95,64.0,0.08745532293556617,1522.6463974676894
26.55,86.049995,68.0,0.03535644017492392,1134.565826583724
26.55,86.15,73.0,0.024709179949419093,1085.038809180926
26.55,86.25,72.0,0.0809415857331216,306.400804658163
26.55,86.35,78.0,0.04625235542649417,695.3433814518377
26.55,86.45,84.0,0.06411790819890432,2792.538588796013
26.55,86.549995,82.0,0.07071285342272222,713.0094182375059
26.55,86.65,89.0,0.13376333796965376,217.00801791976374
26.55,86.75,89.0,0.1170644668174413,1036.133599748229
26.55,86.85,82.0,0.20146693383880404,843.5258983915759
26.55,86.95,82.0,0.015440831331121604,1061.723546272793
26.55,87.049995,81.0,0.039550224873487264,236.7297134656191
26.55,87.15,80.0,0.08173425205514127,2396.93874797173
26.55,87.25,86.0,0.11343771618251286,767.029525190327
26.55,87.35,91.0,0.1338894256355505,1005.4230438777321
26.55,87.45,89.0,0.15536476786424577,884.9275104700408
26.55,87.549995,89.0,0.11612557014591604,392.13647902376545
26.55,87.65,94.0,0.1379828710788901,310.81615236923557
26.55,87.75,96.0,0.10073377828987132,753.1382030625202
26.55,87.85,91.0,0.09423098878344721,211.45920790357113
26.55,87.95,96.0,0.18577439027242248,949.615590921322
26.55,88.049995,93.0,0.12823565580663238,699.7058687505655
26.55,88.15,93.0,0.10073377828987132,142.83894715784066
26.55,88.25,95.0,0.26905477150068435,1267.3489235016505
26.55,88.35,92.0,0.10944823802520073,1247.6426869988084
26.55,88.45,97.0,0.03443259925525689,1864.796959822147
26.65,83.049995,83.0,0.059896042954725004,1035.7253283278635
26.65,83.15,82.0,0.03443259925525689,945.8081762279595
26.65,83.25,82.0,0.12678834096698222,1623.0604774892881
26.65,83.35,77.0,0.10781506057815642,2121.6251413177556
26.65,83.45,79.0,0.12440771541834972,650.5790726963052
26.65,83.549995,79.0,0.07057500232630595,970.4559375016858
26.65,83.65,82.0,0.039550224873487264,1902.9618236054123
26.65,83.75,81.0,0.0808613371888772,310.69547833993437
26.65,83.85,81.0,0.011563091211382357,1820.8135094009624
26.65,83.95,77.0,0.024709179949419093,1492.4492755283707
26.65,84.049995,77.0,0.07156135821453533,1809.3076782954201
26.65,84.15,82.0,0.07071285342272222,1450.315185439393
26.65,84.25,79.0,0.039550224873487264,1325.8806334911735
26.65,84.35,76.0,0.03468926986653232,621.3985097613875
26.65,84.45,75.0,0.039550224873487264,1856.0990329931105
26.65,84.549995,75.0,0.037736229923783886,714.0374219326126
26.65,84.65,74.0,0.10363442315413164,1405.274461831955
26.65,84.75,72.0,0.026953794969756417,36.76992584344625
26.65,84.85,70.0,0.03443259925525689,1060.8217897465838
26.65,84.95,70.0,0.039550224873487264,3039.3267933929847
26.65,85.049995,65.0,0.08745532293556617,310.3670761948906
26.65,85.15,70.0,0.06017710420040761,1242.261585626267
26.65,85.25,72.0,0.057815437218845404,1287.0777917123269
26.65,85.35,71.0,0.06908790144130637,414.09136754491317
26.65,85.45,68.0,0.0539075780094069,828.1827350150824
26.65,85.549995,69.0,0.048876873425849406,1453.527648484243
26.65,85.65,67.0,0.059896042954725004,1244.3888654069915
26.65,85.75,67.0,0.06411790819890432,928.1151724540285
26.65,85.85,68.0,0.05472416893454193,949.4755403540618
26.65,85.95,70.0,0.05472416893454193,1121.7579304796743
26.65,86.049995,75.0,0.09520857720270634,1243.138299091477
26.65,86.15,78.0,0.13817560197820217,1594.4587599353476
26.65,86.25,82.0,0.1495087991621946,207.0456838381334
26.65,86.35,90.0,0.10073377828987132,310.6979961479714
26.65,86.45,99.0,0.11495333408764312,310.69547834835987
26.65,86.549995,106.0,0.34264606746095577,414.58827718540664
26.65,86.65,151.0,1.7547352295405692,2314.2814207399765
26.65,86.75,225.0,4.206788326757323,2125.6359405938406
26.65,86.85,167.0,2.388567180826507,1459.6972670250175
26.65,86.95,88.0,0.048876873425849406,634.9724923540763
26.65,87.049995,90.0,0.03535644017492392,1405.3477678178408
26.65,87.15,95.0,0.11744821600438346,1291.0281806159812
26.65,87.25,106.0,0.14441820419529294,823.4083492539417
26.65,87.35,124.0,0.34550441987996244,621.3884387587696
26.65,87.45,142.0,0.5625268276712143,774.9087080590789
26.65,87.549995,137.0,0.594513004661465,353.2624373998537
26.65,87.65,121.0,0.2991776031015606,320.2177038524744
26.65,87.75,138.0,0.3526011004925335,507.46875767357085
26.65,87.85,140.0,1.3718360327648755,463.3121943978037
26.65,87.95,125.0,0.2529261753966567,622.9883945541874
26.65,88.049995,141.0,0.015440831331121604,651.2781828568922
26.65,88.15,136.0,0.3222179815894725,1484.961711830921
26.65,88.25,133.0,0.22799037750458007,91.00085937899284
26.65,88.35,112.0,0.14825475801503357,1134.193625089009
26.65,88.45,107.0,0.1264637037940525,684.7277149727491
26.75,83.049995,83.0,0.03468926986653232,944.9569000234997
26.75,83.15,76.0,0.04941835070790592,231.65609721941422
26.75,83.25,79.0,0.011563091211382357,312.9840239208764
26.75,83.35,79.0,0.2407070891804307,1284.8599615297069
26.75,83.45,88.0,0.4212322948865128,1241.1841008896527
26.75,83.549995,82.0,0.026953794969756417,415.0982968174919
26.75,83.65,85.0,0.07547242710898447,622.7758826222449
26.75,83.75,84.0,0.06017710420040761,1481.3152767717388
26.75,83.85,83.0,0.011563091211382357,1378.9928422795304
26.75,83.95,81.0,0.039550224873487264,649.6892549301318
26.75,84.049995,80.0,0.03088166041941141,1853.2488439648082
26.75,84.15,81.0,0.06937851430168686,1242.3230218576325
26.75,84.25,78.0,0.0437276869374781,1537.0184481518236
26.75,84.35,79.0,0.04941835070790592,1621.6358312357015
26.75,84.45,78.0,0.059896042954725004,625.1157131241016
26.75,84.549995,76.0,0.0,1184.209493063924
26.75,84.65,75.0,0.024709179949419093,670.448757291538
26.75,84.75,72.0,0.03443259925525689,1014.7862306403578
26.75,84.85,69.0,0.04625235542649417,1314.5278557992615
26.75,84.95,67.0,0.057815437218845404,109.80493582109891
26.75,85.049995,69.0,0.05472416893454193,661.9486570291539
26.75,85.15,74.0,0.04625235542649417,309.7865922177229
26.75,85.25,77.0,0.03443259925525689,931.7157518465503
26.75,85.35,76.0,0.03443259925525689,1877.8871828182175
26.75,85.45,74.0,0.05771806889366317,694.9682915758395
26.75,85.549995,73.0,0.04941835070790592,648.0586291685918
26.75,85.65,75.0,0.07156135821453533,1671.0622105292077
26.75,85.75,79.0,0.08535966736577931,2161.031141400051
26.75,85.85,80.0,0.06411790819890432,705.8170000593157
26.75,85.95,85.0,0.10363442315413164,825.1105212247708
26.75,86.049995,84.0,0.11612557014591604,636.930854160971
26.75,86.15,87.0,0.06017710420040761,1059.9353641710202
26.75,86.25,106.0,0.2579201040145917,1246.0899395109689
26.75,86.35,121.0,0.3041540747512205,798.8658293646257
26.75,86.45,140.0,0.32265536887429047,1820.878562312719
26.75,86.549995,135.0,0.39466312031353995,662.8895624177894
26.75,86.65,304.0,0.8538927775769865,1621.5926802780803
26.75,86.75,170.0,1.2178527083479573,2613.666162276117
26.75,86.85,151.0,1.116061704814576,926.6243886587404
26.75,86.95,129.0,1.4158902747048705,413.7280338062723
26.75,87.049995,98.0,0.5423173358446051,750.9421030266744
26.75,87.15,108.0,0.14316941306328804,1059.935364175951
26.75,87.25,192.0,1.261698711458204,463.31219439992566
26.75,87.35,227.0,1.448730804367049,827.104598145008
26.75,87.45,377.0,7.2047063052098075,310.5744428238763
26.75,87.549995,328.0,3.1157478749833305,209.90491190386967
26.75,87.65,195.0,1.1363506468643243,310.5744427641372
26.75,87.75,283.0,1.3096677075882341,474.16484055546675
26.75,87.85,232.0,1.4854687737626975,952.5843216755783
26.75,87.95,271.0,1.7008757865284136,827.4560674650947
26.75,88.049995,292.0,4.010800371579346,466.6071042824932
26.75,88.15,260.0,1.2978357942156875,310.57444283229023
26.75,88.25,198.0,0.5582466097492612,926.6243887517534
26.75,88.35,149.0,0.34264606746095577,771.8039444956175
26.75,88.45,133.0,0.16774406627522787,774.4719485572783
26.849998,83.049995,81.0,0.06074960779198572,774.2982143059254
26.849998,83.15,80.0,0.015440831331121604,413.3635031644374
26.849998,83.25,78.0,0.0464437501503344,960.8041615375242
26.849998,83.35,80.0,0.19041662861754857,695.1906813323974
26.849998,83.45,85.0,0.0464437501503344,1014.8407289242057
26.849998,83.549995,85.0,0.026953794969756417,725.4035678872227
26.849998,83.65,86.0,0.011563091211382357,473.7447015785167
26.849998,83.75,85.0,0.011563091211382357,2078.19494218332
26.849998,83.85,84.0,0.07156135821453533,1701.205425378323
26.849998,83.95,83.0,0.017216301182069335,444.40570025571606
26.849998,84.049995,82.0,0.011563091211382357,456.97121243838734
26.849998,84.15,83.0,0.026953794969756417,925.115032077454
26.849998,84.25,80.0,0.03468926986653232,1446.7837561581607
26.849998,84.35,80.0,0.024709179949419093,1870.0002753804652
26.849998,84.45,81.0,0.07156135821453533,1736.286434464607
26.849998,84.549995,76.0,0.0539075780094069,1716.8980644086332
26.849998,84.65,74.0,0.0437276869374781,3110.237332512337
26.849998,84.75,73.0,0.07071285342272222,947.6047026570152
26.849998,84.85,73.0,0.023126181480860913,516.462836418767
26.849998,84.95,75.0,0.059896042954725004,554.2335590048606
26.849998,85.049995,75.0,0.05771806889366317,1510.9889752756994
26.849998,85.15,81.0,0.11563075670006089,1881.659787766486
26.849998,85.25,80.0,0.03535644017492392,1248.369702779268
26.849998,85.35,78.0,0.011563091211382357,774.1486699371656
26.849998,85.45,80.0,0.059896042954725004,473.74470157631407
26.849998,85.549995,84.0,0.06908790144130637,2295.496899343158
26.849998,85.65,87.0,0.10606921281639234,641.932283765641
26.849998,85.75,95.0,0.10944823802520073,310.6190278357654
26.849998,85.85,97.0,0.1641721074291863,661.9792764266081
26.849998,85.95,111.0,0.21698473926975367,1049.6367560762346
26.849998,86.049995,114.0,0.2515582255016126,1617.3060524971238
26.849998,86.15,100.0,0.13054477592954836,661.8343025815315
26.849998,86.25,141.0,1.7009569751896847,707.4773055765756
26.849998,86.35,176.0,1.5751051959218336,1597.3886626628334
26.849998,86.45,275.0,1.1263818571347217,898.9271157527487
26.849998,86.549995,284.0,1.4228696947270019,533.5072932435529
26.849998,86.65,269.0,8.280097328693783,620.0452047716607
26.849998,86.75,574.0,1.2996307687353104,1421.4713531931582
26.849998,86.85,291.0,6.313746531387822,1387.8878332137176
26.849998,86.95,262.0,5.424762632659116,507.5234694840171
26.849998,87.049995,563.0,7.1819869147591175,1292.406405357953
26.849998,87.15,226.0,9.447794647199203,633.8758442595212
26.849998,87.25,722.0,13.031999903400946,1387.8878331441692
26.849998,87.35,1593.0,7.316904938232522,1864.5188163352425
26.849998,87.45,1340.0,10.925985737689599,413.3635030811364
26.849998,87.549995,1628.0,9.56368486192834,1673.5356733575727
26.849998,87.65,1339.0,12.85409028297952,1323.869978248842
26.849998,87.75,917.0,12.44062204321209,1158.502875684225
26.849998,87.85,900.0,13.688608004498453,1862.846244148165
26.849998,87.95,1221.0,11.26947044072377,1697.00070324614
26.849998,88.049995,722.0,3.3082277275252148,369.8270347662178
26.849998,88.15,702.0,9.80771364759554,507.5234694829891
26.849998,88.25,866.0,13.68890393888211,808.7953903175033
26.849998,88.35,598.0,6.524143883959564,1115.1110472557168
26.849998,88.45,175.0,0.08535966736577931,808.42478879963
26.949999,83.049995,82.0,0.15240670860717384,1621.4815611022614
26.949999,83.15,78.0,0.039550224873487264,947.0208139783624
26.949999,83.25,81.0,0.048876873425849406,1999.9727589133324
26.949999,83.35,80.0,0.11837662254295868,1491.4481327700685
26.949999,83.45,83.0,0.0809415857331216,492.20098508919585
26.949999,83.549995,86.0,0.011563091211382357,1575.8300861093119
26.949999,83.65,88.0,0.026953794969756417,1859.4159041228304
26.949999,83.75,88.0,0.039550224873487264,881.4376013764889
26.949999,83.85,89.0,0.03088166041941141,2453.2550173561845
26.949999,83.95,88.0,0.026953794969756417,1032.7709285175085
26.949999,84.049995,87.0,0.03468926986653232,1241.5974406644036
26.949999,84.15,86.0,0.0539075780094069,1420.6172665118231
26.949999,84.25,83.0,0.05164889111068427,513.1183467545154
26.949999,84.35,84.0,0.037736229923783886,1238.9927691051578
26.949999,84.45,78.0,0.024709179949419093,724.8934414736981
26.949999,84.549995,78.0,0.11563075670006089,795.6426669417568
26.949999,84.65,75.0,0.0437276869374781,1456.8015502722285
26.949999,84.75,79.0,0.06017710420040761,1040.4652857532453
26.949999,84.85,81.0,0.039550224873487264,620.8296282440325
26.949999,84.95,84.0,0.14142549142917782,1286.3882979234193
26.949999,85.049995,87.0,0.037736229923783886,1517.4470966529107
26.949999,85.15,92.0,0.12823565580663238,1588.9328790412733
26.949999,85.25,90.0,0.08876414296088622,1422.7003354786973
26.949999,85.35,89.0,0.10920481849340967,1241.2675686522875
26.949999,85.45,90.0,0.024709179949419093,661.42629995025
26.949999,85.549995,99.0,0.11563075670006089,823.356012102709
26.949999,85.65,112.0,0.17678166233469125,661.4263000281998
26.949999,85.75,133.0,0.45502315510758523,928.636765353589
26.949999,85.85,153.0,0.5188786255922698,265.5122109033525
26.949999,85.95,193.0,0.8008953622934971,1857.9567386293638
26.949999,86.049995,220.0,1.5089107370634671,482.6896452990451
26.949999,86.15,171.0,1.693777387801725,320.4274062820373
26.949999,86.25,278.0,2.2779909135196874,1014.5901810800442
26.949999,86.35,232.0,2.0806229828734932,652.11044058594
26.949999,86.45,345.0,3.871051405155381,0.11119487580330632
26.949999,86.549995,841.0,6.764723718009774,1114.2786911987657
26.949999,86.65,1397.0,12.76028122820675,1858.7930760084917
26.949999,86.75,678.0,20.601440096555844,1517.9190561793484
26.949999,86.85,1553.0,6.509160458374402,857.8424597244172
26.949999,86.95,1370.0,17.86405406089544,1729.9967840097913
26.949999,87.049995,650.0,5.022045843678097,652.0512570398462
26.949999,87.15,220.0,3.702819151007306,310.41430585941373
26.949999,87.25,975.0,15.52400614885248,2076.695449807362
26.949999,87.35,800.0,17.68058696678914,1551.6115598688093
26.949999,87.45,599.0,8.55969825027495,341.26224405493775
26.949999,87.549995,662.0,8.197058809612319,399.87561958152537
26.949999,87.65,1930.0,3.6731429152569204,1954.1397557509413
26.949999,87.75,945.0,8.904281919903225,246.83870245201814
26.949999,87.85,1735.0,9.694287590924127,2040.7909838813268
26.949999,87.95,993.0,14.170278496253705,724.8934414984859
26.949999,88.049995,1445.0,11.279125059942169,310.5809263890622
26.949999,88.15,1292.0,4.835039446066406,349.3057008209144
26.949999,88.25,1604.0,8.170242963893342,1541.6373154799412
26.949999,88.35,1022.0,12.6325779253883,586.4994439203707
26.949999,88.45,379.0,14.319001037118532,654.8833346594832
27.05,83.049995,87.0,0.0,1032.0713438487996
27.05,83.15,82.0,0.017216301182069335,1673.2748891926105
27.05,83.25,83.0,0.11217181815592503,825.2609499701427
27.05,83.35,82.0,0.19587057111665235,1280.24844515127
27.05,83.45,86.0,0.03443259925525689,398.07067412525873
27.05,83.549995,87.0,0.023126181480860913,506.9699419088654
27.05,83.65,92.0,0.03088166041941141,1822.8485323017624
27.05,83.75,91.0,0.011563091211382357,837.4561131781369
27.05,83.85,94.0,0.0809415857331216,865.1570039545278
27.05,83.95,95.0,0.0,1714.310689797796
27.05,84.049995,88.0,0.037736229923783886,687.6753946931194
27.05,84.15,88.0,0.03535644017492392,425.37752480566814
27.05,84.25,85.0,0.03468926986653232,825.260949892029
27.05,84.35,86.0,0.08876414296088622,1164.5691796122576
27.05,84.45,84.0,0.024709179949419093,2198.887018281784
27.05,84.549995,81.0,0.03088166041941141,791.6441806139975
27.05,84.65,83.0,0.07001489753420333,668.9035174859342
27.05,84.75,85.0,0.03535644017492392,212.08931120021958
27.05,84.85,87.0,0.03535644017492392,267.6305445114054
27.05,84.95,95.0,0.061763302896180164,1462.6546765691614
27.05,85.049995,103.0,0.18394396064636073,569.646835273784
27.05,85.15,107.0,0.158581602704705,695.7936679620868
27.05,85.25,108.0,0.17330364774481288,1014.3516700676882
27.05,85.35,109.0,0.13817560197820217,822.9359153228321
27.05,85.45,110.0,0.15509436220429226,304.39773178797293
27.05,85.549995,128.0,0.14654175724392743,1656.3219150178998
27.05,85.65,165.0,0.4149683537287954,946.408227783263
27.05,85.75,240.0,0.4352756582996641,716.7036486425102
27.05,85.85,300.0,2.1503751988604227,312.7546871490996
27.05,85.95,397.0,2.994855328009115,940.4897189981488
27.05,86.049995,302.0,1.465038115437088,724.8037473382349
27.05,86.15,656.0,11.136948163852365,1114.3406128642723
27.05,86.25,679.0,8.318466453611277,1594.8122223875296
27.05,86.35,750.0,12.70867472545786,1313.2676461323215
27.05,86.45,1371.0,2.7861484161905,1521.5321787654664
27.05,86.549995,1007.0,7.385549525152505,309.88008411034116
27.05,86.65,1716.0,6.5148831944627315,806.9212289789903
27.05,86.75,639.0,12.93451907384448,310.2117259080313
27.05,86.85,1523.0,14.7593309459372,1240.8621876832747
27.05,86.95,1646.0,17.775926209076175,923.5497646139468
27.05,87.049995,1378.0,10.046218461636133,463.3124590048164
27.05,87.15,469.0,7.7428869455011196,256.0434792653519
27.05,87.25,1599.0,9.562521569878404,2475.7828462394878
27.05,87.35,1859.0,13.46252365064025,1864.6958691190512
27.05,87.45,1838.0,5.034493615919079,2203.5353312772245
27.05,87.549995,488.0,5.577134489939463,670.7340458289747
27.05,87.65,1223.0,12.41562538193008,320.0421735968742
27.05,87.75,1536.0,9.9375825066919,700.2031849167607
27.05,87.85,2850.0,4.386831947151816,1546.325234745129
27.05,87.95,1866.0,16.208789476621757,495.1007178496119
27.05,88.049995,2483.0,12.715280157253925,619.4408690197665
27.05,88.15,1425.0,13.874193926335618,473.2074544560816
27.05,88.25,1907.0,9.174691366285796,926.624388752107
27.05,88.35,1636.0,15.792012733626565,2623.330508777726
27.05,88.45,1107.0,13.43334016325779,1321.7323720002266
27.15,83.049995,85.0,0.011563091211382357,375.80370614703213
27.15,83.15,84.0,0.039550224873487264,1418.6990132434323
27.15,83.25,85.0,0.14002958596803414,472.89297008610566
27.15,83.35,86.0,0.04625235542649417,660.3648827349152
27.15,83.45,100.0,0.28626509625732205,767.1582858021734
27.15,83.549995,91.0,0.06886517363947979,1354.8002541620833
27.15,83.65,95.0,0.03088166041941141,949.276533951148
27.15,83.75,97.0,0.023126181480860913,2712.954164071476
27.15,83.85,97.0,0.06074960779198572,1056.3593222074073
27.15,83.95,93.0,0.03088166041941141,400.90851755698395
27.15,84.049995,92.0,0.08608144373278187,478.9573507958138
27.15,84.15,95.0,0.07910041205653619,261.720995689184
27.15,84.25,100.0,0.07720411179901313,1564.3946558111038
27.15,84.35,96.0,0.09288743926748855,1236.786319698264
27.15,84.45,89.0,0.03088166041941141,703.4584988107134
27.15,84.549995,91.0,0.061763302896180164,1031.1921473762511
27.15,84.65,98.0,0.14002958596803414,1515.5020213505738
27.15,84.75,102.0,0.15056146887043664,1234.2121702480538
27.15,84.85,100.0,0.10073377828987132,90.8227776856471
27.15,84.95,122.0,0.47477377006025456,1218.9910655258848
27.15,85.049995,139.0,0.5333188774155339,431.31503960166276
27.15,85.15,157.0,0.30134714770781523,1262.2282987555586
27.15,85.25,164.0,0.4253996180151204,930.1282508587368
27.15,85.35,159.0,0.5121085047492773,263.52916294832704
27.15,85.45,330.0,6.548977489798161,1389.9365831018126
27.15,85.549995,479.0,1.7046372842535396,3109.1407998243985
27.15,85.65,400.0,2.4348149542629502,1668.302583653377
27.15,85.75,449.0,1.8291371508643104,624.6929418595363
27.15,85.85,660.0,2.435938766171965,1320.7405625582041
27.15,85.95,747.0,7.570067776251898,1330.4043960766908
27.15,86.049995,436.0,6.3133594529833985,929.9466500566782
27.15,86.15,863.0,8.639350824685105,472.8929701574369
27.15,86.25,1888.0,2.1982675722879175,1665.2555253458902
27.15,86.35,1270.0,11.403956646662705,724.8953815543505
27.15,86.45,1001.0,16.459880011762827,1329.943226934604
27.15,86.549995,856.0,16.085150511640045,620.4998218081948
27.15,86.65,859.0,7.494463360747939,2053.5939520223824
27.15,86.75,607.0,4.507800078344988,310.08926266004465
27.15,86.85,1566.0,13.48449080679843,744.0432043648748
27.15,86.95,1892.0,14.267167447083771,2073.784062859006
27.15,87.049995,1242.0,13.841627218547984,1320.2341153620328
27.15,87.15,1219.0,14.35286307685019,1236.7863196919702
27.15,87.25,601.0,11.272186537551592,1258.283125588459
27.15,87.35,1335.0,18.205956312372518,1158.2804859255452
27.15,87.45,2319.0,10.155047560332509,1461.408195711264
27.15,87.549995,966.0,2.253023660295718,216.54044254733708
27.15,87.65,1083.0,12.663004035298897,1243.0971900336024
27.15,87.75,912.0,14.087145245809833,463.312194399572
27.15,87.85,1848.0,13.251947373810431,1673.1841041330092
27.15,87.95,2672.0,10.880318322997423,935.060732139204
27.15,88.049995,3144.0,8.086981032276912,1515.030991135712
27.15,88.15,1372.0,20.08228865783541,472.8929701574369
27.15,88.25,1280.0,11.488185749913171,1713.7580445505482
27.15,88.35,1530.0,6.231541568713148,1461.4081956230202
27.15,88.45,1076.0,12.69729699848201,651.037310003312
27.25,83.049995,87.0,0.0805127903162409,411.3982116808261
27.25,83.15,86.0,0.024709179949419093,615.9027620135018
27.25,83.25,84.0,0.10606921281639234,613.5993004560913
27.25,83.35,89.0,0.06017710420040761,651.0057623399492
27.25,83.45,99.0,0.2964308886863103,869.6976591829242
27.25,83.549995,93.0,0.10413007369908074,382.8100567632075
27.25,83.65,98.0,0.0464437501503344,1239.8811460665522
27.25,83.75,100.0,0.21562935763713673,1899.8713454639142
27.25,83.85,97.0,0.07785703888953767,318.8939167009371
27.25,83.95,97.0,0.14142549142917782,1129.1434055480927
27.25,84.049995,103.0,0.10944823802520073,309.6357036393482
27.25,84.15,107.0,0.14002958596803414,724.8428542078515
27.25,84.25,116.0,0.1170644668174413,1854.213834232056
27.25,84.35,115.0,0.12678834096698222,659.8348939245461
27.25,84.45,100.0,0.11343771618251286,724.8395666761579
27.25,84.549995,107.0,0.09250465057125552,1301.3402194909138
27.25,84.65,139.0,0.6339387660035162,636.0631216991912
27.25,84.75,175.0,0.5121447427608443,1064.8859741401807
27.25,84.85,197.0,0.9462742114278488,1030.4262468680352
27.25,84.95,271.0,1.1706268078679745,926.624388748924
27.25,85.049995,256.0,1.0911168067637873,1129.6293525958483
27.25,85.15,435.0,7.996367147205482,1794.0688868172988
27.25,85.25,503.0,6.522765727428545,1077.7590019153422
27.25,85.35,430.0,1.1503936821143665,841.6863252225045
27.25,85.45,302.0,1.6727922753725828,2120.1500458095884
27.25,85.549995,208.0,1.0601687163156728,472.9949227869411
27.25,85.65,340.0,1.2944276666569363,1113.7005204652646
27.25,85.75,304.0,1.1815336973866273,692.9052742996712
27.25,85.85,386.0,1.2611309838044906,729.549540486464
27.25,85.95,1024.0,8.697992714596698,807.8532114257838
27.25,86.049995,956.0,12.478491360932567,1372.6477473683924
27.25,86.15,618.0,11.929611143602806,618.7945175995957
27.25,86.25,504.0,4.248154734955345,529.1398959435786
27.25,86.35,870.0,13.679487631880983,463.3121943051444
27.25,86.45,1171.0,15.34888593832428,637.8420588104436
27.25,86.549995,1510.0,10.258011548697503,1730.1466643613448
27.25,86.65,683.0,10.953454883422186,803.3854510500454
27.25,86.75,1774.0,16.09569661935443,1042.2080279494871
27.25,86.85,2060.0,21.959993792848575,1441.6236884654713
27.25,86.95,2405.0,18.9583335131288,1344.8467809388817
27.25,87.049995,2117.0,17.940211432245487,1421.6139827015968
27.25,87.15,778.0,13.295267222780705,411.8924826706818
27.25,87.25,1010.0,14.850889599499988,2072.469395759941
27.25,87.35,978.0,14.297031138972013,404.88024755907924
27.25,87.45,2543.0,8.702461268850124,1014.0517158812265
27.25,87.549995,2071.0,14.543574104821463,1571.631453818415
27.25,87.65,1550.0,17.10265567170455,1417.7325056418535
27.25,87.75,1487.0,14.920294311763017,1514.270413593425
27.25,87.85,1605.0,18.36044793448412,772.267553856827
27.25,87.95,1728.0,15.015951950434038,1029.7312063445843
27.25,88.049995,3169.0,15.465751175904378,1158.2805913989764
27.25,88.15,1669.0,20.635204222488095,691.8495286236083
27.25,88.25,890.0,8.38275908142141,619.9354488854092
27.25,88.35,1579.0,23.124494834539323,807.8650100057198
27.25,88.45,412.0,3.7180021754419936,545.8155261836437
27.349998,83.049995,84.0,0.08608144373278187,659.8544793333114
27.349998,83.15,89.0,0.07412750308454868,1848.3700152625595
27.349998,83.25,90.0,0.059896042954725004,2229.6568768986003
27.349998,83.35,92.0,0.026953794969756417,724.5769558407836
27.349998,83.45,95.0,0.011563091211382357,619.5228569734879
27.349998,83.549995,98.0,0.11865052385892393,205.26709835449998
27.349998,83.65,109.0,0.23675223448693294,1898.178680272048
27.349998,83.75,102.0,0.07071285342272222,463.5345841550689
27.349998,83.85,99.0,0.2757483766580874,659.3921757023674
27.349998,83.95,113.0,0.3178372843620154,231.87848697915504
27.349998,84.049995,155.0,0.5258484994399586,384.91902197566793
27.349998,84.15,145.0,0.3706325524461373,491.5062813512193
27.349998,84.25,171.0,2.089125377080409,1239.5136622473456
27.349998,84.35,241.0,3.4004766581416153,739.9895109822347
27.349998,84.45,231.0,4.504916504109538,807.4846474604556
27.349998,84.549995,275.0,4.491994512001809,349.5185694285719
27.349998,84.65,302.0,0.5188984056019776,1218.2077871653369
27.349998,84.75,268.0,0.7104504657145063,1477.1519423906304
27.349998,84.85,396.0,1.6720932979746763,743.9750808072718
27.349998,84.95,589.0,4.55566295968486,1113.2326358666235
27.349998,85.049995,579.0,2.6687827598942704,1235.0586680262888
27.349998,85.15,585.0,2.2738902056087227,1128.2418566549923
27.349998,85.25,374.0,2.7814533867652638,988.8800692921908
27.349998,85.35,327.0,1.2116548398233011,342.01905985519096
27.349998,85.45,304.0,2.9598741636555745,565.9437620443434
27.349998,85.549995,480.0,7.756170139932779,424.7726187430104
27.349998,85.65,851.0,4.396995593878187,298.58345988035154
27.349998,85.75,1092.0,7.401786401580576,1159.8955259650913
27.349998,85.85,1909.0,17.249294431634848,1858.9318996744312
27.349998,85.95,817.0,5.822924146844532,614.0178182903442
27.349998,86.049995,1500.0,5.705212773738064,1729.1166763626416
27.349998,86.15,1180.0,1.6906975169170577,406.8537613644551
27.349998,86.25,1197.0,12.166554059152974,231.433707371258
27.349998,86.35,2036.0,14.642293818274434,1077.0841284020316
27.349998,86.45,1342.0,9.52385490130577,1113.2326359181855
27.349998,86.549995,1888.0,13.322114311996854,512.269079058459
27.349998,86.65,1715.0,6.868627554775237,2556.7308075085975
27.349998,86.75,1658.0,15.470810976005904,1864.4169786860546
27.349998,86.85,1357.0,13.204753208926157,310.00700770935185
27.349998,86.95,2663.0,19.54784649071823,1512.966656889421
27.349998,87.049995,1596.0,19.93458459236912,433.85082030748845
27.349998,87.15,945.0,10.937196422735296,2089.997223666747
27.349998,87.25,544.0,6.493925043098865,383.5762944613145
27.349998,87.35,1447.0,16.908942293975898,1848.1968302225155
27.349998,87.45,2618.0,19.315459722236774,1128.2418565747855
27.349998,87.549995,1673.0,14.740887632357776,320.35516529726135
27.349998,87.65,1305.0,22.70610244302108,1888.921655191383
27.349998,87.75,1864.0,9.623063764873825,697.6066585268874
27.349998,87.85,1207.0,15.715342646884473,309.6770341883648
27.349998,87.95,3277.0,6.696087340156499,2119.8192832831546
27.349998,88.049995,3071.0,18.31913005553172,1420.47515590425
27.349998,88.15,2275.0,20.11645910733922,1241.4383964861113
27.349998,88.25,1664.0,24.80841925179167,1866.2907880171529
27.349998,88.35,1813.0,19.094627916571383,1077.0841284106737
27.349998,88.45,1197.0,15.550155835603327,274.02951919834135
27.449999,83.049995,93.0,0.015440831331121604,934.4854075161122
27.449999,83.15,96.0,0.06455503584879584,630.3405192657435
27.449999,83.25,95.0,0.0805127903162409,1406.2687834209287
27.449999,83.35,99.0,0.06937851430168686,2037.350811961672
27.449999,83.45,100.0,0.06908790144130637,675.1699616455428
27.449999,83.549995,101.0,0.039550224873487264,330.39939135185426
27.449999,83.65,104.0,0.1399754157124767,1317.5764262754547
27.449999,83.75,104.0,0.07001489753420333,1028.5748688019007
27.449999,83.85,108.0,0.05472416893454193,754.0687749443565
27.449999,83.95,150.0,1.5754085852724693,724.6307691820454
27.449999,84.049995,267.0,1.2933204098724995,2152.90642981145
27.449999,84.15,299.0,2.417371112825606,658.7632174837604
27.449999,84.25,470.0,1.9442857112110044,2000.6591160151831
27.449999,84.35,200.0,1.0757491327156454,506.7718763515486
27.449999,84.45,335.0,4.418927302166131,411.1494882974976
27.449999,84.549995,584.0,2.9245206300998396,506.5719275279977
27.449999,84.65,638.0,1.2629381395789656,1383.9376142038084
27.449999,84.75,569.0,0.9424348953896989,1113.175122820837
27.449999,84.85,515.0,2.284720850966207,1013.648537806933
27.449999,84.95,469.0,3.202895962259844,236.0974771033501
27.449999,85.049995,703.0,4.112918822599002,929.5544399098212
27.449999,85.15,1082.0,6.087465787200397,724.8407203941446
27.449999,85.25,1021.0,13.561464400432222,1113.1751228173598
27.449999,85.35,1012.0,18.56406647424609,694.0310831032721
27.449999,85.45,1676.0,19.005664082793874,1708.6133444582053
27.449999,85.549995,2168.0,18.56774109190487,1907.7864694340722
27.449999,85.65,1635.0,11.078693694839698,1818.0943736833924
27.449999,85.75,1276.0,8.542984431834718,923.9609681325893
27.449999,85.85,1033.0,9.581469185945574,298.3899428924908
27.449999,85.95,1414.0,14.977082428496086,1420.5572771819698
27.449999,86.049995,1199.0,5.603199219336197,659.2251433440291
27.449999,86.15,1671.0,18.546309326554073,1734.8202323547864
27.449999,86.25,1003.0,9.85565115283685,749.823612860439
27.449999,86.35,2104.0,12.70650352323629,1013.6485378043869
27.449999,86.45,3010.0,11.213410095698997,1858.347488308732
27.449999,86.549995,2046.0,0.9671072739906167,325.37652187830196
27.449999,86.65,2336.0,14.431093660762626,1404.9485295471611
27.449999,86.75,1953.0,15.458139700617858,1165.147240097549
27.449999,86.85,3105.0,16.09773049684612,619.5149238984188
27.449999,86.95,2766.0,22.87877568036858,949.0473451174828
27.449999,87.049995,2420.0,12.74599384441183,1858.0200894151058
27.449999,87.15,1053.0,19.91366479775185,333.0177044172256
27.449999,87.25,1341.0,15.366638403346167,0.11119487898626197
27.449999,87.35,1244.0,15.927140387611328,1176.4898073583267
27.449999,87.45,3200.0,24.35101075560766,854.2841275474715
27.449999,87.549995,2755.0,21.273640571945492,485.70355233623206
27.449999,87.65,2535.0,12.031574982104027,1420.4208935312977
27.449999,87.75,2729.0,26.81128173512525,854.3294816413106
27.449999,87.85,2866.0,27.66643054474496,1912.6897628536033
27.449999,87.95,2910.0,17.02362089296875,1261.3561750700703
27.449999,88.049995,4161.0,11.602989721974108,233.28662031937327
27.449999,88.15,3287.0,23.280033258571994,724.840720368511
27.449999,88.25,3251.0,23.31217476513943,619.3588950388935
27.449999,88.35,2310.0,17.22462943424441,1250.0905210832184
27.449999,88.45,2729.0,9.3540432913912,1228.9898122931006
27.55,83.049995,103.0,0.0829950638647367,942.7735900086615
27.55,83.15,106.0,0.06455503584879584,463.3121943047907
27.55,83.25,107.0,0.12354571592888071,729.8740469124969
27.55,83.35,106.0,0.05472416893454193,925.1983264061458
27.55,83.45,112.0,0.20366176308700734,783.0332945131928
27.55,83.549995,115.0,0.07412750308454868,644.2243850578599
27.55,83.65,116.0,0.12823565580663238,1080.2232733685898
27.55,83.75,121.0,0.148943421353527,544.8495140355657
27.55,83.85,458.0,7.71779799308622,841.0758047099889
27.55,83.95,128.0,0.426351525263137,1052.7538930005855
27.55,84.049995,131.0,0.03443259925525689,461.82891418459513
27.55,84.15,147.0,0.8920470323124647,943.175781895989
27.55,84.25,167.0,0.2990155623182814,943.202930086413
27.55,84.35,186.0,0.6026776244037866,724.6811531825
27.55,84.45,185.0,0.1354189477630164,309.595858988373
27.55,84.549995,196.0,0.13476873624732874,102.87169270207227
27.55,84.65,246.0,0.9765469882394067,770.9098653591896
27.55,84.75,343.0,4.5368175865009075,616.1641298659385
27.55,84.85,376.0,7.166060315380719,309.59585898587676
27.55,84.95,1019.0,10.78791058656765,506.7946697442935
27.55,85.049995,1248.0,11.201013529941488,506.99463208443666
27.55,85.15,1763.0,17.823739206730245,471.5980718128701
27.55,85.25,1337.0,9.95404030215177,309.5932743030223
27.55,85.35,1758.0,4.161695278723934,284.84415285920863
27.55,85.45,2045.0,14.1840637011233,943.1757818927116
27.55,85.549995,1458.0,4.2367102183410665,264.7641137338642
27.55,85.65,1184.0,4.103304130706972,85.07283401744888
27.55,85.75,706.0,4.728822965055347,399.24941202118407
27.55,85.85,1486.0,6.430617392138128,1580.4489822734713
27.55,85.95,2819.0,11.476139690629022,1238.3989413305367
27.55,86.049995,1853.0,13.16597351318412,1571.2048148274132
27.55,86.15,1811.0,20.20536264784592,1405.0312287590198
27.55,86.25,2980.0,6.895225310721873,2617.4293737286407
27.55,86.35,2051.0,13.22378983196936,410.77608658226546
27.55,86.45,2947.0,20.855496913574523,2102.30557371518
27.55,86.549995,3150.0,11.340943228902955,1540.3863415565816
27.55,86.65,2435.0,19.328134533039915,410.77608657724846
27.55,86.75,2273.0,26.708465079624997,1456.2463746761464
27.55,86.85,2367.0,14.87102558869574,414.116472141837
27.55,86.95,3535.0,14.794547643176514,410.776086670062
27.55,87.049995,2418.0,22.27215999960679,1437.2233711735919
27.55,87.15,2405.0,24.032621597277807,1783.9896777668143
27.55,87.25,822.0,6.203594225870237,309.59585899170133
27.55,87.35,2030.0,23.56363495225136,1734.7251825425071
27.55,87.45,3148.0,16.321696545847228,206.3470714699098
27.55,87.549995,3598.0,22.883516264498084,473.56898683237057
27.55,87.65,2934.0,19.9481718786796,1311.9588051766787
27.55,87.75,2654.0,16.459502347406882,694.9682914810583
27.55,87.85,2106.0,7.031979770390881,925.637880576262
27.55,87.95,3672.0,7.691893109973136,493.4379020303821
27.55,88.049995,5290.0,7.579331549671232,1013.3991298637852
27.55,88.15,4974.0,12.66218148633199,1856.3197038137955
27.55,88.25,5209.0,22.32415390624817,1886.3244105892381
27.55,88.35,3678.0,21.486042967246448,821.5521730884835
27.55,88.45,1119.0,7.305541403488671,700.155830538816
27.65,83.049995,119.0,0.300882865775455,924.578307932689
27.65,83.15,124.0,0.21498537359403302,205.20072531092168
27.65,83.25,138.0,0.783043763810927,1327.8814510744417
27.65,83.35,119.0,0.11837662254295868,290.7603516975558
27.65,83.45,142.0,0.30481126050888946,450.7085507013046
27.65,83.549995,142.0,0.5875934017237447,1173.0807779728264
27.65,83.65,326.0,6.673363305114506,394.9260909424952
27.65,83.75,714.0,11.968606002076692,2396.9456745288826
27.65,83.85,186.0,2.2918795080379932,928.399324671994
27.65,83.95,201.0,0.4483822325383083,782.5911963469944
27.65,84.049995,230.0,0.3185918548519845,852.4004631476345
27.65,84.15,200.0,1.7101625360950106,1237.9020523176202
27.65,84.25,172.0,0.12354571592888071,417.5033519682091
27.65,84.35,182.0,0.25821850442882716,1237.8605814883142
27.65,84.45,215.0,0.24152087474971837,922.9768083385775
27.65,84.549995,225.0,0.29947759657740186,658.2130390823212
27.65,84.65,442.0,6.492611001740643,618.9354754157995
27.65,84.75,690.0,9.105022701943863,488.89187105845866
27.65,84.85,890.0,6.678800239605211,657.7411093228856
27.65,84.95,1254.0,11.276923806333036,655.04819214496
27.65,85.049995,1941.0,16.365236591440627,1382.1091570558365
27.65,85.15,1813.0,9.909531292195188,205.20072531217477
27.65,85.25,1739.0,17.561713591221544,2009.0362316327887
27.65,85.35,1326.0,0.7745629059485206,1506.2311108034605
27.65,85.45,1365.0,4.14512604269545,506.7187806870944
27.65,85.549995,1643.0,12.566754397970671,1240.4425180113244
27.65,85.65,1021.0,4.0882455400734425,1556.8828224194458
27.65,85.75,1668.0,12.269372407135004,2304.22479536016
27.65,85.85,1739.0,4.0841480913191575,657.7411093217128
27.65,85.95,2326.0,4.0161864981082545,1252.8198503601177
27.65,86.049995,1773.0,12.53261464903737,2064.533171768794
27.65,86.15,2302.0,9.954952721468546,1856.8686259068588
27.65,86.25,2781.0,18.272967407021678,1709.4003340496292
27.65,86.35,2723.0,23.17337065115789,320.3664485449621
27.65,86.45,2243.0,9.45852082003185,604.246680053607
27.65,86.549995,4054.0,15.850161671245592,325.5844288401172
27.65,86.65,3403.0,13.67442312688416,695.0928614042742
27.65,86.75,4301.0,14.776486653896796,1158.2804859287282
27.65,86.85,4641.0,24.176115393129752,695.8595558165368
27.65,86.95,3813.0,25.29719081698697,657.7411093310951
27.65,87.049995,4860.0,14.779421326215942,1672.8476182934457
27.65,87.15,4120.0,7.512703559572607,1709.308359979877
27.65,87.25,2067.0,11.732391189700143,534.5520446908718
27.65,87.35,1729.0,18.637256096401636,657.752084802398
27.65,87.45,3692.0,22.764232928081157,1405.000437381136
27.65,87.549995,4733.0,12.902754740309383,1414.2034186642547
27.65,87.65,4202.0,16.4340235947866,738.5632664070773
27.65,87.75,3953.0,16.565885550553745,807.0939540317988
27.65,87.85,4512.0,9.26830661082986,2004.6985610949705
27.65,87.95,4460.0,22.74333722041498,1239.2435282071792
27.65,88.049995,5717.0,11.750350128256585,1861.7500266570737
27.65,88.15,6667.0,12.071652846592247,2882.1078169531465
27.65,88.25,5086.0,5.945786397734647,513.2844447411499
27.65,88.35,3588.0,11.717634477566058,1047.6420543724212
27.65,88.45,2786.0,17.892469242211803,1239.194981940709
27.75,83.049995,185.0,2.460842420033736,1313.999418935784
27.75,83.15,227.0,6.997988247884248,619.0863324855886
27.75,83.25,376.0,7.094648941380785,1032.9886070545508
27.75,83.35,878.0,9.623201429023911,1404.9764302522472
27.75,83.45,334.0,1.6174697802685003,630.6442262320745
27.75,83.549995,939.0,7.8517870410883805,1843.5857238440901
27.75,83.65,1354.0,4.170318075193589,1162.8079158934509
27.75,83.75,1407.0,17.73201086262132,2008.5874421199092
27.75,83.85,1247.0,7.472563531160142,1678.0192567397182
27.75,83.95,735.0,14.505064288350585,657.2244298440544
27.75,84.049995,707.0,9.071477076964001,309.01858344129886
27.75,84.15,1218.0,2.6708876598754627,852.1358667530648
27.75,84.25,810.0,13.827159835370523,410.0255643102209
27.75,84.35,289.0,2.9108813735179857,309.3444425204339
27.75,84.45,211.0,1.186343053960975,839.5709858559997
27.75,84.549995,412.0,5.59592627734767,519.7735543267197
27.75,84.65,1051.0,7.49259307009275,926.6243886541428
27.75,84.75,1136.0,7.527104334743395,852.1358666699348
27.75,84.85,839.0,14.192588780425432,254.65974339918245
27.75,84.95,864.0,12.048791826968944,657.2244299155224
27.75,85.049995,581.0,4.030269115440213,309.018583437156
27.75,85.15,1151.0,0.7446640375613932,1624.8297719580576
27.75,85.25,1833.0,12.29262049895422,2615.044819319809
27.75,85.35,1368.0,0.26747259755761255,657.2244298534273
27.75,85.45,1569.0,11.743869253647409,359.7583836637458
27.75,85.549995,1078.0,7.828295466090255,789.8450351812986
27.75,85.65,1199.0,3.807837319879797,1558.758847233767
27.75,85.75,1368.0,13.281091576457548,1672.6210768042151
27.75,85.85,793.0,2.4348630897644994,205.01278217747918
27.75,85.95,2420.0,27.873031419025104,1864.55218161511
27.75,86.049995,3454.0,20.204000066536462,942.3242673919235
27.75,86.15,1181.0,7.330465811328116,307.0526095327516
27.75,86.25,2276.0,12.445534742052333,1176.2856561110484
27.75,86.35,3826.0,24.2719304889829,1689.5436087540718
27.75,86.45,4280.0,19.56705511694072,866.4230764315604
27.75,86.549995,4763.0,22.299008019394954,1621.5927548235086
27.75,86.65,4071.0,14.532067905307622,438.0173128871664
27.75,86.75,3857.0,23.199092596439517,231.65609722436548
27.75,86.85,5244.0,25.18296871410267,1176.2856560962096
27.75,86.95,4983.0,7.2317456701346625,301.70191696006935
27.75,87.049995,4482.0,13.233475044915465,657.6738888522816
27.75,87.15,4273.0,28.983498947035116,1449.1464274287118
27.75,87.25,4014.0,13.268561005863587,1112.1752869085724
27.75,87.35,2165.0,21.933738230226677,636.2426199905991
27.75,87.45,2528.0,27.100127127807177,1546.6962162583686
27.75,87.549995,3800.0,16.221522721492452,724.7142404423403
27.75,87.65,5204.0,5.659447531803359,1251.6885673828053
27.75,87.75,4492.0,15.26536722000709,863.5130886697814
27.75,87.85,4200.0,24.010835750555692,309.34704175879847
27.75,87.95,4412.0,6.240872102146771,724.5748785612645
27.75,88.049995,4914.0,3.5663647796129943,327.67663960048344
27.75,88.15,6156.0,25.53445776701761,1856.0276595970495
27.75,88.25,4903.0,6.422711452576636,780.5669298444748
27.75,88.35,4702.0,12.225382245708618,1248.1387026015245
27.75,88.45,4479.0,19.64746749294848,1842.3581002215428
27.849998,83.049995,881.0,2.1232953151497487,308.72996305699934
27.849998,83.15,841.0,8.22921848060347,1071.3357720194615
27.849998,83.25,829.0,6.080107051017724,724.3115664872652
27.849998,83.35,1721.0,1.5165225344595805,1638.5937449881776
27.849998,83.45,1197.0,10.269535176309418,368.34104443492396
27.849998,83.549995,889.0,3.1636496948849717,1123.6731771790216
27.849998,83.65,936.0,9.993460035818288,697.5670056757198
27.849998,83.75,1161.0,6.032015923596574,769.6924313381706
27.849998,83.85,799.0,11.555624397780216,565.8854651286729
27.849998,83.95,691.0,5.759083645985778,1236.7374803684334
27.849998,84.049995,525.0,10.016738336575372,710.4256638626474
27.849998,84.15,282.0,2.0005637314109554,470.50677275228173
27.849998,84.25,443.0,13.169435636811574,752.7489955665501
27.849998,84.35,1061.0,4.666010367563342,1030.6302600246943
27.849998,84.45,685.0,12.831669875441081,970.6323994726496
27.849998,84.549995,984.0,14.517215180723966,927.8333166873632
27.849998,84.65,585.0,15.078470593140796,204.8243371642211
27.849998,84.75,921.0,17.242800200217154,1593.382130857857
27.849998,84.85,482.0,2.6961463237445265,309.0555395275501
27.849998,84.95,843.0,5.212648075825284,470.50677282851376
27.849998,85.049995,647.0,16.360290001876937,313.7411020666762
27.849998,85.15,796.0,6.9727177569176,927.5075549333376
27.849998,85.25,1246.0,11.894456982863044,0.2223898014728805
27.849998,85.35,1145.0,14.100239120473512,1176.468377067003
27.849998,85.45,1741.0,5.966275935297461,470.7188622072398
27.849998,85.549995,1102.0,10.684338286252517,231.4342294534715
27.849998,85.65,2348.0,8.515323171707623,2501.171394040219
27.849998,85.75,1458.0,16.854026447252416,1176.468377065479
27.849998,85.85,2328.0,17.618358180836825,2162.9169189737963
27.849998,85.95,2937.0,14.765651438201433,1637.796163547196
27.849998,86.049995,2788.0,19.05243969753369,205.31591491014171
27.849998,86.15,3819.0,13.831499993860565,1688.872512899912
27.849998,86.25,2815.0,20.615692124236066,1855.205150956566
27.849998,86.35,3838.0,17.87050467588783,204.8243371704751
27.849998,86.45,5590.0,11.362608347613344,1519.8931138059736
27.849998,86.549995,5462.0,4.250693567226349,1725.6185791864543
27.849998,86.65,4191.0,22.20358410382762,309.38614442825093
27.849998,86.75,3829.0,20.87189908809789,656.76252580952
27.849998,86.85,5193.0,18.105998293389433,1707.0657985401363
27.849998,86.95,5428.0,5.296544517947106,724.31156650955
27.849998,87.049995,5969.0,21.027926544274965,940.8935368393613
27.849998,87.15,4970.0,22.705420356221065,1161.8234884651474
27.849998,87.25,4869.0,1.3023784508164526,1862.6040267459662
27.849998,87.35,4106.0,19.41560809420761,1313.322785977807
27.849998,87.45,2857.0,27.361558225207002,678.7321202416108
27.849998,87.549995,4701.0,15.218662268782868,618.9286514425894
27.849998,87.65,5249.0,6.541090622111432,769.44350713898
27.849998,87.75,5634.0,13.657583124128543,735.9879163220508
27.849998,87.85,4716.0,14.471225988496977,558.0305842262658
27.849998,87.95,5392.0,14.418281974809275,1028.6232316926707
27.849998,88.049995,5236.0,11.202924677227916,444.58434955922326
27.849998,88.15,5969.0,10.894528211668177,1024.1211057885741
27.849998,88.25,5334.0,9.866023872702012,384.6433150419513
27.849998,88.35,4947.0,5.927246524204574,615.052637508555
27.849998,88.45,4321.0,2.5418709871827225,309.386144366147
27.949999,83.049995,790.0,3.774528277021205,720.6531154157955
27.949999,83.15,1061.0,9.072776504087567,444.7726668074577
27.949999,83.25,845.0,2.8050362511425067,1111.615577378934
27.949999,83.35,721.0,3.301129201153017,309.17755859247313
27.949999,83.45,682.0,5.202400775671791,306.7459234854804
27.949999,83.549995,972.0,5.304307427079443,1312.7594526343312
27.949999,83.65,833.0,0.21685509344885096,447.0298179673572
27.949999,83.75,896.0,14.646555031091333,1012.8877507060125
27.949999,83.85,704.0,11.903725859506393,331.5383967689302
27.949999,83.95,882.0,10.282007335053773,1013.078420620603
27.949999,84.049995,663.0,3.4620838569115286,926.5133240034295
27.949999,84.15,773.0,7.976014301310686,940.5258662917232
27.949999,84.25,635.0,11.546041246790988,560.7197496622505
27.949999,84.35,901.0,3.8948742433076644,1013.0784206564437
27.949999,84.45,391.0,2.30223458967608,470.2321185666301
27.949999,84.549995,498.0,8.20735990102744,309.3389566450883
27.949999,84.65,791.0,9.366811566109082,309.01349918181194
27.949999,84.75,526.0,9.713876469354744,401.14901410096024
27.949999,84.85,1203.0,6.961736294326383,1864.4036190576498
27.949999,84.95,893.0,6.566450405426621,309.0134991346415
27.949999,85.049995,1355.0,8.45516467871599,1411.2539472200342
27.949999,85.15,636.0,9.265663241559347,1459.1003968252576
27.949999,85.25,968.0,13.668979108600412,806.4353978420737
27.949999,85.35,1356.0,19.508325639081562,1519.3872669794591
27.949999,85.45,2184.0,21.877893114180736,1853.1375825286782
27.949999,85.549995,1394.0,13.989702377603768,308.6884799317877
27.949999,85.65,1879.0,20.788390128482444,470.33479356774484
27.949999,85.75,2164.0,18.818329225110592,806.4353978414393
27.949999,85.85,2736.0,18.44814277838531,1228.558951911788
27.949999,85.95,1728.0,19.796280953257153,724.5747453171715
27.949999,86.049995,3687.0,6.157352956385007,613.4139576894554
27.949999,86.15,4278.0,14.352126933330096,926.5131938264375
27.949999,86.25,3827.0,11.32342596577588,1390.047777934823
27.949999,86.35,5626.0,4.429659863864134,1854.6094042086063
27.949999,86.45,5199.0,12.185392208800792,309.0134991884323
27.949999,86.549995,5252.0,22.43735705277487,425.89964779370297
27.949999,86.65,5204.0,7.54639357448539,1864.403619066841
27.949999,86.75,5445.0,1.6241020929873025,635.849639148531
27.949999,86.85,5544.0,3.8585042235923788,1432.4451706873494
27.949999,86.95,6450.0,28.19697846165955,2298.191747184164
27.949999,87.049995,6215.0,9.765243183031972,1451.536795053399
27.949999,87.15,4345.0,8.854185623828155,309.0134991296762
27.949999,87.25,4520.0,7.0855669016071205,1057.660639051427
27.949999,87.35,3887.0,17.343309727943247,1395.6424637927619
27.949999,87.45,4637.0,3.838070872200407,1519.5619860918835
27.949999,87.549995,4249.0,11.658031630203164,313.4116214104133
27.949999,87.65,4384.0,3.258220154707165,309.01349912636596
27.949999,87.75,5431.0,13.378503904765266,1188.8457472376872
27.949999,87.85,5955.0,7.105443612683255,1889.1422898910976
27.949999,87.95,6120.0,10.616125557459362,1249.4638339408039
27.949999,88.049995,5904.0,15.624872347174634,1161.3302921629079
27.949999,88.15,5697.0,10.2881836723584,0.111194875803309
27.949999,88.25,6195.0,17.442794099201578,2460.862814349546
27.949999,88.35,5086.0,3.3289030130962036,403.5049140791287
27.949999,88.45,4751.0,12.174561943034497,309.1775586503688
28.05,83.049995,1406.0,2.3318399403065166,1081.7730749049897
28.05,83.15,1581.0,10.469696536459367,789.1294754607607
28.05,83.25,1517.0,11.158910536265017,768.6698594851571
28.05,83.35,1084.0,7.388141572950589,223.65089459380883
28.05,83.45,1284.0,13.047469452168903,724.4178342673329
28.05,83.549995,839.0,11.359042966230753,309.2934643637177
28.05,83.65,1133.0,15.29382641782813,1310.6604093441363
28.05,83.75,995.0,10.586673989847759,308.97119644248676
28.05,83.85,1478.0,9.894880587067776,1235.900509519197
28.05,83.95,892.0,12.345596721890859,1022.2260398041412
28.05,84.049995,577.0,7.164208891167559,549.4063211105477
28.05,84.15,737.0,7.038611056490969,1012.8233666133956
28.05,84.25,818.0,5.8929166069112995,1867.2732842800478
28.05,84.35,689.0,3.440106215157852,806.3265964747644
28.05,84.45,587.0,3.828694289359908,655.6313164852015
28.05,84.549995,708.0,9.35573143479507,469.52281058102903
28.05,84.65,536.0,4.317759223426887,308.96857540581425
28.05,84.75,1004.0,7.121229428544412,694.9682915765468
28.05,84.85,920.0,6.250378580555144,650.1166035462961
28.05,84.95,1317.0,19.37880705639307,926.6243887570582
28.05,85.049995,2245.0,20.839846137201988,311.8696122115611
28.05,85.15,3142.0,21.90588907307296,2025.6851077676833
28.05,85.25,3190.0,3.393249618714678,2464.23158753183
28.05,85.35,2655.0,21.35865236952612,417.4874540471438
28.05,85.45,3747.0,24.241069145908913,928.2624187341548
28.05,85.549995,3113.0,30.095144490930767,694.9684647999122
28.05,85.65,2563.0,10.19950282304554,308.96857539864453
28.05,85.75,2655.0,16.761982933220324,806.3386482157937
28.05,85.85,4387.0,14.834154421758491,231.6560971274622
28.05,85.95,4700.0,13.086453549424126,2809.790926754329
28.05,86.049995,4980.0,14.276281707068186,1226.6621814586995
28.05,86.15,3876.0,25.146929086326654,606.3974598083053
28.05,86.25,4324.0,18.55141668256046,47.27535498191015
28.05,86.35,3649.0,18.421035898148467,1176.1834370085696
28.05,86.45,5201.0,8.401433263006949,849.9512217955629
28.05,86.549995,5574.0,10.645425595242251,2862.7235740640263
28.05,86.65,5876.0,23.888576739458134,2004.2292145180286
28.05,86.75,5920.0,9.443337044769857,1449.7580955633655
28.05,86.85,5520.0,5.969741953538127,982.7097860235715
28.05,86.95,6342.0,10.849788071955116,342.4265739943962
28.05,87.049995,5914.0,11.250785859108671,1532.5539366607038
28.05,87.15,5272.0,7.965790917054203,1122.3028887719406
28.05,87.25,4459.0,14.072837114015837,346.4279412420279
28.05,87.35,4610.0,3.6667516715005664,1864.4898482616975
28.05,87.45,4806.0,14.140006993369244,1192.6609149181384
28.05,87.549995,5070.0,4.01445420963317,1622.1281443639234
28.05,87.65,5153.0,9.390133507684736,655.6313165027209
28.05,87.75,4917.0,11.784621122447396,1012.8233666123875
28.05,87.85,5608.0,7.25966218303807,558.5109596731793
28.05,87.95,5391.0,21.77139315091531,1841.1698377346497
28.05,88.049995,5426.0,8.417259015529641,629.8149145827012
28.05,88.15,5238.0,7.6841995846322595,948.9085104784584
28.05,88.25,4997.0,3.9503952944205296,386.5617468658472
28.05,88.35,5302.0,4.473492123610479,1221.840694047059
28.05,88.45,5106.0,5.963675804164102,469.9496573325037
28.15,83.049995,1551.0,10.196633949855881,704.8668781010803
28.15,83.15,1011.0,3.478836945679812,308.8452205361209
28.15,83.25,999.0,8.253816763487084,416.26072251561646
28.15,83.35,2240.0,12.029132113857823,1698.4824976706213
28.15,83.45,1723.0,17.69977339682295,617.682556260851
28.15,83.549995,1711.0,7.133597358007598,1417.6988772028544
28.15,83.65,855.0,6.6510113895872465,308.84259234042
28.15,83.75,1949.0,18.7373678103781,1703.7471049239223
28.15,83.85,1313.0,6.72435881650028,936.0085891092414
28.15,83.95,1009.0,9.435353365546947,506.3396330413726
28.15,84.049995,657.0,1.1509920252723045,308.518613682822
28.15,84.15,1240.0,0.27726638533347603,1672.2636124284713
28.15,84.25,589.0,5.431112403052197,252.76603478020692
28.15,84.35,829.0,4.38060551289426,428.22887079482206
28.15,84.45,781.0,12.87605953462533,439.8726130179485
28.15,84.549995,1029.0,12.043142769258784,308.5212320730395
28.15,84.65,1454.0,16.62315829173803,1225.5286214531784
28.15,84.75,2547.0,7.3169273718925,1650.3930464654172
28.15,84.85,1895.0,29.482732912126203,1161.806753817774
28.15,84.95,2967.0,9.721888197147068,1113.3731612351012
28.15,85.049995,1281.0,1.634952914088032,491.7580546122675
28.15,85.15,3506.0,16.273433347102426,2239.300197751372
28.15,85.25,2882.0,19.978999393484553,1518.9996603025488
28.15,85.35,1976.0,19.059466262307037,834.966463120775
28.15,85.45,4071.0,20.551171344863878,246.62260425562616
28.15,85.549995,5091.0,9.936913423020423,470.0447743323789
28.15,85.65,5157.0,10.806335476761305,1288.9457013342503
28.15,85.75,4921.0,12.560419912304981,308.8425923338208
28.15,85.85,5148.0,16.72459353839265,1235.3545983067
28.15,85.95,4545.0,14.271509378377674,1612.3032581284083
28.15,86.049995,4632.0,13.928260549124174,249.2328491776967
28.15,86.15,4860.0,20.313309902738656,1047.2273482352562
28.15,86.25,4748.0,16.53364000479421,1298.2884135948673
28.15,86.35,5380.0,12.111321690374337,939.2573351617285
28.15,86.45,4826.0,19.16384490923392,973.5770703233414
28.15,86.549995,5384.0,11.925301714185043,1309.7018353917242
28.15,86.65,6148.0,17.662315510452284,375.57460052757835
28.15,86.75,5701.0,5.270504678677044,655.096903749246
28.15,86.85,5109.0,2.6470645623861944,204.25477038369513
28.15,86.95,6071.0,5.72525001472603,1921.856501403176
28.15,87.049995,5955.0,10.752720636093004,2042.0574894882354
28.15,87.15,5148.0,1.2944276666569363,205.13889113796776
28.15,87.25,5004.0,5.959232895781979,1302.290755504297
28.15,87.35,3872.0,12.757074795626231,308.84522053199623
28.15,87.45,4964.0,5.991445544460706,923.5758717808695
28.15,87.549995,5067.0,3.633611874783404,1012.4720112439105
28.15,87.65,5128.0,8.552907758905823,805.6686205789039
28.15,87.75,5102.0,2.044332707454429,1650.3615697242333
28.15,87.85,5126.0,9.796548894751586,1404.8625716188155
28.15,87.95,4580.0,8.266129225433264,1012.682471730055
28.15,88.049995,4471.0,4.221729794485803,238.56973936096873
28.15,88.15,4500.0,2.5273941072864408,655.0857521963941
28.15,88.25,4635.0,0.9529434029366464,308.84259233877015
28.15,88.35,4686.0,2.366613360284583,617.693069089187
28.15,88.45,4776.0,4.97569291881302,931.4074561997134
28.25,83.049995,1745.0,16.210094152804185,1588.0555306521533
28.25,83.15,1555.0,11.732703957386676,469.2859305268461
28.25,83.25,2035.0,10.051968919378048,1309.1328002121163
28.25,83.35,1746.0,15.238782023483443,926.140885172764
28.25,83.45,2076.0,8.61860363090925,1012.5155459757877
28.25,83.549995,1416.0,12.864583775654552,1045.818170778113
28.25,83.65,1047.0,10.769712572443419,240.8531198472489
28.25,83.75,1232.0,12.075609161253968,938.5649258808876
28.25,83.85,1460.0,4.977138060137878,1228.0871082689112
28.25,83.95,1104.0,13.01236985328219,1069.3483326602995
28.25,84.049995,1127.0,7.894095474587288,655.0188905328822
28.25,84.15,1490.0,18.073856315944298,948.8298107648843
28.25,84.25,1705.0,13.004268898759333,1448.6239056567297
28.25,84.35,1173.0,14.451225572418803,1159.3170696699062
28.25,84.45,1245.0,21.206788851729836,926.1646034243206
28.25,84.549995,2050.0,18.862119632004223,506.0621761785907
28.25,84.65,2254.0,15.863900085374809,308.71626402503193
28.25,84.75,2449.0,24.873175330652746,469.2928651485454
28.25,84.85,2489.0,18.70152306391441,1249.207444998894
28.25,84.95,3172.0,17.226478647384308,632.7839799719078
28.25,85.049995,3804.0,31.230717661667224,1417.3039807684152
28.25,85.15,3658.0,25.795249472691506,215.04866096151588
28.25,85.25,3718.0,18.95610377047285,1310.097343679868
28.25,85.35,2498.0,15.198248456416586,800.0935722729988
28.25,85.45,5229.0,11.212042793031065,1853.2487773592127
28.25,85.549995,4693.0,25.65283598647179,204.5534633106913
28.25,85.65,5560.0,11.888005706266863,848.483056007778
28.25,85.75,5544.0,25.96621886705717,2346.533658405235
28.25,85.85,4860.0,7.51577993536516,396.721993463408
28.25,85.95,5197.0,8.104215271745678,1333.5999293221214
28.25,86.049995,4471.0,14.737018331052836,444.58228541186924
28.25,86.15,5321.0,6.8053098506797,1562.504928157072
28.25,86.25,5568.0,2.8414714009232442,1271.600006512864
28.25,86.35,5846.0,9.80392505468781,1685.4886637809839
28.25,86.45,5342.0,6.599102161035224,1234.8492419200297
28.25,86.549995,5719.0,7.40923560756377,1234.5255875809703
28.25,86.65,5782.0,7.509372438423197,1627.2900497821322
28.25,86.75,5898.0,12.341639268913033,2124.4824336411975
28.25,86.85,5328.0,5.6191091839293446,2053.7241707986414
28.25,86.95,4679.0,3.599973378428626,308.71889940060333
28.25,87.049995,4944.0,10.009495938778173,923.5077079825619
28.25,87.15,5193.0,3.0084673322340034,2795.7003116548676
28.25,87.25,5084.0,4.250219251089418,1026.6128191043065
28.25,87.35,4100.0,23.795091002236905,337.529459298139
28.25,87.45,4790.0,28.462193815515537,1667.516571972591
28.25,87.549995,5104.0,3.795119867214648,530.8044822450111
28.25,87.65,5711.0,5.911794085159493,848.4983976466481
28.25,87.75,4508.0,7.317997354970683,1120.6019874047574
28.25,87.85,4477.0,18.424930179081787,1501.730938815252
28.25,87.95,4683.0,9.555943593992264,1378.453896265648
28.25,88.049995,4596.0,9.932110456196696,615.8346828365402
28.25,88.15,4382.0,0.6257412364978799,691.6330590631779
28.25,88.25,4393.0,0.14316941306328804,315.32690469035043
28.25,88.35,4620.0,1.938405329666633,1202.6395222045942
28.25,88.45,4512.0,1.1121332837463385,288.6407479227098
28.349998,83.049995,2253.0,12.632117729462909,1015.941587073049
28.349998,83.15,1320.0,5.239387232893882,454.22617619823734
28.349998,83.25,2253.0,14.464715348831742,308.7565743480397
28.349998,83.35,2517.0,16.264395063706424,519.494696495163
28.349998,83.45,1947.0,21.280357849578575,847.8062658224771
28.349998,83.549995,1129.0,14.971993260848192,1161.0977857273685
28.349998,83.65,2677.0,19.440355735771757,1405.0270037967118
28.349998,83.75,1983.0,17.935478749564282,654.0906192401676
28.349998,83.85,2246.0,8.954293225771707,937.8161545087899
28.349998,83.95,1414.0,11.903843625083343,418.19978530667714
28.349998,84.049995,2321.0,21.51808257726952,926.4021281276858
28.349998,84.15,2839.0,13.414714133743265,1227.7500075574758
28.349998,84.25,2198.0,19.55255460116085,617.3435077907308
28.349998,84.35,2045.0,26.813552165598878,1416.3984828646917
28.349998,84.45,1808.0,21.06603339457596,1233.6239891031225
28.349998,84.549995,4172.0,8.716051514717616,1234.5412323155817
28.349998,84.65,4994.0,8.741026184084491,708.5440543378949
28.349998,84.75,4309.0,15.67586486152536,1119.7850953175237
28.349998,84.85,3205.0,21.97693753376651,1176.3029542541365
28.349998,84.95,2969.0,15.437081275566433,308.42532537519975
28.349998,85.049995,4763.0,13.88254458132452,815.9774464510833
28.349998,85.15,5194.0,27.2959948152294,805.937663339367
28.349998,85.25,4988.0,21.224037128492657,2142.8257383881023
28.349998,85.35,2566.0,20.439239227308764,614.0415606577853
28.349998,85.45,2952.0,17.324610509565883,308.7565744020795
28.349998,85.549995,5569.0,25.988467200536387,1815.052610645144
28.349998,85.65,5798.0,15.643344726291255,1853.0263876061915
28.349998,85.75,5905.0,17.62198301597036,617.0201863153445
28.349998,85.85,5341.0,12.119415985176307,1310.0253653975428
28.349998,85.95,5040.0,12.555110817572892,344.37711092646214
28.349998,86.049995,4482.0,17.460440280350113,482.4450438140179
28.349998,86.15,5415.0,15.943417190468965,2051.8446755080176
28.349998,86.25,6261.0,9.668968757352966,2178.2605808989524
28.349998,86.35,5907.0,6.9099257843511745,468.8497014478905
28.349998,86.45,6182.0,5.10786175502776,2289.9535690550424
28.349998,86.549995,5410.0,8.227413915971583,1313.6404035022335
28.349998,86.65,4909.0,3.3113341341082974,974.5502576473291
28.349998,86.75,5264.0,7.499032755655725,1621.3702904302777
28.349998,86.85,5027.0,8.299693141914668,2779.6507763084323
28.349998,86.95,4319.0,5.405009406280763,308.42532531512376
28.349998,87.049995,5191.0,8.053612743932042,1427.5935253784367
28.349998,87.15,4520.0,12.598214170205544,236.75978504889574
28.349998,87.25,4087.0,16.824173571594795,611.6161329228372
28.349998,87.35,4580.0,24.39871867412365,1448.302567528506
28.349998,87.45,4465.0,14.429654197468244,468.8497013764296
28.349998,87.549995,4532.0,9.666164673068742,321.7273333478392
28.349998,87.65,5167.0,11.845531966271599,499.0187744731777
28.349998,87.75,4510.0,11.015350223220935,269.9822845466356
28.349998,87.85,4198.0,0.13054477592954836,1111.2328885499342
28.349998,87.95,4864.0,16.868522982250276,1119.6374688701899
28.349998,88.049995,4831.0,9.265145343724823,2464.877048302159
28.349998,88.15,4781.0,2.562709287839081,2024.5572434370335
28.349998,88.25,4709.0,4.290928491228601,1864.2095162871738
28.349998,88.35,4507.0,6.29157326381978,1250.7976053914592
28.349998,88.45,4470.0,0.51126551480877,357.27814787951104
28.449999,83.049995,2432.0,12.35859243988477,308.0590777894266
28.449999,83.15,3014.0,2.8630555205949597,1683.7395092111417
28.449999,83.25,1935.0,10.893716816396791,308.54609324372075
28.449999,83.35,2018.0,16.45434142610107,1020.3419425742926
28.449999,83.45,2418.0,15.081958653072139,937.2023368441154
28.449999,83.549995,2611.0,9.86837307093155,1771.0035152943658
28.449999,83.65,2140.0,18.20858327102695,1425.7580950957904
28.449999,83.75,3598.0,25.540808056637484,1404.672539852047
28.449999,83.85,2411.0,19.905760652213633,348.5573063231915
28.449999,83.95,3629.0,20.867610576705115,468.5702043237469
28.449999,84.049995,3968.0,19.913270272556442,1448.3635448017417
28.449999,84.15,3527.0,23.993989128754748,925.4632923085361
28.449999,84.25,4700.0,12.90699240724729,1139.6584394437002
28.449999,84.35,3413.0,18.327855794080335,1191.938449033281
28.449999,84.45,3960.0,22.502517263621794,468.6731629988839
28.449999,84.549995,3653.0,13.2801124963544,617.3288488085302
28.449999,84.65,6299.0,24.378175786248413,1694.0269714229948
28.449999,84.75,3905.0,29.33535810052649,496.20593989647466
28.449999,84.85,2770.0,27.031551899578545,1164.9515145088105
28.449999,84.95,3373.0,16.70768907328106,1252.1996893551748
28.449999,85.049995,4104.0,10.885993512539121,308.70481590935725
28.449999,85.15,3763.0,7.444470997748416,308.38172839691293
28.449999,85.25,3154.0,19.885265298393957,391.90812693954007
28.449999,85.35,3995.0,11.322107542810016,613.3945589291045
28.449999,85.45,3882.0,28.736335957223545,634.9361309858754
28.449999,85.549995,5457.0,2.404408419198784,2156.0627165417072
28.449999,85.65,6331.0,5.069332992234759,2467.7099194404814
28.449999,85.75,5840.0,3.662802145184545,407.35946996124966
28.449999,85.85,5378.0,5.770649567943662,724.0954825795169
28.449999,85.95,4649.0,9.253671287166835,1062.7715900621386
28.449999,86.049995,4988.0,10.518376959894363,1309.885855649803
28.449999,86.15,4505.0,3.5113503309799885,627.4299251091155
28.449999,86.25,4943.0,5.464970031562693,286.6820811809614
28.449999,86.35,5598.0,10.688613927666012,1611.0431288784011
28.449999,86.45,4987.0,3.531471666075357,365.8539634308895
28.449999,86.549995,5001.0,4.005329827712409,2998.833140217967
28.449999,86.65,4723.0,4.718332862273039,1021.3168759427011
28.449999,86.75,5182.0,4.871098556807224,2467.712482086887
28.449999,86.85,5197.0,6.035985287848117,3134.618948096146
28.449999,86.95,4807.0,7.198299780032426,2159.2658954933327
28.449999,87.049995,4414.0,9.287614931552124,2088.167159009979
28.449999,87.15,4314.0,4.364529715504959,204.10308763963423
28.449999,87.25,5292.0,16.076659555278244,514.1863358140868
28.449999,87.35,5213.0,9.316085971355061,1553.3094043159251
28.449999,87.45,4642.0,23.245472058001322,1897.5928839916683
28.449999,87.549995,4894.0,14.944333828532477,1110.3044086159296
28.449999,87.65,4150.0,0.5237542328026903,724.0954825763679
28.449999,87.75,4183.0,3.9326572660507626,336.9748773956594
28.449999,87.85,4193.0,0.2805244209274669,534.6126372588412
28.449999,87.95,4694.0,8.740306646438361,937.2023369187244
28.449999,88.049995,4944.0,1.703678561927082,2603.821352243534
28.449999,88.15,4463.0,3.6881253656584456,926.5131938278521
28.449999,88.25,4431.0,0.2764974940751408,924.3846369771602
28.449999,88.35,4448.0,0.2596714302233473,695.1696430799644
28.449999,88.45,4572.0,2.420024044996126,670.6500143828748
