latitude,longitude,rainfall_1h_mm,rainfall_3h_mm,rainfall_6h_mm,rainfall_12h_mm,rainfall_24h_mm,flood_overlap_fraction,flood_label,event_id,date,label_source
24.05,83.049995,0.0,0.0,0.199999988079071,8.369999706745148,11.364999597892163,0.0,0,BIHAR_2024_09_27,2024-09-27,NRSC_Sentinel1A
24.05,83.15,0.0,0.0,0.1749999970197677,4.45499986410141,7.2249998124316335,0.0,0,BIHAR_2024_09_27,2024-09-27,NRSC_Sentinel1A
24.05,83.25,0.0,0.0,0.1499999910593032,5.024999871850014,7.869999833405018,0.0,0,BIHAR_2024_09_27,2024-09-27,NRSC_Sentinel1A
24.05,83.35,0.0,0.1049999967217445,0.3499999865889549,8.229999788105488,11.219999697990716,0.0,0,BIHAR_2024_09_27,2024-09-27,NRSC_Sentinel1A
24.05,83.45,0.0,0.0,1.094999976456165,10.79999991506338,14.499999839812515,0.0,0,BIHAR_2024_09_27,2024-09-27,NRSC_Sentinel1A
24.05,83.549995,0.1049999967217445,0.2499999925494194,2.379999913275242,10.68499980121851,14.87999965250492,0.0,0,BIHAR_2024_09_27,2024-09-27,NRSC_Sentinel1A
24.05,83.65,0.1549999937415123,0.3149999845772981,6.759999709203839,16.469999568536878,20.409999476745725,0.0,0,BIHAR_2024_09_27,2024-09-27,NRSC_Sentinel1A
24.05,83.75,0.1749999970197677,0.7199999988079071,13.264999836683272,23.684999585151672,27.129999523051083,0.0,0,BIHAR_2024_09_27,2024-09-27,NRSC_Sentinel1A
24.05,83.85,0.2299999892711639,0.9999999701976776,10.554999858140944,21.91999962925911,24.68999955710024,0.0,0,BIHAR_2024_09_27,2024-09-27,NRSC_Sentinel1A
24.05,83.95,0.1749999970197677,1.414999946951866,11.249999806284904,24.324999645352364,27.01499959081412,0.0,0,BIHAR_2024_09_27,2024-09-27,NRSC_Sentinel1A
24.05,84.049995,0.2599999904632568,1.0899999737739563,11.604999482631683,23.66499930620193,26.45999922696501,0.0,0,BIHAR_2024_09_27,2024-09-27,NRSC_Sentinel1A
24.05,84.15,0.8349999934434891,5.589999943971634,27.009999066591263,38.769998863339424,42.70499877911061,0.0,0,BIHAR_2024_09_27,2024-09-27,NRSC_Sentinel1A
24.05,84.25,2.164999961853028,8.489999771118164,31.204999327659607,40.674999207258224,43.37999915424734,0.0,0,BIHAR_2024_09_27,2024-09-27,NRSC_Sentinel1A
24.05,84.35,2.754999876022339,10.229999899864197,35.74999964237213,45.12499938905239,47.449999309144914,0.0,0,BIHAR_2024_09_27,2024-09-27,NRSC_Sentinel1A
24.05,84.45,2.6799999475479126,9.37499976158142,26.829999446868896,33.049999326467514,34.58499928470701,0.0,0,BIHAR_2024_09_27,2024-09-27,NRSC_Sentinel1A
24.05,84.549995,4.629999876022339,15.544999361038208,25.06499904394149,30.52999885380268,32.24499879498035,0.0,0,BIHAR_2024_09_27,2024-09-27,NRSC_Sentinel1A
24.05,84.65,7.049999952316284,22.02499961853028,26.709999442100525,30.899999365210533,32.78999933041632,0.0,0,BIHAR_2024_09_27,2024-09-27,NRSC_Sentinel1A
24.05,84.75,6.119999885559082,22.334999322891235,25.969999223947525,29.78999909758568,32.509999038651586,0.0,0,BIHAR_2024_09_27,2024-09-27,NRSC_Sentinel1A
24.05,84.85,8.319999933242798,23.20999956130981,26.24499949067831,28.04499944578856,29.224999421276152,0.0,0,BIHAR_2024_09_27,2024-09-27,NRSC_Sentinel1A
24.05,84.95,13.010000228881836,26.01999974250793,29.4499996304512,30.39999957382679,31.654999539256096,0.0,0,BIHAR_2024_09_27,2024-09-27,NRSC_Sentinel1A
24.05,85.049995,9.65999984741211,21.239999651908875,27.55499948561192,27.80499948561192,29.63999941945076,0.0,0,BIHAR_2024_09_27,2024-09-27,NRSC_Sentinel1A
24.05,85.15,6.355000019073486,17.29499989748001,23.01999971270561,23.61499969661236,25.12999964132905,0.0,0,BIHAR_2024_09_27,2024-09-27,NRSC_Sentinel1A
24.05,85.25,5.804999828338623,14.539999723434448,16.494999647140503,17.909999621100724,19.71499957516789,0.0,0,BIHAR_2024_09_27,2024-09-27,NRSC_Sentinel1A
24.05,85.35,7.609999895095825,15.764999747276306,16.454999734647572,17.869999674148858,20.474999574944377,0.0,0,BIHAR_2024_09_27,2024-09-27,NRSC_Sentinel1A
24.05,85.45,7.9349998235702515,15.174999475479126,15.799999453127384,16.694999437779188,19.444999430328608,0.0,0,BIHAR_2024_09_27,2024-09-27,NRSC_Sentinel1A
24.05,85.549995,9.740000009536743,17.854999780654907,19.309999763965607,19.94999973848462,22.62999963015318,0.0,0,BIHAR_2024_09_27,2024-09-27,NRSC_Sentinel1A
24.05,85.65,7.684999942779541,15.62999987602234,17.449999809265137,18.13499980140477,20.224999768659472,0.0,0,BIHAR_2024_09_27,2024-09-27,NRSC_Sentinel1A
24.05,85.75,7.079999923706055,17.024999767541885,18.78499972820282,19.69999970495701,24.449999574571848,0.0,0,BIHAR_2024_09_27,2024-09-27,NRSC_Sentinel1A
24.05,85.85,5.914999723434448,12.054999768733978,13.129999715834856,13.894999685697258,18.644999568350613,0.0,0,BIHAR_2024_09_27,2024-09-27,NRSC_Sentinel1A
24.05,85.95,3.050000011920929,8.764999866485596,9.339999847114086,10.219999827444552,13.909999737516046,0.0,0,BIHAR_2024_09_27,2024-09-27,NRSC_Sentinel1A
24.05,86.049995,1.949999898672104,5.349999889731407,5.509999880567193,7.10999986436218,10.024999781511724,0.0,0,BIHAR_2024_09_27,2024-09-27,NRSC_Sentinel1A
24.05,86.15,1.3499999642372131,2.73499995470047,2.829999953508377,5.734999898821116,12.654999691061676,0.0,0,BIHAR_2024_09_27,2024-09-27,NRSC_Sentinel1A
24.05,86.25,0.324999988079071,0.9649999737739564,1.2249999642372131,5.404999856837094,15.544999551959336,0.0,0,BIHAR_2024_09_27,2024-09-27,NRSC_Sentinel1A
24.05,86.35,0.2799999937415123,0.9849999845027924,1.354999989271164,10.494999699294569,21.684999365359545,0.0,0,BIHAR_2024_09_27,2024-09-27,NRSC_Sentinel1A
24.05,86.45,0.7399999499320984,1.7299998998641968,2.1099998876452446,12.609999736770988,25.754999313503504,0.0,0,BIHAR_2024_09_27,2024-09-27,NRSC_Sentinel1A
24.05,86.549995,0.6649999767541885,1.4999999552965164,1.8299999525770545,15.324999689124525,19.634999569505453,0.0,0,BIHAR_2024_09_27,2024-09-27,NRSC_Sentinel1A
24.05,86.65,0.7349999845027924,1.2899999618530271,1.3049999615177512,14.689999460242689,17.90499935299158,0.0,0,BIHAR_2024_09_27,2024-09-27,NRSC_Sentinel1A
24.05,86.75,0.8349999785423279,1.6249999701976776,1.8249999629333613,8.969999787397683,10.90499973949045,0.0,0,BIHAR_2024_09_27,2024-09-27,NRSC_Sentinel1A
24.05,86.85,0.044999998062849,0.2449999861419201,0.8299999795854092,6.034999826923013,8.94999973475933,0.0,0,BIHAR_2024_09_27,2024-09-27,NRSC_Sentinel1A
24.05,86.95,0.0,0.2049999982118606,1.209999963641167,6.199999798089266,9.509999765083194,0.0,0,BIHAR_2024_09_27,2024-09-27,NRSC_Sentinel1A
24.05,87.049995,0.0,0.5049999952316284,2.644999906420708,8.999999642372131,10.959999565966427,0.0,0,BIHAR_2024_09_27,2024-09-27,NRSC_Sentinel1A
24.05,87.15,0.1550000002607703,2.714999913237989,6.329999758861959,11.434999688528478,13.449999649077654,0.0,0,BIHAR_2024_09_27,2024-09-27,NRSC_Sentinel1A
24.05,87.25,0.6599999815225601,3.3599999397993088,8.059999898076057,19.37999974936247,21.64499969035387,0.0,0,BIHAR_2024_09_27,2024-09-27,NRSC_Sentinel1A
24.05,87.35,1.7199999690055847,6.644999861717224,10.009999722242355,24.244999177753925,27.749999126419425,0.0,0,BIHAR_2024_09_27,2024-09-27,NRSC_Sentinel1A
24.05,87.45,1.4300000071525574,5.749999940395355,9.694999903440475,30.48999941349029,33.77999931015074,0.0,0,BIHAR_2024_09_27,2024-09-27,NRSC_Sentinel1A
24.05,87.549995,0.8199999928474426,2.379999965429306,5.9649997651577,25.77999926358461,28.83499917853624,0.0,0,BIHAR_2024_09_27,2024-09-27,NRSC_Sentinel1A
24.05,87.65,0.6949999779462814,1.8549999445676804,4.039999887347221,19.259999357163903,22.674999248236418,0.0,0,BIHAR_2024_09_27,2024-09-27,NRSC_Sentinel1A
24.05,87.75,0.5199999809265137,1.1699999645352364,4.359999872744083,22.58499949425459,25.7099993750453,0.0,0,BIHAR_2024_09_27,2024-09-27,NRSC_Sentinel1A
24.05,87.85,0.6799999624490738,0.7099999617785215,1.9799999352544544,13.389999872073531,16.29499981366098,0.0,0,BIHAR_2024_09_27,2024-09-27,NRSC_Sentinel1A
24.05,87.95,0.5399999842047691,0.5399999842047691,1.4849999602884054,9.144999584183097,11.979999518953264,0.0,0,BIHAR_2024_09_27,2024-09-27,NRSC_Sentinel1A
24.05,88.049995,0.5949999988079071,0.9949999824166298,1.944999985396862,9.39499982446432,13.554999706335366,0.0,0,BIHAR_2024_09_27,2024-09-27,NRSC_Sentinel1A
24.05,88.15,1.3649999797344208,2.1999999657273293,2.7899999544024467,6.964999862015247,11.134999711997809,0.0,0,BIHAR_2024_09_27,2024-09-27,NRSC_Sentinel1A
24.05,88.25,0.9199999570846558,1.704999938607216,2.6949999146163464,6.749999835155904,11.34999982919544,0.0,0,BIHAR_2024_09_27,2024-09-27,NRSC_Sentinel1A
24.05,88.35,0.8249999582767487,1.614999920129776,2.794999897480011,5.959999829530716,10.929999709129332,0.0,0,BIHAR_2024_09_27,2024-09-27,NRSC_Sentinel1A
24.05,88.45,0.7749999761581421,1.289999946951866,1.7399999294430015,4.234999851323664,9.659999643452466,0.0,0,BIHAR_2024_09_27,2024-09-27,NRSC_Sentinel1A
24.15,83.049995,0.0,0.0,0.0199999995529651,7.664999920874834,11.519999798387287,0.0,0,BIHAR_2024_09_27,2024-09-27,NRSC_Sentinel1A
24.15,83.15,0.0,0.0,0.0149999996647238,4.794999896548688,7.989999814890325,0.0,0,BIHAR_2024_09_27,2024-09-27,NRSC_Sentinel1A
24.15,83.25,0.0,0.0,0.1499999957159161,5.554999847896397,9.054999785497785,0.0,0,BIHAR_2024_09_27,2024-09-27,NRSC_Sentinel1A
24.15,83.35,0.0,0.1099999994039535,0.2849999964237213,8.799999728798866,12.494999636895956,0.0,0,BIHAR_2024_09_27,2024-09-27,NRSC_Sentinel1A
24.15,83.45,0.0,0.0,1.0099999755620956,10.939999863505363,15.08999978005886,0.0,0,BIHAR_2024_09_27,2024-09-27,NRSC_Sentinel1A
24.15,83.549995,0.1049999967217445,0.2349999919533729,0.9249999597668648,10.98999970406294,15.73499956727028,0.0,0,BIHAR_2024_09_27,2024-09-27,NRSC_Sentinel1A
24.15,83.65,0.1549999937415123,0.3099999846890569,1.8749999525025487,12.714999583549798,17.23999941814691,0.0,0,BIHAR_2024_09_27,2024-09-27,NRSC_Sentinel1A
24.15,83.75,0.1399999968707561,0.3149999855086207,6.709999847225845,17.929999473504722,21.694999363273386,0.0,0,BIHAR_2024_09_27,2024-09-27,NRSC_Sentinel1A
24.15,83.85,0.169999998062849,0.8199999891221523,6.70499974116683,19.12499951943755,22.05499941110611,0.0,0,BIHAR_2024_09_27,2024-09-27,NRSC_Sentinel1A
24.15,83.95,0.1349999969825148,0.6699999934062362,6.759999847970903,22.17999970074743,24.82999963220209,0.0,0,BIHAR_2024_09_27,2024-09-27,NRSC_Sentinel1A
24.15,84.049995,0.1349999997764825,0.824999975040555,6.644999848678708,23.06999954767525,26.109999500215054,0.0,0,BIHAR_2024_09_27,2024-09-27,NRSC_Sentinel1A
24.15,84.15,0.2799999862909317,4.67999991774559,20.52999958395958,34.32999928295612,39.43999911751598,0.0,0,BIHAR_2024_09_27,2024-09-27,NRSC_Sentinel1A
24.15,84.25,1.7249999046325684,9.68999969959259,29.199999153614044,38.31999886035919,41.99499875772744,0.0,0,BIHAR_2024_09_27,2024-09-27,NRSC_Sentinel1A
24.15,84.35,1.6249999403953552,10.034999907016754,32.24499934911728,39.32999926805496,42.39999917522073,0.0,0,BIHAR_2024_09_27,2024-09-27,NRSC_Sentinel1A
24.15,84.45,2.1399999856948853,9.929999828338625,23.31499969959259,27.92999956011772,29.88999952375889,0.0,0,BIHAR_2024_09_27,2024-09-27,NRSC_Sentinel1A
24.15,84.549995,3.4649999141693115,17.679999828338623,25.904999554157257,30.31999948620796,32.64999942108989,0.0,0,BIHAR_2024_09_27,2024-09-27,NRSC_Sentinel1A
24.15,84.65,4.224999904632568,21.90999960899353,27.279999375343323,31.59999926388264,33.849999241530895,0.0,0,BIHAR_2024_09_27,2024-09-27,NRSC_Sentinel1A
24.15,84.75,4.75,25.6349995136261,31.19499933719635,35.34499925374985,37.80999919120222,0.0,0,BIHAR_2024_09_27,2024-09-27,NRSC_Sentinel1A
24.15,84.85,7.884999990463257,27.12999963760376,32.48999962210655,34.50499953329563,36.16499949246645,0.0,0,BIHAR_2024_09_27,2024-09-27,NRSC_Sentinel1A
24.15,84.95,11.894999504089355,27.85499906539917,33.1099990606308,34.234999023377895,35.55999900214374,0.0,0,BIHAR_2024_09_27,2024-09-27,NRSC_Sentinel1A
24.15,85.049995,9.389999866485596,24.2649998664856,30.5549997985363,31.749999798834324,33.38499971944839,0.0,0,BIHAR_2024_09_27,2024-09-27,NRSC_Sentinel1A
24.15,85.15,4.950000047683716,17.9399995803833,21.80499950051308,22.5799994841218,24.45999942533672,0.0,0,BIHAR_2024_09_27,2024-09-27,NRSC_Sentinel1A
24.15,85.25,5.2099997997283936,15.229999661445618,17.939999639987946,18.92999962437898,21.15499954856932,0.0,0,BIHAR_2024_09_27,2024-09-27,NRSC_Sentinel1A
24.15,85.35,9.434999704360962,19.03999936580658,20.48999935388565,21.68499932438135,25.03999922890216,0.0,0,BIHAR_2024_09_27,2024-09-27,NRSC_Sentinel1A
24.15,85.45,10.544999599456789,18.56999957561493,20.42499950528145,22.66499950736761,25.68499946314841,0.0,0,BIHAR_2024_09_27,2024-09-27,NRSC_Sentinel1A
24.15,85.549995,15.649999618530272,26.09499943256378,28.2299993634224,29.644999326206744,31.93999923858792,0.0,0,BIHAR_2024_09_27,2024-09-27,NRSC_Sentinel1A
24.15,85.65,13.614999771118164,24.299999594688416,26.594999507069588,27.76999948825687,29.36499944794923,0.0,0,BIHAR_2024_09_27,2024-09-27,NRSC_Sentinel1A
24.15,85.75,9.949999809265137,20.85999965667725,22.53499960899353,23.874999567866325,27.674999394454066,0.0,0,BIHAR_2024_09_27,2024-09-27,NRSC_Sentinel1A
24.15,85.85,10.0,16.544999957084656,17.489999935030937,18.68499991297722,22.08999984245748,0.0,0,BIHAR_2024_09_27,2024-09-27,NRSC_Sentinel1A
24.15,85.95,2.8549998998641968,8.899999916553497,9.604999884963036,11.064999849535525,14.11999981943518,0.0,0,BIHAR_2024_09_27,2024-09-27,NRSC_Sentinel1A
24.15,86.049995,1.7399999499320984,5.829999849200249,6.119999848306179,9.81999976374209,12.439999701455235,0.0,0,BIHAR_2024_09_27,2024-09-27,NRSC_Sentinel1A
24.15,86.15,0.949999988079071,2.649999961256981,2.9899999499320984,6.809999872930348,11.254999776370823,0.0,0,BIHAR_2024_09_27,2024-09-27,NRSC_Sentinel1A
24.15,86.25,0.6599999964237213,1.9099999517202373,2.5549999326467514,7.004999823868275,14.624999666586518,0.0,0,BIHAR_2024_09_27,2024-09-27,NRSC_Sentinel1A
24.15,86.35,0.5399999767541885,1.6599999517202375,2.184999942779541,10.244999796152117,20.354999533854425,0.0,0,BIHAR_2024_09_27,2024-09-27,NRSC_Sentinel1A
24.15,86.45,0.4699999988079071,1.6399999558925629,1.9299999540671704,13.10999973770231,25.284999548457563,0.0,0,BIHAR_2024_09_27,2024-09-27,NRSC_Sentinel1A
24.15,86.549995,0.6899999678134918,1.8599999397993088,2.0849999338388443,18.674999490380287,24.43999938853085,0.0,0,BIHAR_2024_09_27,2024-09-27,NRSC_Sentinel1A
24.15,86.65,0.8799999952316284,1.584999978542328,1.809999972581864,16.40999960899353,20.399999579414725,0.0,0,BIHAR_2024_09_27,2024-09-27,NRSC_Sentinel1A
24.15,86.75,0.9249999821186066,1.9349999576807024,2.8399999290704727,11.219999640248716,13.524999561719596,0.0,0,BIHAR_2024_09_27,2024-09-27,NRSC_Sentinel1A
24.15,86.85,0.5899999886751175,1.169999986886978,2.06999996304512,9.56499993801117,12.524999864399431,0.0,0,BIHAR_2024_09_27,2024-09-27,NRSC_Sentinel1A
24.15,86.95,0.1299999952316284,0.1299999952316284,2.7749999165534973,9.70999976247549,12.784999676980078,0.0,0,BIHAR_2024_09_27,2024-09-27,NRSC_Sentinel1A
24.15,87.049995,0.125,0.4900000020861625,2.6899999603629112,12.444999646395445,14.37499959859997,0.0,0,BIHAR_2024_09_27,2024-09-27,NRSC_Sentinel1A
24.15,87.15,0.0,1.434999942779541,6.664999723434448,14.72999943047762,16.649999384768307,0.0,0,BIHAR_2024_09_27,2024-09-27,NRSC_Sentinel1A
24.15,87.25,0.5149999931454659,2.0100000025704503,7.589999821968377,21.6499995412305,23.329999475739896,0.0,0,BIHAR_2024_09_27,2024-09-27,NRSC_Sentinel1A
24.15,87.35,1.2449999451637268,4.409999907016754,8.809999793767929,24.33999939262867,26.744999304413795,0.0,0,BIHAR_2024_09_27,2024-09-27,NRSC_Sentinel1A
24.15,87.45,1.1649999618530271,3.634999945759773,7.189999833703041,29.88499920815229,32.59499912522733,0.0,0,BIHAR_2024_09_27,2024-09-27,NRSC_Sentinel1A
24.15,87.549995,0.7899999618530273,2.584999948740005,5.2249998562037945,26.984999369829893,29.73999932128936,0.0,0,BIHAR_2024_09_27,2024-09-27,NRSC_Sentinel1A
24.15,87.65,0.5299999862909317,1.5399999618530271,4.294999897480011,19.0799997150898,21.664999658241868,0.0,0,BIHAR_2024_09_27,2024-09-27,NRSC_Sentinel1A
24.15,87.75,0.6099999845027924,1.139999970793724,3.374999925494194,19.31999965757132,21.90499958395958,0.0,0,BIHAR_2024_09_27,2024-09-27,NRSC_Sentinel1A
24.15,87.85,0.5399999991059303,0.5399999991059303,2.589999981224537,13.214999672025442,16.009999629110098,0.0,0,BIHAR_2024_09_27,2024-09-27,NRSC_Sentinel1A
24.15,87.95,0.6749999523162842,0.689999951981008,1.3199999472126365,9.36499962117523,11.924999554641545,0.0,0,BIHAR_2024_09_27,2024-09-27,NRSC_Sentinel1A
24.15,88.049995,1.580000013113022,2.605000004172325,3.379999976605177,10.60999982059002,14.054999801330268,0.0,0,BIHAR_2024_09_27,2024-09-27,NRSC_Sentinel1A
24.15,88.15,1.4449999928474426,2.414999961853028,2.9899999499320984,7.979999884963036,11.76999975927174,0.0,0,BIHAR_2024_09_27,2024-09-27,NRSC_Sentinel1A
24.15,88.25,1.0149999558925629,1.76999993622303,3.2749998718500137,7.319999802857637,11.164999771863222,0.0,0,BIHAR_2024_09_27,2024-09-27,NRSC_Sentinel1A
24.15,88.35,1.084999978542328,1.949999943375588,3.894999906420708,7.319999851286411,11.529999770224094,0.0,0,BIHAR_2024_09_27,2024-09-27,NRSC_Sentinel1A
24.15,88.45,0.6549999862909317,1.4849999696016312,1.6999999582767489,4.0549998851493,8.269999747164547,0.0,0,BIHAR_2024_09_27,2024-09-27,NRSC_Sentinel1A
24.25,83.049995,0.0,0.0,0.0149999996647238,6.60999986436218,10.894999756477771,0.0,0,BIHAR_2024_09_27,2024-09-27,NRSC_Sentinel1A
24.25,83.15,0.0,0.0,0.1599999964237213,4.8699998408555984,9.434999741613863,0.0,0,BIHAR_2024_09_27,2024-09-27,NRSC_Sentinel1A
24.25,83.25,0.0,0.0,0.1499999910593032,4.919999867677689,9.234999776817858,0.0,0,BIHAR_2024_09_27,2024-09-27,NRSC_Sentinel1A
24.25,83.35,0.0,0.0949999988079071,0.3449999988079071,6.3749998807907104,9.994999788701534,0.0,0,BIHAR_2024_09_27,2024-09-27,NRSC_Sentinel1A
24.25,83.45,0.0,0.0,0.5299999862909317,12.384999692440031,16.879999615252018,0.0,0,BIHAR_2024_09_27,2024-09-27,NRSC_Sentinel1A
24.25,83.549995,0.1249999972060322,0.2649999978020787,0.934999999590218,16.549999591894448,21.91999947745353,0.0,0,BIHAR_2024_09_27,2024-09-27,NRSC_Sentinel1A
24.25,83.65,0.169999998062849,0.33999998960644,1.4849999407306314,16.164999553002417,21.48999942559749,0.0,0,BIHAR_2024_09_27,2024-09-27,NRSC_Sentinel1A
24.25,83.75,0.20499999076128,0.3749999925494194,4.114999823272228,18.68499962240457,23.319999537430704,0.0,0,BIHAR_2024_09_27,2024-09-27,NRSC_Sentinel1A
24.25,83.85,0.2299999892711639,0.9399999529123306,4.144999787211418,18.974999591708183,22.684999480843544,0.0,0,BIHAR_2024_09_27,2024-09-27,NRSC_Sentinel1A
24.25,83.95,0.2199999988079071,0.7149999886751175,2.9699998944997787,24.67999903857708,27.894998964853585,0.0,0,BIHAR_2024_09_27,2024-09-27,NRSC_Sentinel1A
24.25,84.049995,0.2299999892711639,0.7349999845027924,3.524999886751175,22.3299997150898,25.66499960143119,0.0,0,BIHAR_2024_09_27,2024-09-27,NRSC_Sentinel1A
24.25,84.15,0.2199999913573265,2.399999968707561,12.324999682605268,24.984999172389507,29.56499905884266,0.0,0,BIHAR_2024_09_27,2024-09-27,NRSC_Sentinel1A
24.25,84.25,0.5599999725818634,7.919999748468399,19.12999963760376,25.90499944984913,29.4749994026497,0.0,0,BIHAR_2024_09_27,2024-09-27,NRSC_Sentinel1A
24.25,84.35,0.5749999731779099,9.064999923110008,24.77999971807003,30.51499956846237,34.929999466985464,0.0,0,BIHAR_2024_09_27,2024-09-27,NRSC_Sentinel1A
24.25,84.45,1.199999988079071,10.35999983549118,21.59499967098236,25.8249995559454,28.50499949324876,0.0,0,BIHAR_2024_09_27,2024-09-27,NRSC_Sentinel1A
24.25,84.549995,1.4699999690055847,15.129999458789824,23.044999420642853,27.00499936938286,29.64499930664897,0.0,0,BIHAR_2024_09_27,2024-09-27,NRSC_Sentinel1A
24.25,84.65,1.649999916553497,18.5749996304512,26.56499943137169,31.72999930381775,34.139999240636826,0.0,0,BIHAR_2024_09_27,2024-09-27,NRSC_Sentinel1A
24.25,84.75,2.794999837875366,21.584999322891235,30.139999121427536,35.03999890387058,37.61499885376543,0.0,0,BIHAR_2024_09_27,2024-09-27,NRSC_Sentinel1A
24.25,84.85,5.115000009536743,24.939999103546143,33.054998740553856,35.64499864447862,37.48499860055745,0.0,0,BIHAR_2024_09_27,2024-09-27,NRSC_Sentinel1A
24.25,84.95,7.699999809265137,25.804999589920044,33.24999959021807,34.144999575801194,36.18499955069274,0.0,0,BIHAR_2024_09_27,2024-09-27,NRSC_Sentinel1A
24.25,85.049995,5.139999866485596,19.33999943733216,25.95499920845032,26.15499919652939,28.394999146461487,0.0,0,BIHAR_2024_09_27,2024-09-27,NRSC_Sentinel1A
24.25,85.15,2.75,13.59499967098236,17.564999505877495,17.87999950069934,20.0349994469434,0.0,0,BIHAR_2024_09_27,2024-09-27,NRSC_Sentinel1A
24.25,85.25,4.429999828338623,13.089999794960022,16.39499970525503,18.5749995931983,20.739999555051327,0.0,0,BIHAR_2024_09_27,2024-09-27,NRSC_Sentinel1A
24.25,85.35,8.199999809265137,19.514999508857727,21.099999450147152,25.444999270141125,28.629999177530408,0.0,0,BIHAR_2024_09_27,2024-09-27,NRSC_Sentinel1A
24.25,85.45,9.585000038146973,21.16999983787537,23.53999976813793,27.194999610073864,32.45499933697283,0.0,0,BIHAR_2024_09_27,2024-09-27,NRSC_Sentinel1A
24.25,85.549995,16.484999656677246,31.66499948501587,34.15499944984913,35.92499940562993,39.40999931935221,0.0,0,BIHAR_2024_09_27,2024-09-27,NRSC_Sentinel1A
24.25,85.65,18.00999927520752,32.45499920845032,36.14999917149544,37.78499914705753,40.40999908838421,0.0,0,BIHAR_2024_09_27,2024-09-27,NRSC_Sentinel1A
24.25,85.75,12.249999523162842,25.38999915122986,29.18999905884266,30.974999010562897,33.32499897480011,0.0,0,BIHAR_2024_09_27,2024-09-27,NRSC_Sentinel1A
24.25,85.85,8.184999704360962,15.604999542236328,17.234999489970505,19.024999456480145,21.039999393746257,0.0,0,BIHAR_2024_09_27,2024-09-27,NRSC_Sentinel1A
24.25,85.95,2.1999999284744263,7.079999804496765,7.944999788887799,10.104999725706875,11.914999665692449,0.0,0,BIHAR_2024_09_27,2024-09-27,NRSC_Sentinel1A
24.25,86.049995,1.3949999809265137,5.0149999260902405,5.429999902844429,8.784999821335077,10.674999767914414,0.0,0,BIHAR_2024_09_27,2024-09-27,NRSC_Sentinel1A
24.25,86.15,0.9900000095367432,2.879999935626984,3.064999938011169,5.8449998795986176,8.96999976132065,0.0,0,BIHAR_2024_09_27,2024-09-27,NRSC_Sentinel1A
24.25,86.25,0.6099999696016312,1.879999935626984,2.384999930858612,6.744999825954437,12.049999712966384,0.0,0,BIHAR_2024_09_27,2024-09-27,NRSC_Sentinel1A
24.25,86.35,1.074999988079071,2.369999960064888,3.014999933540821,12.804999761283398,21.27499950490892,0.0,0,BIHAR_2024_09_27,2024-09-27,NRSC_Sentinel1A
24.25,86.45,0.7299999594688416,1.9949999153614044,2.9849998839199543,18.82999973371625,30.15999961737544,0.0,0,BIHAR_2024_09_27,2024-09-27,NRSC_Sentinel1A
24.25,86.549995,0.8949999809265137,2.899999976158142,3.349999949336052,24.20499961078167,31.269999472424388,0.0,0,BIHAR_2024_09_27,2024-09-27,NRSC_Sentinel1A
24.25,86.65,0.8499999642372131,2.164999961853028,2.339999958872795,20.384999617934227,24.82999950647354,0.0,0,BIHAR_2024_09_27,2024-09-27,NRSC_Sentinel1A
24.25,86.75,1.1199999451637268,2.5249999165534973,3.2549998909235,13.70999962091446,16.15999957639724,0.0,0,BIHAR_2024_09_27,2024-09-27,NRSC_Sentinel1A
24.25,86.85,0.8449999988079071,2.03499998152256,2.7299999743700027,12.719999738037586,15.399999682791533,0.0,0,BIHAR_2024_09_27,2024-09-27,NRSC_Sentinel1A
24.25,86.95,0.4799999892711639,1.1749999523162842,3.414999917149544,14.204999424517156,17.464999341405928,0.0,0,BIHAR_2024_09_27,2024-09-27,NRSC_Sentinel1A
24.25,87.049995,0.5,1.4349999725818634,4.874999895691872,18.099999383091927,20.09999934956432,0.0,0,BIHAR_2024_09_27,2024-09-27,NRSC_Sentinel1A
24.25,87.15,0.1099999994039535,1.289999946951866,6.904999736696482,19.04999950900674,20.72499944083393,0.0,0,BIHAR_2024_09_27,2024-09-27,NRSC_Sentinel1A
24.25,87.25,0.5849999934434891,0.839999983087182,8.599999744445086,28.16999926045537,29.909999202936888,0.0,0,BIHAR_2024_09_27,2024-09-27,NRSC_Sentinel1A
24.25,87.35,1.534999966621399,2.774999928660691,10.049999644048512,28.60499896574765,30.839998898096383,0.0,0,BIHAR_2024_09_27,2024-09-27,NRSC_Sentinel1A
24.25,87.45,1.2049999833106997,2.5999999195337296,7.159999791532755,33.06999898329377,35.74499892536551,0.0,0,BIHAR_2024_09_27,2024-09-27,NRSC_Sentinel1A
24.25,87.549995,1.6099999248981476,3.154999881982804,7.784999741241336,29.609998850151896,31.90499879140407,0.0,0,BIHAR_2024_09_27,2024-09-27,NRSC_Sentinel1A
24.25,87.65,1.1399999558925629,2.454999953508377,6.6349998116493225,22.909999296069145,25.609999231994152,0.0,0,BIHAR_2024_09_27,2024-09-27,NRSC_Sentinel1A
24.25,87.75,0.614999994635582,1.7799999713897705,4.034999921917915,21.144999481737614,23.744999386370186,0.0,0,BIHAR_2024_09_27,2024-09-27,NRSC_Sentinel1A
24.25,87.85,1.1399999558925629,1.9999999403953552,4.7249999195337296,14.309999734163284,16.819999683648348,0.0,0,BIHAR_2024_09_27,2024-09-27,NRSC_Sentinel1A
24.25,87.95,1.8649999499320984,2.9099999368190765,3.519999906420708,12.374999661929904,15.034999539144335,0.0,0,BIHAR_2024_09_27,2024-09-27,NRSC_Sentinel1A
24.25,88.049995,1.104999989271164,2.009999975562096,2.464999963529408,10.969999835826457,14.489999723620713,0.0,0,BIHAR_2024_09_27,2024-09-27,NRSC_Sentinel1A
24.25,88.15,1.7549998760223389,2.9399998486042023,3.529999829828739,10.989999614655972,14.549999587237837,0.0,0,BIHAR_2024_09_27,2024-09-27,NRSC_Sentinel1A
24.25,88.25,1.344999998807907,2.374999985098839,4.209999933838844,10.72999979928136,14.23999966867268,0.0,0,BIHAR_2024_09_27,2024-09-27,NRSC_Sentinel1A
24.25,88.35,0.8999999761581421,1.704999953508377,2.834999918937683,7.954999845474958,11.489999707788227,0.0,0,BIHAR_2024_09_27,2024-09-27,NRSC_Sentinel1A
24.25,88.45,0.9549999833106996,1.85999995470047,2.049999952316284,5.874999843537808,11.739999742247164,0.0,0,BIHAR_2024_09_27,2024-09-27,NRSC_Sentinel1A
24.35,83.049995,0.0,0.0,0.0,10.109999865293505,14.30499977618456,0.0,0,BIHAR_2024_09_27,2024-09-27,NRSC_Sentinel1A
24.35,83.15,0.0,0.0,0.0,10.65499985218048,16.159999676048756,0.0,0,BIHAR_2024_09_27,2024-09-27,NRSC_Sentinel1A
24.35,83.25,0.0,0.0,0.0,13.209999680519104,17.85499957948923,0.0,0,BIHAR_2024_09_27,2024-09-27,NRSC_Sentinel1A
24.35,83.35,0.0,0.0,0.0,11.289999574422836,15.139999493956566,0.0,0,BIHAR_2024_09_27,2024-09-27,NRSC_Sentinel1A
24.35,83.45,0.0,0.0,0.3400000035762787,17.579999677836895,22.424999594688416,0.0,0,BIHAR_2024_09_27,2024-09-27,NRSC_Sentinel1A
24.35,83.549995,0.1199999973177909,0.2949999943375587,0.8249999657273293,23.52499946951866,28.88499930128455,0.0,0,BIHAR_2024_09_27,2024-09-27,NRSC_Sentinel1A
24.35,83.65,0.169999998062849,0.3599999900907278,1.4049999471753836,19.64499949477613,24.954999374225736,0.0,0,BIHAR_2024_09_27,2024-09-27,NRSC_Sentinel1A
24.35,83.75,0.2349999845027923,0.4549999795854091,3.249999936670065,20.299999561160803,25.459999450482428,0.0,0,BIHAR_2024_09_27,2024-09-27,NRSC_Sentinel1A
24.35,83.85,0.2349999845027923,1.1899999380111694,2.774999886751175,17.16499960422516,21.544999494217336,0.0,0,BIHAR_2024_09_27,2024-09-27,NRSC_Sentinel1A
24.35,83.95,0.25,0.9149999916553496,1.8749999701976776,19.139999359846115,22.91499929875136,0.0,0,BIHAR_2024_09_27,2024-09-27,NRSC_Sentinel1A
24.35,84.049995,0.2449999973177909,0.7649999782443047,1.7149999663233757,17.86499970406294,21.0149996438995,0.0,0,BIHAR_2024_09_27,2024-09-27,NRSC_Sentinel1A
24.35,84.15,0.2599999904632568,0.9849999696016312,7.659999817609787,19.1899995803833,23.93999948445708,0.0,0,BIHAR_2024_09_27,2024-09-27,NRSC_Sentinel1A
24.35,84.25,0.2800000011920929,10.57499971985817,19.77999952435493,28.119999408721924,33.134999265894294,0.0,0,BIHAR_2024_09_27,2024-09-27,NRSC_Sentinel1A
24.35,84.35,0.2699999883770942,9.569999821484087,21.88999939709901,28.28499922901392,33.61499910056591,0.0,0,BIHAR_2024_09_27,2024-09-27,NRSC_Sentinel1A
24.35,84.45,0.2749999985098839,10.465000055730345,23.00499977916479,27.924999706447124,31.674999613314867,0.0,0,BIHAR_2024_09_27,2024-09-27,NRSC_Sentinel1A
24.35,84.549995,0.2399999871850013,13.67999980598688,23.364999689161777,27.66499952226877,30.76999946683645,0.0,0,BIHAR_2024_09_27,2024-09-27,NRSC_Sentinel1A
24.35,84.65,0.5,16.514999210834503,27.79999881982804,32.76499879360199,35.52999871224165,0.0,0,BIHAR_2024_09_27,2024-09-27,NRSC_Sentinel1A
24.35,84.75,1.2299999594688416,18.11499971151352,29.78499937057495,34.60999931395054,37.54999922309071,0.0,0,BIHAR_2024_09_27,2024-09-27,NRSC_Sentinel1A
24.35,84.85,1.8199999928474424,18.379999339580536,28.979999229311943,31.56499918177724,33.51499914377928,0.0,0,BIHAR_2024_09_27,2024-09-27,NRSC_Sentinel1A
24.35,84.95,2.6799999475479126,16.22499978542328,25.90499963238836,26.99999960139393,29.48999955132604,0.0,0,BIHAR_2024_09_27,2024-09-27,NRSC_Sentinel1A
24.35,85.049995,1.8049999475479128,13.499999642372131,22.62999951839447,23.059999499469995,25.29999940469861,0.0,0,BIHAR_2024_09_27,2024-09-27,NRSC_Sentinel1A
24.35,85.15,1.1149999499320984,10.559999763965608,15.464999623596668,16.639999583363533,18.55499951541424,0.0,0,BIHAR_2024_09_27,2024-09-27,NRSC_Sentinel1A
24.35,85.25,2.4749999046325684,11.59999966621399,15.31999969482422,20.434999510645863,22.07999947294593,0.0,0,BIHAR_2024_09_27,2024-09-27,NRSC_Sentinel1A
24.35,85.35,5.68999981880188,19.184999346733093,21.15499926544726,26.249999119900167,29.529999091289937,0.0,0,BIHAR_2024_09_27,2024-09-27,NRSC_Sentinel1A
24.35,85.45,8.579999685287476,22.76499915122986,25.599999096244574,27.10499906912446,35.06499871890992,0.0,0,BIHAR_2024_09_27,2024-09-27,NRSC_Sentinel1A
24.35,85.549995,11.334999561309814,30.369999170303345,34.52499905228615,35.414999031461775,41.16999888513237,0.0,0,BIHAR_2024_09_27,2024-09-27,NRSC_Sentinel1A
24.35,85.65,9.21999979019165,25.77999973297119,30.83999967575073,32.55999960936606,35.80499950423837,0.0,0,BIHAR_2024_09_27,2024-09-27,NRSC_Sentinel1A
24.35,85.75,6.329999804496765,20.404999613761905,25.16499952971936,27.134999473579228,29.154999442398548,0.0,0,BIHAR_2024_09_27,2024-09-27,NRSC_Sentinel1A
24.35,85.85,5.269999742507935,13.844999551773071,16.724999517202377,18.40999949350953,19.759999439120293,0.0,0,BIHAR_2024_09_27,2024-09-27,NRSC_Sentinel1A
24.35,85.95,3.069999933242798,6.759999871253967,7.589999854564667,9.114999825134872,10.454999794252217,0.0,0,BIHAR_2024_09_27,2024-09-27,NRSC_Sentinel1A
24.35,86.049995,2.270000010728836,5.009999990463257,5.724999979138374,7.394999927841127,8.899999906308949,0.0,0,BIHAR_2024_09_27,2024-09-27,NRSC_Sentinel1A
24.35,86.15,1.3699999898672104,3.6499999314546585,4.339999929070473,6.789999856613576,9.144999792799354,0.0,0,BIHAR_2024_09_27,2024-09-27,NRSC_Sentinel1A
24.35,86.25,0.8349999785423279,2.859999924898148,3.9849998876452446,8.76999981701374,12.15999972820282,0.0,0,BIHAR_2024_09_27,2024-09-27,NRSC_Sentinel1A
24.35,86.35,1.354999989271164,3.5949998795986176,4.749999850988388,15.98999959230423,22.90999937802553,0.0,0,BIHAR_2024_09_27,2024-09-27,NRSC_Sentinel1A
24.35,86.45,2.199999868869781,4.259999871253967,5.134999845176935,20.784999657422304,29.764999357052147,0.0,0,BIHAR_2024_09_27,2024-09-27,NRSC_Sentinel1A
24.35,86.549995,1.7449999451637268,4.049999892711639,4.434999883174896,24.30999910831452,30.719998955726624,0.0,0,BIHAR_2024_09_27,2024-09-27,NRSC_Sentinel1A
24.35,86.65,2.149999976158142,3.854999929666519,4.114999920129776,22.344999209046364,26.83999912440777,0.0,0,BIHAR_2024_09_27,2024-09-27,NRSC_Sentinel1A
24.35,86.75,3.1549999713897705,5.444999933242798,6.029999926686287,19.309999465942383,22.119999445974827,0.0,0,BIHAR_2024_09_27,2024-09-27,NRSC_Sentinel1A
24.35,86.85,2.1999999284744263,4.88499990105629,5.559999890625477,18.559999369084835,20.72499931138009,0.0,0,BIHAR_2024_09_27,2024-09-27,NRSC_Sentinel1A
24.35,86.95,1.5149999260902405,3.0249998569488525,4.729999840259552,19.449999272823334,22.36499922629445,0.0,0,BIHAR_2024_09_27,2024-09-27,NRSC_Sentinel1A
24.35,87.049995,1.0049999952316284,2.314999982714653,6.444999903440476,22.67999950051308,24.6149994507432,0.0,0,BIHAR_2024_09_27,2024-09-27,NRSC_Sentinel1A
24.35,87.15,0.2799999937415123,0.5299999937415123,7.454999767243862,22.164999537169933,23.79499949514866,0.0,0,BIHAR_2024_09_27,2024-09-27,NRSC_Sentinel1A
24.35,87.25,0.5349999964237213,0.7849999908357859,11.809999788179994,32.95499929226935,34.494999254122376,0.0,0,BIHAR_2024_09_27,2024-09-27,NRSC_Sentinel1A
24.35,87.35,0.3049999922513962,0.7999999672174454,9.334999833256006,26.479999605566263,27.994999553076923,0.0,0,BIHAR_2024_09_27,2024-09-27,NRSC_Sentinel1A
24.35,87.45,0.5750000029802322,1.5499999672174454,7.924999762326479,30.714999202638865,32.70499914325774,0.0,0,BIHAR_2024_09_27,2024-09-27,NRSC_Sentinel1A
24.35,87.549995,1.054999977350235,2.1249999552965164,7.694999858736992,24.644999280571938,26.254999242722988,0.0,0,BIHAR_2024_09_27,2024-09-27,NRSC_Sentinel1A
24.35,87.65,0.8499999940395355,1.7299999594688416,6.734999909996986,19.22499978542328,21.43999973125756,0.0,0,BIHAR_2024_09_27,2024-09-27,NRSC_Sentinel1A
24.35,87.75,0.6949999928474426,1.6299999579787254,4.634999863803387,17.39499969035387,20.729999623261392,0.0,0,BIHAR_2024_09_27,2024-09-27,NRSC_Sentinel1A
24.35,87.85,1.0549999475479126,2.1699999272823334,5.294999847188592,13.379999557510018,16.604999486356974,0.0,0,BIHAR_2024_09_27,2024-09-27,NRSC_Sentinel1A
24.35,87.95,1.3299999833106997,2.504999935626984,2.9749999195337296,11.974999696016312,14.474999606609344,0.0,0,BIHAR_2024_09_27,2024-09-27,NRSC_Sentinel1A
24.35,88.049995,1.0599999725818634,2.1249999552965164,2.519999951124192,11.459999710321426,14.81499969214201,0.0,0,BIHAR_2024_09_27,2024-09-27,NRSC_Sentinel1A
24.35,88.15,1.3799999356269836,2.4699998944997787,3.4899998754262924,12.074999637901785,15.274999492801726,0.0,0,BIHAR_2024_09_27,2024-09-27,NRSC_Sentinel1A
24.35,88.25,1.4149999618530271,2.4699999392032623,4.224999845027924,11.694999605417252,14.474999530240892,0.0,0,BIHAR_2024_09_27,2024-09-27,NRSC_Sentinel1A
24.35,88.35,1.3199999928474426,2.1449999660253525,2.674999952316284,9.57999985665083,13.17499977722764,0.0,0,BIHAR_2024_09_27,2024-09-27,NRSC_Sentinel1A
24.35,88.45,1.1449999809265137,1.954999953508377,2.3549999445676804,6.534999806433916,12.694999678991737,0.0,0,BIHAR_2024_09_27,2024-09-27,NRSC_Sentinel1A
24.449999,83.049995,0.0,0.0,0.0,9.17499984242022,13.179999748244882,0.0,0,BIHAR_2024_09_27,2024-09-27,NRSC_Sentinel1A
24.449999,83.15,0.0,0.0,0.0,10.014999955892565,15.789999790489674,0.0,0,BIHAR_2024_09_27,2024-09-27,NRSC_Sentinel1A
24.449999,83.25,0.0,0.0,0.0,14.124999716877936,19.44499957561493,0.0,0,BIHAR_2024_09_27,2024-09-27,NRSC_Sentinel1A
24.449999,83.35,0.0,0.0,0.0,16.379999548196793,21.554999387823045,0.0,0,BIHAR_2024_09_27,2024-09-27,NRSC_Sentinel1A
24.449999,83.45,0.0,0.0,0.0599999986588954,23.779999401420355,29.10999932512641,0.0,0,BIHAR_2024_09_27,2024-09-27,NRSC_Sentinel1A
24.449999,83.549995,0.1099999994039535,0.2749999910593033,0.3599999919533729,31.984999038279057,37.024998884648085,0.0,0,BIHAR_2024_09_27,2024-09-27,NRSC_Sentinel1A
24.449999,83.65,0.1199999945238232,0.2799999956041574,0.4299999866634607,24.56999961473048,29.60999949835241,0.0,0,BIHAR_2024_09_27,2024-09-27,NRSC_Sentinel1A
24.449999,83.75,0.2049999982118606,0.2449999973177909,0.7449999721720815,19.29499980527908,24.2699996912852,0.0,0,BIHAR_2024_09_27,2024-09-27,NRSC_Sentinel1A
24.449999,83.85,0.2149999961256981,0.8349999822676182,1.3499999828636646,14.749999839812515,19.589999686926603,0.0,0,BIHAR_2024_09_27,2024-09-27,NRSC_Sentinel1A
24.449999,83.95,0.2849999964237213,0.4849999845027923,1.0649999529123306,13.574999645352364,17.10499957948923,0.0,0,BIHAR_2024_09_27,2024-09-27,NRSC_Sentinel1A
24.449999,84.049995,0.2349999845027923,0.6849999614059925,1.3499999530613422,11.089999604970217,13.944999555125833,0.0,0,BIHAR_2024_09_27,2024-09-27,NRSC_Sentinel1A
24.449999,84.15,0.2499999925494194,0.9949999675154686,3.699999935925007,11.444999821484087,14.679999735206366,0.0,0,BIHAR_2024_09_27,2024-09-27,NRSC_Sentinel1A
24.449999,84.25,0.2699999958276748,8.59999979287386,16.36999962478876,24.929999358952045,29.37499924749136,0.0,0,BIHAR_2024_09_27,2024-09-27,NRSC_Sentinel1A
24.449999,84.35,0.2650000005960464,7.78499985486269,17.264999635517597,25.234999395906925,30.59999921917916,0.0,0,BIHAR_2024_09_27,2024-09-27,NRSC_Sentinel1A
24.449999,84.45,0.1599999964237213,9.224999859929085,23.37999971210957,29.44499953091145,33.99499945156276,0.0,0,BIHAR_2024_09_27,2024-09-27,NRSC_Sentinel1A
24.449999,84.549995,0.125,9.809999600052834,23.16999949514866,27.93499933183193,32.099999234080315,0.0,0,BIHAR_2024_09_27,2024-09-27,NRSC_Sentinel1A
24.449999,84.65,0.2699999958276748,10.559999659657478,25.0599994212389,29.25499932467937,32.84999926388264,0.0,0,BIHAR_2024_09_27,2024-09-27,NRSC_Sentinel1A
24.449999,84.75,0.2999999821186065,11.449999421834946,25.48999923467636,29.894999101758003,32.68499901890755,0.0,0,BIHAR_2024_09_27,2024-09-27,NRSC_Sentinel1A
24.449999,84.85,0.3299999982118606,11.649999633431436,25.829999670386314,28.68999958597124,30.82499956060201,0.0,0,BIHAR_2024_09_27,2024-09-27,NRSC_Sentinel1A
24.449999,84.95,0.3199999928474426,12.679999887943268,25.404999643564224,26.81499963440001,29.174999551847577,0.0,0,BIHAR_2024_09_27,2024-09-27,NRSC_Sentinel1A
24.449999,85.049995,0.8149999678134918,10.134999781847,21.819999584928155,22.274999580346048,25.27999951597303,0.0,0,BIHAR_2024_09_27,2024-09-27,NRSC_Sentinel1A
24.449999,85.15,0.6349999904632568,8.089999794960022,14.554999619722366,15.099999594502153,17.174999576993287,0.0,0,BIHAR_2024_09_27,2024-09-27,NRSC_Sentinel1A
24.449999,85.25,1.2400000095367432,10.894999742507936,15.434999734163284,16.639999714680016,18.36499968264252,0.0,0,BIHAR_2024_09_27,2024-09-27,NRSC_Sentinel1A
24.449999,85.35,3.8149999380111694,17.93499994277954,20.01999992877245,21.20499988645315,23.98999983258545,0.0,0,BIHAR_2024_09_27,2024-09-27,NRSC_Sentinel1A
24.449999,85.45,5.779999732971191,21.079999327659607,23.96499925851822,24.62999924365431,35.984998904168606,0.0,0,BIHAR_2024_09_27,2024-09-27,NRSC_Sentinel1A
24.449999,85.549995,5.534999847412109,20.6349995136261,26.57999926805496,27.619999256916344,33.31499920319766,0.0,0,BIHAR_2024_09_27,2024-09-27,NRSC_Sentinel1A
24.449999,85.65,2.634999871253968,17.244999766349792,23.83999964594841,25.60999958217144,28.71499948669225,0.0,0,BIHAR_2024_09_27,2024-09-27,NRSC_Sentinel1A
24.449999,85.75,2.119999885559082,15.024999380111694,21.01999917626381,22.75499913096428,25.094999078661203,0.0,0,BIHAR_2024_09_27,2024-09-27,NRSC_Sentinel1A
24.449999,85.85,2.8949999809265137,10.59499979019165,15.144999768584968,16.42499973066151,17.919999704696238,0.0,0,BIHAR_2024_09_27,2024-09-27,NRSC_Sentinel1A
24.449999,85.95,2.9799998998641968,5.67999991774559,6.684999883174896,7.7999998508021235,9.159999834373592,0.0,0,BIHAR_2024_09_27,2024-09-27,NRSC_Sentinel1A
24.449999,86.049995,2.509999990463257,4.879999905824661,5.984999880194664,7.214999854564667,8.979999795556068,0.0,0,BIHAR_2024_09_27,2024-09-27,NRSC_Sentinel1A
24.449999,86.15,1.1799999475479126,4.139999836683273,5.36499978788197,6.964999773539603,9.31999970972538,0.0,0,BIHAR_2024_09_27,2024-09-27,NRSC_Sentinel1A
24.449999,86.25,1.194999933242798,5.854999899864197,7.229999855160713,12.309999734163284,15.40499967802316,0.0,0,BIHAR_2024_09_27,2024-09-27,NRSC_Sentinel1A
24.449999,86.35,2.144999921321869,6.949999809265137,7.809999786317348,20.68999943882227,27.71999940276146,0.0,0,BIHAR_2024_09_27,2024-09-27,NRSC_Sentinel1A
24.449999,86.45,4.914999961853027,10.319999814033508,11.069999795407057,28.58499963209033,37.08499946817756,0.0,0,BIHAR_2024_09_27,2024-09-27,NRSC_Sentinel1A
24.449999,86.549995,4.8999998569488525,10.284999668598177,10.739999666810036,32.17999893426895,38.7499986961484,0.0,0,BIHAR_2024_09_27,2024-09-27,NRSC_Sentinel1A
24.449999,86.65,5.534999847412109,10.9299997985363,11.479999780654907,27.63499942421913,33.16999926418066,0.0,0,BIHAR_2024_09_27,2024-09-27,NRSC_Sentinel1A
24.449999,86.75,3.134999990463257,6.4099999368190765,6.8949999287724495,19.459999732673168,22.55499967187643,0.0,0,BIHAR_2024_09_27,2024-09-27,NRSC_Sentinel1A
24.449999,86.85,3.1449999809265137,6.639999866485596,7.309999853372574,20.46999940276146,22.72499935049564,0.0,0,BIHAR_2024_09_27,2024-09-27,NRSC_Sentinel1A
24.449999,86.95,2.9749999046325684,5.539999842643738,6.594999805092812,21.72499966621399,24.53999963309616,0.0,0,BIHAR_2024_09_27,2024-09-27,NRSC_Sentinel1A
24.449999,87.049995,2.1299999952316284,4.174999922513962,9.809999793767927,26.059999346733093,28.13499929010868,0.0,0,BIHAR_2024_09_27,2024-09-27,NRSC_Sentinel1A
24.449999,87.15,0.7449999898672104,1.81999996304512,12.28999960422516,28.224999397993088,29.999999343417585,0.0,0,BIHAR_2024_09_27,2024-09-27,NRSC_Sentinel1A
24.449999,87.25,0.2049999982118606,0.2599999979138374,13.574999876320362,35.66999901086092,37.14999893959612,0.0,0,BIHAR_2024_09_27,2024-09-27,NRSC_Sentinel1A
24.449999,87.35,0.0949999988079071,0.0999999986961484,10.559999858029189,27.16499960888177,28.849999548867345,0.0,0,BIHAR_2024_09_27,2024-09-27,NRSC_Sentinel1A
24.449999,87.45,0.1299999952316284,0.5649999817833304,8.414999558590353,28.399999334476888,29.914999274536967,0.0,0,BIHAR_2024_09_27,2024-09-27,NRSC_Sentinel1A
24.449999,87.549995,0.0849999953061342,0.5849999701604247,6.974999896250665,22.02999963518232,23.58999957423657,0.0,0,BIHAR_2024_09_27,2024-09-27,NRSC_Sentinel1A
24.449999,87.65,0.32999999076128,1.0649999789893627,6.7849998734891415,17.459999781101942,19.67999971564859,0.0,0,BIHAR_2024_09_27,2024-09-27,NRSC_Sentinel1A
24.449999,87.75,0.5799999833106995,1.5249999463558197,5.319999739527702,17.259999319911003,20.48499928507954,0.0,0,BIHAR_2024_09_27,2024-09-27,NRSC_Sentinel1A
24.449999,87.85,0.5899999961256981,1.4849999770522118,4.449999891221523,11.654999751597645,15.749999665655196,0.0,0,BIHAR_2024_09_27,2024-09-27,NRSC_Sentinel1A
24.449999,87.95,0.5199999734759331,1.5099999457597733,1.8449999243021007,11.074999764561651,15.469999633729458,0.0,0,BIHAR_2024_09_27,2024-09-27,NRSC_Sentinel1A
24.449999,88.049995,0.4799999967217445,1.3899999633431437,1.3899999633431437,11.62499975413084,16.894999586045742,0.0,0,BIHAR_2024_09_27,2024-09-27,NRSC_Sentinel1A
24.449999,88.15,1.590000033378601,3.419999986886978,4.084999963641167,15.499999641440809,19.73999954480678,0.0,0,BIHAR_2024_09_27,2024-09-27,NRSC_Sentinel1A
24.449999,88.25,1.199999988079071,2.85999995470047,3.189999938011169,13.119999777525663,16.609999706037343,0.0,0,BIHAR_2024_09_27,2024-09-27,NRSC_Sentinel1A
24.449999,88.35,1.1549999713897705,2.6499999165534973,3.4649998992681503,10.104999754577875,14.299999693408608,0.0,0,BIHAR_2024_09_27,2024-09-27,NRSC_Sentinel1A
24.449999,88.45,3.050000011920929,4.420000001788139,5.254999980330467,10.389999863691628,16.669999707490206,0.0,0,BIHAR_2024_09_27,2024-09-27,NRSC_Sentinel1A
24.55,83.049995,0.0,0.0,0.0,4.329999893903732,8.154999777674675,0.0,0,BIHAR_2024_09_27,2024-09-27,NRSC_Sentinel1A
24.55,83.15,0.0,0.0,0.0,4.614999920129776,10.9399996958673,0.0,0,BIHAR_2024_09_27,2024-09-27,NRSC_Sentinel1A
24.55,83.25,0.0,0.0,0.0,7.809999831020832,12.859999686479568,0.0,0,BIHAR_2024_09_27,2024-09-27,NRSC_Sentinel1A
24.55,83.35,0.0,0.0,0.0,12.329999849200249,17.609999706037343,0.0,0,BIHAR_2024_09_27,2024-09-27,NRSC_Sentinel1A
24.55,83.45,0.0,0.0,0.0149999996647238,18.05999962892384,24.09999949391932,0.0,0,BIHAR_2024_09_27,2024-09-27,NRSC_Sentinel1A
24.55,83.549995,0.1099999994039535,0.2249999940395355,0.2399999937042594,21.40999908652157,27.349998912774023,0.0,0,BIHAR_2024_09_27,2024-09-27,NRSC_Sentinel1A
24.55,83.65,0.1099999994039535,0.1099999994039535,0.2449999898672104,22.789999470114708,28.86999931931496,0.0,0,BIHAR_2024_09_27,2024-09-27,NRSC_Sentinel1A
24.55,83.75,0.16499999538064,0.1849999949336052,0.4049999937415123,17.879999600350857,23.49999942630529,0.0,0,BIHAR_2024_09_27,2024-09-27,NRSC_Sentinel1A
24.55,83.85,0.1799999922513961,0.3149999864399433,0.5949999801814556,13.524999793618916,19.08499962091446,0.0,0,BIHAR_2024_09_27,2024-09-27,NRSC_Sentinel1A
24.55,83.95,0.3349999859929085,0.6449999734759331,0.9149999618530272,11.814999759197237,15.494999691843988,0.0,0,BIHAR_2024_09_27,2024-09-27,NRSC_Sentinel1A
24.55,84.049995,0.2699999958276748,0.5149999894201756,1.0449999757111073,9.689999867230654,12.574999806471167,0.0,0,BIHAR_2024_09_27,2024-09-27,NRSC_Sentinel1A
24.55,84.15,0.2849999889731407,0.8449999950826168,2.5949998954311013,9.604999707080424,12.96499961335212,0.0,0,BIHAR_2024_09_27,2024-09-27,NRSC_Sentinel1A
24.55,84.25,0.2950000017881393,5.749999821186066,13.614999622106552,22.209999471902847,26.219999384135008,0.0,0,BIHAR_2024_09_27,2024-09-27,NRSC_Sentinel1A
24.55,84.35,0.1499999910593032,5.304999954998493,15.214999921619892,24.159999661147594,29.88499953597784,0.0,0,BIHAR_2024_09_27,2024-09-27,NRSC_Sentinel1A
24.55,84.45,0.1750000016763806,7.589999650605023,24.659999107010663,32.04999897349626,37.784998898394406,0.0,0,BIHAR_2024_09_27,2024-09-27,NRSC_Sentinel1A
24.55,84.549995,0.1449999958276748,7.04499988257885,24.82499961555004,30.899999529123303,36.56499943137169,0.0,0,BIHAR_2024_09_27,2024-09-27,NRSC_Sentinel1A
24.55,84.65,0.2399999871850013,6.574999816715717,23.07999921590089,27.22499912232161,30.749999023973945,0.0,0,BIHAR_2024_09_27,2024-09-27,NRSC_Sentinel1A
24.55,84.75,0.2399999871850013,6.614999704062939,22.694999031722546,26.89499896019697,29.90999884624034,0.0,0,BIHAR_2024_09_27,2024-09-27,NRSC_Sentinel1A
24.55,84.85,0.2499999925494194,7.379999868571758,22.65499945729971,25.689999416470528,28.544999346137047,0.0,0,BIHAR_2024_09_27,2024-09-27,NRSC_Sentinel1A
24.55,84.95,0.1849999912083149,9.434999901801348,23.514999378472567,24.999999344348907,27.489999309182167,0.0,0,BIHAR_2024_09_27,2024-09-27,NRSC_Sentinel1A
24.55,85.049995,0.6749999821186066,8.334999829530716,19.25999939441681,19.64999938942492,22.59999929741025,0.0,0,BIHAR_2024_09_27,2024-09-27,NRSC_Sentinel1A
24.55,85.15,0.5099999755620956,7.1349997371435165,14.089999660849571,14.354999648407102,17.2999995816499,0.0,0,BIHAR_2024_09_27,2024-09-27,NRSC_Sentinel1A
24.55,85.25,0.5999999940395355,11.815000027418137,17.189999848604202,17.5799998389557,19.85999978054315,0.0,0,BIHAR_2024_09_27,2024-09-27,NRSC_Sentinel1A
24.55,85.35,1.1849999576807022,16.494999185204506,19.28999914508313,19.94499913603068,23.19999904185533,0.0,0,BIHAR_2024_09_27,2024-09-27,NRSC_Sentinel1A
24.55,85.45,1.834999904036522,17.949999675154686,21.11999961733818,21.934999588876963,28.349999369122088,0.0,0,BIHAR_2024_09_27,2024-09-27,NRSC_Sentinel1A
24.55,85.549995,2.009999930858612,18.48999971151352,24.3049996541813,26.64499960280955,30.34999944921583,0.0,0,BIHAR_2024_09_27,2024-09-27,NRSC_Sentinel1A
24.55,85.65,0.8599999845027924,11.919999808073044,19.17999972403049,21.839999694377184,24.42999962065369,0.0,0,BIHAR_2024_09_27,2024-09-27,NRSC_Sentinel1A
24.55,85.75,1.4350000023841858,11.319999814033508,18.924999684095383,20.949999652802944,23.114999598823488,0.0,0,BIHAR_2024_09_27,2024-09-27,NRSC_Sentinel1A
24.55,85.85,1.9999999701976776,9.379999846220016,15.369999676942824,16.91499962285161,18.69999957084656,0.0,0,BIHAR_2024_09_27,2024-09-27,NRSC_Sentinel1A
24.55,85.95,1.9699999690055847,4.85999995470047,6.6349999606609344,8.059999912977219,9.44499989040196,0.0,0,BIHAR_2024_09_27,2024-09-27,NRSC_Sentinel1A
24.55,86.049995,1.3849999904632568,3.874999850988388,5.404999777674675,6.924999739974737,8.689999709837139,0.0,0,BIHAR_2024_09_27,2024-09-27,NRSC_Sentinel1A
24.55,86.15,0.4799999743700027,3.554999902844429,5.079999907873571,6.959999850951135,10.18999980390072,0.0,0,BIHAR_2024_09_27,2024-09-27,NRSC_Sentinel1A
24.55,86.25,1.0399999916553495,5.859999924898148,7.2799998968839645,11.39999982714653,14.249999766238034,0.0,0,BIHAR_2024_09_27,2024-09-27,NRSC_Sentinel1A
24.55,86.35,3.319999933242798,9.47499978542328,10.50499975308776,22.09499945864081,27.764999326318502,0.0,0,BIHAR_2024_09_27,2024-09-27,NRSC_Sentinel1A
24.55,86.45,5.224999904632568,11.394999861717224,12.564999857917428,30.20499950088561,36.16499937791377,0.0,0,BIHAR_2024_09_27,2024-09-27,NRSC_Sentinel1A
24.55,86.549995,7.664999723434448,14.799999594688416,15.62999958731234,36.16499918140471,42.06499903649092,0.0,0,BIHAR_2024_09_27,2024-09-27,NRSC_Sentinel1A
24.55,86.65,6.129999876022339,14.259999871253967,15.20499986037612,30.849999528378248,37.34999927785248,0.0,0,BIHAR_2024_09_27,2024-09-27,NRSC_Sentinel1A
24.55,86.75,5.264999866485596,9.964999854564669,10.779999859631062,23.544999480247498,27.08999940752983,0.0,0,BIHAR_2024_09_27,2024-09-27,NRSC_Sentinel1A
24.55,86.85,4.499999761581421,8.8499995470047,9.67999954521656,23.919999301433563,26.649999253451824,0.0,0,BIHAR_2024_09_27,2024-09-27,NRSC_Sentinel1A
24.55,86.95,5.329999923706055,8.759999841451645,9.659999832510948,25.83499929308892,28.684999242424965,0.0,0,BIHAR_2024_09_27,2024-09-27,NRSC_Sentinel1A
24.55,87.049995,5.319999933242798,8.564999848604202,14.214999735355375,30.52499935030937,33.09999932348728,0.0,0,BIHAR_2024_09_27,2024-09-27,NRSC_Sentinel1A
24.55,87.15,1.8899999260902405,3.359999865293503,11.224999830126762,28.43499933183193,30.87999926134944,0.0,0,BIHAR_2024_09_27,2024-09-27,NRSC_Sentinel1A
24.55,87.25,0.679999977350235,0.8449999690055847,12.904999926686289,34.57499934732914,36.54499929025769,0.0,0,BIHAR_2024_09_27,2024-09-27,NRSC_Sentinel1A
24.55,87.35,0.8199999928474426,0.9749999940395356,11.714999839663506,27.909999683499336,30.0199996624142,0.0,0,BIHAR_2024_09_27,2024-09-27,NRSC_Sentinel1A
24.55,87.45,0.8100000023841858,1.5799999833106997,9.69499972462654,26.60499918460846,27.889999140053988,0.0,0,BIHAR_2024_09_27,2024-09-27,NRSC_Sentinel1A
24.55,87.549995,0.1049999967217445,0.3199999891221523,6.529999878257513,20.94999949261546,22.884999429807067,0.0,0,BIHAR_2024_09_27,2024-09-27,NRSC_Sentinel1A
24.55,87.65,0.2049999879673123,0.3649999843910336,6.394999896176159,17.69499969948083,19.83499966282397,0.0,0,BIHAR_2024_09_27,2024-09-27,NRSC_Sentinel1A
24.55,87.75,0.4699999988079071,1.5549999624490738,6.59499979019165,20.459999680519104,23.90499960351736,0.0,0,BIHAR_2024_09_27,2024-09-27,NRSC_Sentinel1A
24.55,87.85,0.6349999755620956,1.7849999219179151,5.159999892115593,14.834999680519104,18.72999960836023,0.0,0,BIHAR_2024_09_27,2024-09-27,NRSC_Sentinel1A
24.55,87.95,0.3099999912083149,1.53999999538064,1.804999992251396,12.704999711364508,18.069999556057155,0.0,0,BIHAR_2024_09_27,2024-09-27,NRSC_Sentinel1A
24.55,88.049995,0.3050000052899122,1.4799999576061964,1.4799999576061964,13.134999683126807,20.194999588653445,0.0,0,BIHAR_2024_09_27,2024-09-27,NRSC_Sentinel1A
24.55,88.15,0.4749999940395355,2.0299999564886093,2.2199999541044235,16.439999734051526,22.97499952930957,0.0,0,BIHAR_2024_09_27,2024-09-27,NRSC_Sentinel1A
24.55,88.25,0.5549999922513962,2.059999942779541,2.4549999237060547,14.509999632835388,18.97999945655465,0.0,0,BIHAR_2024_09_27,2024-09-27,NRSC_Sentinel1A
24.55,88.35,1.4850000143051147,2.950000017881393,4.5250000059604645,11.914999809116123,16.93499963078648,0.0,0,BIHAR_2024_09_27,2024-09-27,NRSC_Sentinel1A
24.55,88.45,4.234999895095825,5.704999893903732,7.424999803304672,13.759999576956034,20.02499943226576,0.0,0,BIHAR_2024_09_27,2024-09-27,NRSC_Sentinel1A
24.65,83.049995,0.0,0.0,0.0,2.9799999045208097,6.61999983433634,0.0,0,BIHAR_2024_09_27,2024-09-27,NRSC_Sentinel1A
24.65,83.15,0.0,0.0,0.0,3.329999908804893,8.614999756217003,0.0,0,BIHAR_2024_09_27,2024-09-27,NRSC_Sentinel1A
24.65,83.25,0.0,0.0,0.0,4.374999910593033,9.23499981313944,0.0,0,BIHAR_2024_09_27,2024-09-27,NRSC_Sentinel1A
24.65,83.35,0.0,0.0,0.0,8.75999991595745,14.41499975323677,0.0,0,BIHAR_2024_09_27,2024-09-27,NRSC_Sentinel1A
24.65,83.45,0.0,0.0,0.0049999998882412,11.839999665506184,18.979999511502683,0.0,0,BIHAR_2024_09_27,2024-09-27,NRSC_Sentinel1A
24.65,83.549995,0.0,0.0,0.0,19.25499951839447,26.5249994173646,0.0,0,BIHAR_2024_09_27,2024-09-27,NRSC_Sentinel1A
24.65,83.65,0.1249999990686774,0.2499999962747097,0.2499999962747097,15.979999538511038,23.40499933157116,0.0,0,BIHAR_2024_09_27,2024-09-27,NRSC_Sentinel1A
24.65,83.75,0.1849999949336052,0.209999993443489,0.209999993443489,14.374999657273293,20.48499944061041,0.0,0,BIHAR_2024_09_27,2024-09-27,NRSC_Sentinel1A
24.65,83.85,0.2049999982118606,0.4699999913573265,0.7799999974668026,11.59999954327941,17.209999408572912,0.0,0,BIHAR_2024_09_27,2024-09-27,NRSC_Sentinel1A
24.65,83.95,0.2799999937415123,0.8449999839067459,1.1699999757111073,9.46499976888299,13.834999684244394,0.0,0,BIHAR_2024_09_27,2024-09-27,NRSC_Sentinel1A
24.65,84.049995,0.2749999985098839,0.8899999782443047,1.2399999722838402,8.579999901354313,12.819999791681768,0.0,0,BIHAR_2024_09_27,2024-09-27,NRSC_Sentinel1A
24.65,84.15,0.2549999952316284,0.8499999791383743,1.6999999582767489,7.474999889731407,11.024999789893627,0.0,0,BIHAR_2024_09_27,2024-09-27,NRSC_Sentinel1A
24.65,84.25,0.2799999937415123,2.43999994546175,8.719999767839909,16.404999636113644,19.84999954421073,0.0,0,BIHAR_2024_09_27,2024-09-27,NRSC_Sentinel1A
24.65,84.35,0.1450000004842877,2.804999952204525,10.879999791271985,19.879999642260373,24.82999948132783,0.0,0,BIHAR_2024_09_27,2024-09-27,NRSC_Sentinel1A
24.65,84.45,0.1850000005215406,3.094999907538295,21.41999971680343,30.33999950997532,36.95499935559928,0.0,0,BIHAR_2024_09_27,2024-09-27,NRSC_Sentinel1A
24.65,84.549995,0.1450000004842877,4.249999810941517,23.159999419935048,30.06499927211553,36.73999910522252,0.0,0,BIHAR_2024_09_27,2024-09-27,NRSC_Sentinel1A
24.65,84.65,0.2199999913573265,3.854999877512455,25.324999071657658,30.124998949468136,34.42999882251024,0.0,0,BIHAR_2024_09_27,2024-09-27,NRSC_Sentinel1A
24.65,84.75,0.20499999076128,3.59500003606081,22.954999335110188,26.93499919399619,30.30499913915992,0.0,0,BIHAR_2024_09_27,2024-09-27,NRSC_Sentinel1A
24.65,84.85,0.2849999889731407,4.009999878704548,22.869999177753925,26.2799991350621,29.29999903962016,0.0,0,BIHAR_2024_09_27,2024-09-27,NRSC_Sentinel1A
24.65,84.95,0.2599999979138374,5.7750000059604645,22.71499964594841,24.34999959543348,26.429999578744173,0.0,0,BIHAR_2024_09_27,2024-09-27,NRSC_Sentinel1A
24.65,85.049995,0.4849999994039535,7.584999904036522,19.74999962747097,20.44499962218105,23.569999516941607,0.0,0,BIHAR_2024_09_27,2024-09-27,NRSC_Sentinel1A
24.65,85.15,0.4899999797344208,7.389999777078627,14.729999631643295,15.339999631047249,20.02999947965145,0.0,0,BIHAR_2024_09_27,2024-09-27,NRSC_Sentinel1A
24.65,85.25,0.4599999934434891,10.269999697804453,18.009999468922615,19.079999465495348,23.2499993853271,0.0,0,BIHAR_2024_09_27,2024-09-27,NRSC_Sentinel1A
24.65,85.35,0.3399999886751175,13.499999478459358,19.829999327659607,20.749999329447743,23.18999927677214,0.0,0,BIHAR_2024_09_27,2024-09-27,NRSC_Sentinel1A
24.65,85.45,0.3399999886751175,15.369999721646307,22.56999944150448,24.47499940544367,27.11499940045178,0.0,0,BIHAR_2024_09_27,2024-09-27,NRSC_Sentinel1A
24.65,85.549995,0.3649999946355819,15.5699992030859,23.669998997822404,28.42499885894358,30.494998815469444,0.0,0,BIHAR_2024_09_27,2024-09-27,NRSC_Sentinel1A
24.65,85.65,0.2199999988079071,7.679999858140945,17.769999399781227,21.46999928355217,23.659999220632017,0.0,0,BIHAR_2024_09_27,2024-09-27,NRSC_Sentinel1A
24.65,85.75,1.4249999821186066,8.914999812841415,20.30999925732613,22.93499919585884,25.15499914996326,0.0,0,BIHAR_2024_09_27,2024-09-27,NRSC_Sentinel1A
24.65,85.85,1.3899999856948853,6.239999949932098,12.959999740123749,14.819999693892896,16.729999630711973,0.0,0,BIHAR_2024_09_27,2024-09-27,NRSC_Sentinel1A
24.65,85.95,0.6299999803304672,3.69999985396862,6.624999827705324,8.40999978594482,9.63999975193292,0.0,0,BIHAR_2024_09_27,2024-09-27,NRSC_Sentinel1A
24.65,86.049995,0.3899999931454658,3.469999887049198,5.8299997970461845,8.279999705962837,10.639999650418758,0.0,0,BIHAR_2024_09_27,2024-09-27,NRSC_Sentinel1A
24.65,86.15,0.16499999538064,3.599999938160181,5.319999892264605,9.344999879598618,14.23999973293394,0.0,0,BIHAR_2024_09_27,2024-09-27,NRSC_Sentinel1A
24.65,86.25,2.019999921321869,9.559999644756315,11.744999554008244,15.759999509900808,18.16499948129058,0.0,0,BIHAR_2024_09_27,2024-09-27,NRSC_Sentinel1A
24.65,86.35,4.184999823570252,13.429999470710754,15.414999455213549,24.759999364614487,28.709999192506075,0.0,0,BIHAR_2024_09_27,2024-09-27,NRSC_Sentinel1A
24.65,86.45,4.360000014305115,11.799999713897703,14.034999646246431,27.57999909669161,31.76999898813665,0.0,0,BIHAR_2024_09_27,2024-09-27,NRSC_Sentinel1A
24.65,86.549995,6.174999952316284,14.389999866485596,15.919999859295784,32.504999346099794,38.5349991293624,0.0,0,BIHAR_2024_09_27,2024-09-27,NRSC_Sentinel1A
24.65,86.65,6.259999752044678,15.639999628067017,16.974999573081732,30.309999000281096,36.154998855665326,0.0,0,BIHAR_2024_09_27,2024-09-27,NRSC_Sentinel1A
24.65,86.75,5.289999723434448,11.25499963760376,12.429999612271786,23.88999924808741,27.49999917577952,0.0,0,BIHAR_2024_09_27,2024-09-27,NRSC_Sentinel1A
24.65,86.85,5.684999704360962,11.094999432563782,12.184999391436577,25.299998909235,28.569998784922063,0.0,0,BIHAR_2024_09_27,2024-09-27,NRSC_Sentinel1A
24.65,86.95,5.309999942779541,9.889999806880953,10.869999781250954,25.019999384880062,28.6149992607534,0.0,0,BIHAR_2024_09_27,2024-09-27,NRSC_Sentinel1A
24.65,87.049995,4.940000057220459,7.3549999594688416,12.239999830722809,26.62999951839447,30.259999450296164,0.0,0,BIHAR_2024_09_27,2024-09-27,NRSC_Sentinel1A
24.65,87.15,2.615000009536743,3.959999985992909,8.919999994337559,24.994999445974827,28.10499936528504,0.0,0,BIHAR_2024_09_27,2024-09-27,NRSC_Sentinel1A
24.65,87.25,1.034999996423721,1.2849999954923987,9.66499990131706,28.354999183677137,31.30999913718552,0.0,0,BIHAR_2024_09_27,2024-09-27,NRSC_Sentinel1A
24.65,87.35,1.3399999737739563,1.6999999806284904,9.989999912679195,23.439999602735043,26.289999509230256,0.0,0,BIHAR_2024_09_27,2024-09-27,NRSC_Sentinel1A
24.65,87.45,0.8749999701976776,1.209999963641167,8.149999752640724,23.239999547600743,24.95999948121608,0.0,0,BIHAR_2024_09_27,2024-09-27,NRSC_Sentinel1A
24.65,87.549995,0.1949999965727329,0.3349999971687794,5.429999906569719,21.27999972179532,23.51499964948744,0.0,0,BIHAR_2024_09_27,2024-09-27,NRSC_Sentinel1A
24.65,87.65,0.1999999927356839,0.1999999927356839,7.374999706633389,22.61999938357621,24.944999339058995,0.0,0,BIHAR_2024_09_27,2024-09-27,NRSC_Sentinel1A
24.65,87.75,0.4149999842047691,1.459999956190586,7.874999724328518,25.13999915868044,28.64999908581376,0.0,0,BIHAR_2024_09_27,2024-09-27,NRSC_Sentinel1A
24.65,87.85,0.2499999944120645,1.3549999613314867,5.564999850466847,19.909999581053853,24.66999949607998,0.0,0,BIHAR_2024_09_27,2024-09-27,NRSC_Sentinel1A
24.65,87.95,0.2449999889358878,1.4299999913200736,1.8399999840185048,13.31999980378896,19.419999663718045,0.0,0,BIHAR_2024_09_27,2024-09-27,NRSC_Sentinel1A
24.65,88.049995,0.2399999937042594,1.5549999913200736,1.724999993108213,13.854999818839133,21.36499964725226,0.0,0,BIHAR_2024_09_27,2024-09-27,NRSC_Sentinel1A
24.65,88.15,0.2849999889731407,1.764999933540821,2.144999928772449,15.974999584257604,24.10499923303724,0.0,0,BIHAR_2024_09_27,2024-09-27,NRSC_Sentinel1A
24.65,88.25,0.444999985396862,2.134999968111515,2.6999999657273293,18.039999581873417,24.469999469816685,0.0,0,BIHAR_2024_09_27,2024-09-27,NRSC_Sentinel1A
24.65,88.35,2.290000043809414,3.914999984204769,6.649999924004078,17.214999742805958,23.219999657943845,0.0,0,BIHAR_2024_09_27,2024-09-27,NRSC_Sentinel1A
24.65,88.45,4.864999949932098,6.459999918937683,8.849999845027924,16.40999960899353,23.199999384582043,0.0,0,BIHAR_2024_09_27,2024-09-27,NRSC_Sentinel1A
24.75,83.049995,0.0,0.0,0.0,3.77499994635582,8.494999796152115,0.0,0,BIHAR_2024_09_27,2024-09-27,NRSC_Sentinel1A
24.75,83.15,0.0,0.0,0.0,3.7399999126791954,9.644999787211418,0.0,0,BIHAR_2024_09_27,2024-09-27,NRSC_Sentinel1A
24.75,83.25,0.0,0.0,0.0,3.319999948143959,9.169999790377917,0.0,0,BIHAR_2024_09_27,2024-09-27,NRSC_Sentinel1A
24.75,83.35,0.0049999998882412,0.0049999998882412,0.0049999998882412,4.134999935515225,11.599999812431632,0.0,0,BIHAR_2024_09_27,2024-09-27,NRSC_Sentinel1A
24.75,83.45,0.0599999986588954,0.0599999986588954,0.0599999986588954,9.119999911636114,17.144999634474516,0.0,0,BIHAR_2024_09_27,2024-09-27,NRSC_Sentinel1A
24.75,83.549995,0.0599999986588954,0.0599999986588954,0.0599999986588954,7.604999866336584,15.659999672323464,0.0,0,BIHAR_2024_09_27,2024-09-27,NRSC_Sentinel1A
24.75,83.65,0.1149999937042594,0.2249999903142452,0.2249999903142452,8.614999797195196,17.41499960795045,0.0,0,BIHAR_2024_09_27,2024-09-27,NRSC_Sentinel1A
24.75,83.75,0.1249999944120645,0.1549999937415123,0.1549999937415123,11.134999804198742,18.36999962478876,0.0,0,BIHAR_2024_09_27,2024-09-27,NRSC_Sentinel1A
24.75,83.85,0.2049999982118606,0.2849999964237213,0.574999988079071,8.709999710321426,15.159999541938303,0.0,0,BIHAR_2024_09_27,2024-09-27,NRSC_Sentinel1A
24.75,83.95,0.2599999904632568,0.8699999898672104,1.1799999922513962,8.049999855458736,13.619999684393406,0.0,0,BIHAR_2024_09_27,2024-09-27,NRSC_Sentinel1A
24.75,84.049995,0.2249999940395355,0.8249999731779099,0.9799999743700027,6.474999874830246,11.999999744817616,0.0,0,BIHAR_2024_09_27,2024-09-27,NRSC_Sentinel1A
24.75,84.15,0.2449999898672104,0.8549999743700027,1.4849999621510506,6.764999873936176,12.109999792650342,0.0,0,BIHAR_2024_09_27,2024-09-27,NRSC_Sentinel1A
24.75,84.25,0.2449999973177909,1.2099999859929085,4.939999870955944,11.014999724924564,16.50999963004142,0.0,0,BIHAR_2024_09_27,2024-09-27,NRSC_Sentinel1A
24.75,84.35,0.190000002272427,1.6800000118091702,9.269999866373835,17.97999980021268,24.17499965894968,0.0,0,BIHAR_2024_09_27,2024-09-27,NRSC_Sentinel1A
24.75,84.45,0.1899999976158142,1.540000021457672,18.21999931335449,26.919998958706856,34.479998737573624,0.0,0,BIHAR_2024_09_27,2024-09-27,NRSC_Sentinel1A
24.75,84.549995,0.1899999976158142,2.7950000166893005,24.464999616146088,32.394999608397484,40.25499945878983,0.0,0,BIHAR_2024_09_27,2024-09-27,NRSC_Sentinel1A
24.75,84.65,0.2399999946355819,3.820000007748604,29.084999158978466,36.36999908089638,41.61499895900488,0.0,0,BIHAR_2024_09_27,2024-09-27,NRSC_Sentinel1A
24.75,84.75,0.5049999840557575,3.97499992325902,27.38999940827489,33.864999275654554,38.0349991209805,0.0,0,BIHAR_2024_09_27,2024-09-27,NRSC_Sentinel1A
24.75,84.85,0.7799999862909317,2.6599999368190765,21.05499956011772,25.47999944537878,28.91999933123589,0.0,0,BIHAR_2024_09_27,2024-09-27,NRSC_Sentinel1A
24.75,84.95,0.2849999964237213,3.1349998638033867,19.044999592006207,21.48499949742109,23.46999944560229,0.0,0,BIHAR_2024_09_27,2024-09-27,NRSC_Sentinel1A
24.75,85.049995,0.3399999886751175,7.074999883770943,18.534999385476112,19.58999936003238,22.624999255873263,0.0,0,BIHAR_2024_09_27,2024-09-27,NRSC_Sentinel1A
24.75,85.15,0.3549999892711639,8.134999752044678,16.34999966621399,17.38999965414405,21.469999528490007,0.0,0,BIHAR_2024_09_27,2024-09-27,NRSC_Sentinel1A
24.75,85.25,0.2950000017881393,8.394999668002129,19.099999472498894,19.66499944776297,23.12999931629747,0.0,0,BIHAR_2024_09_27,2024-09-27,NRSC_Sentinel1A
24.75,85.35,0.2649999931454658,12.334999687969685,22.95499963313341,23.67999961413443,26.239999507553875,0.0,0,BIHAR_2024_09_27,2024-09-27,NRSC_Sentinel1A
24.75,85.45,0.2899999916553497,12.81999984383583,23.34499952197075,24.799999494105577,27.44499941077084,0.0,0,BIHAR_2024_09_27,2024-09-27,NRSC_Sentinel1A
24.75,85.549995,0.1249999972060322,11.680000034160912,24.024999883957207,26.224999823607504,28.35999977681785,0.0,0,BIHAR_2024_09_27,2024-09-27,NRSC_Sentinel1A
24.75,85.65,0.1499999966472387,4.884999876841903,16.399999802932143,19.40999980829656,21.614999743178487,0.0,0,BIHAR_2024_09_27,2024-09-27,NRSC_Sentinel1A
24.75,85.75,0.5,5.070000007748604,17.329999700188637,20.11999962478876,22.184999574907124,0.0,0,BIHAR_2024_09_27,2024-09-27,NRSC_Sentinel1A
24.75,85.85,0.3549999892711639,3.035000003874302,9.279999859631062,11.6149998344481,13.59999977890402,0.0,0,BIHAR_2024_09_27,2024-09-27,NRSC_Sentinel1A
24.75,85.95,0.1949999928474426,3.839999973773956,7.379999972879887,9.829999901354311,11.444999833591282,0.0,0,BIHAR_2024_09_27,2024-09-27,NRSC_Sentinel1A
24.75,86.049995,0.4049999788403511,3.929999835789204,6.074999786913395,9.03999973833561,12.849999705329536,0.0,0,BIHAR_2024_09_27,2024-09-27,NRSC_Sentinel1A
24.75,86.15,0.3650000058114528,3.164999943226576,5.449999880045652,9.134999763220549,15.819999595172703,0.0,0,BIHAR_2024_09_27,2024-09-27,NRSC_Sentinel1A
24.75,86.25,1.8699999451637268,10.98999971151352,14.16999963670969,18.35499956458807,20.88499952852726,0.0,0,BIHAR_2024_09_27,2024-09-27,NRSC_Sentinel1A
24.75,86.35,2.7399998903274536,12.794999718666077,16.549999633803964,24.07999930717051,27.3649992030114,0.0,0,BIHAR_2024_09_27,2024-09-27,NRSC_Sentinel1A
24.75,86.45,3.639999985694885,12.704999804496763,16.51999968290329,27.334999427199364,31.34499931335449,0.0,0,BIHAR_2024_09_27,2024-09-27,NRSC_Sentinel1A
24.75,86.549995,3.09499990940094,10.59999978542328,13.729999788105488,28.059999220073223,36.06499905884266,0.0,0,BIHAR_2024_09_27,2024-09-27,NRSC_Sentinel1A
24.75,86.65,3.404999852180481,11.579999566078186,14.514999464154243,26.98999908566475,33.27499908860773,0.0,0,BIHAR_2024_09_27,2024-09-27,NRSC_Sentinel1A
24.75,86.75,3.940000057220459,8.134999990463257,10.109999917447569,20.64499969035387,24.774999550543725,0.0,0,BIHAR_2024_09_27,2024-09-27,NRSC_Sentinel1A
24.75,86.85,4.264999866485596,8.389999866485596,10.184999838471413,21.70499949157238,25.93499949201941,0.0,0,BIHAR_2024_09_27,2024-09-27,NRSC_Sentinel1A
24.75,86.95,5.355000019073486,9.339999854564669,10.6899998113513,22.99499937146902,27.58499924838543,0.0,0,BIHAR_2024_09_27,2024-09-27,NRSC_Sentinel1A
24.75,87.049995,3.5849997997283936,5.279999747872353,8.879999674856663,20.994999445974827,25.124999373219907,0.0,0,BIHAR_2024_09_27,2024-09-27,NRSC_Sentinel1A
24.75,87.15,2.840000033378601,4.129999980330467,8.344999983906746,22.469999715685844,26.54999960772693,0.0,0,BIHAR_2024_09_27,2024-09-27,NRSC_Sentinel1A
24.75,87.25,0.9399999976158142,1.1549999937415123,7.904999814927578,23.98999949544668,27.41999939735979,0.0,0,BIHAR_2024_09_27,2024-09-27,NRSC_Sentinel1A
24.75,87.35,0.7949999868869781,1.4899999648332596,8.489999815821648,20.91499964892864,23.91499958001077,0.0,0,BIHAR_2024_09_27,2024-09-27,NRSC_Sentinel1A
24.75,87.45,0.6199999898672104,1.2149999737739563,7.409999936819075,22.91499969363213,25.59499961696565,0.0,0,BIHAR_2024_09_27,2024-09-27,NRSC_Sentinel1A
24.75,87.549995,0.6349999904632568,1.6949999630451202,6.3949998915195465,21.48499944806099,23.934999404475093,0.0,0,BIHAR_2024_09_27,2024-09-27,NRSC_Sentinel1A
24.75,87.65,0.625,1.6999999582767489,9.309999704360962,28.494999289512634,31.03999923635274,0.0,0,BIHAR_2024_09_27,2024-09-27,NRSC_Sentinel1A
24.75,87.75,0.6049999743700027,2.2749999314546585,9.089999869465828,31.43499945104122,34.75999940466136,0.0,0,BIHAR_2024_09_27,2024-09-27,NRSC_Sentinel1A
24.75,87.85,0.5149999856948853,1.9899999052286148,5.974999889731407,26.28999914228916,32.30999898351729,0.0,0,BIHAR_2024_09_27,2024-09-27,NRSC_Sentinel1A
24.75,87.95,0.2749999947845936,1.4899999983608725,2.5799999870359898,17.194999489933252,24.464999289251864,0.0,0,BIHAR_2024_09_27,2024-09-27,NRSC_Sentinel1A
24.75,88.049995,0.2599999979138374,1.6399999633431437,2.02499994635582,15.584999606013298,24.81999941077084,0.0,0,BIHAR_2024_09_27,2024-09-27,NRSC_Sentinel1A
24.75,88.15,0.3900000005960464,2.2599999606609344,2.819999948143959,16.90499973297119,27.30499948561192,0.0,0,BIHAR_2024_09_27,2024-09-27,NRSC_Sentinel1A
24.75,88.25,0.3299999795854091,2.3699999414384365,3.834999900311232,18.419999580830336,26.51499928161502,0.0,0,BIHAR_2024_09_27,2024-09-27,NRSC_Sentinel1A
24.75,88.35,0.8099999986588955,2.964999955147505,7.639999788254499,20.11999936029315,28.07999912276864,0.0,0,BIHAR_2024_09_27,2024-09-27,NRSC_Sentinel1A
24.75,88.45,2.549999833106994,4.774999797344208,10.354999601840971,20.25999930500984,29.29999902844429,0.0,0,BIHAR_2024_09_27,2024-09-27,NRSC_Sentinel1A
24.85,83.049995,0.0,0.0,0.0,4.924999952316284,12.334999779239295,0.0,0,BIHAR_2024_09_27,2024-09-27,NRSC_Sentinel1A
24.85,83.15,0.0,0.0,0.0,2.3549999073147774,10.044999670237305,0.0,0,BIHAR_2024_09_27,2024-09-27,NRSC_Sentinel1A
24.85,83.25,0.0,0.0,0.0,2.684999957680702,10.20499981380999,0.0,0,BIHAR_2024_09_27,2024-09-27,NRSC_Sentinel1A
24.85,83.35,0.0499999970197677,0.0499999970197677,0.1199999973177909,3.9799998700618735,13.014999717473984,0.0,0,BIHAR_2024_09_27,2024-09-27,NRSC_Sentinel1A
24.85,83.45,0.089999996125698,0.089999996125698,0.089999996125698,6.96499989181757,17.604999743402004,0.0,0,BIHAR_2024_09_27,2024-09-27,NRSC_Sentinel1A
24.85,83.549995,0.1149999937042594,0.1199999935925006,0.1199999935925006,6.729999858886004,17.459999550133944,0.0,0,BIHAR_2024_09_27,2024-09-27,NRSC_Sentinel1A
24.85,83.65,0.1249999990686774,0.1299999989569187,0.1299999989569187,7.079999823123217,18.71499951556325,0.0,0,BIHAR_2024_09_27,2024-09-27,NRSC_Sentinel1A
24.85,83.75,0.1249999944120645,0.1249999944120645,0.1249999944120645,8.679999867454171,17.384999657049775,0.0,0,BIHAR_2024_09_27,2024-09-27,NRSC_Sentinel1A
24.85,83.85,0.159999992698431,0.1899999920278787,0.1899999920278787,8.044999891892076,16.169999646022916,0.0,0,BIHAR_2024_09_27,2024-09-27,NRSC_Sentinel1A
24.85,83.95,0.2049999982118606,0.8199999779462814,0.8199999779462814,6.109999798238277,14.4499994488433,0.0,0,BIHAR_2024_09_27,2024-09-27,NRSC_Sentinel1A
24.85,84.049995,0.125,0.7199999764561653,0.7199999764561653,5.189999856054783,12.289999775588512,0.0,0,BIHAR_2024_09_27,2024-09-27,NRSC_Sentinel1A
24.85,84.15,0.1149999964982271,0.704999977722764,1.2449999693781135,5.864999840036035,12.504999650642276,0.0,0,BIHAR_2024_09_27,2024-09-27,NRSC_Sentinel1A
24.85,84.25,0.1399999903514981,1.1749999867752194,3.3399999188259244,9.299999793060124,16.324999606236815,0.0,0,BIHAR_2024_09_27,2024-09-27,NRSC_Sentinel1A
24.85,84.35,0.2699999958276748,0.6299999803304672,7.159999892115593,13.859999731183052,20.214999578893185,0.0,0,BIHAR_2024_09_27,2024-09-27,NRSC_Sentinel1A
24.85,84.45,0.2849999964237213,0.2849999964237213,10.429999738931656,17.629999563097954,25.20999939739704,0.0,0,BIHAR_2024_09_27,2024-09-27,NRSC_Sentinel1A
24.85,84.549995,0.760000005364418,0.760000005364418,22.14499951899052,32.59999918937683,41.90999898314476,0.0,0,BIHAR_2024_09_27,2024-09-27,NRSC_Sentinel1A
24.85,84.65,0.8549999892711639,2.1000000033527613,28.07999906875193,39.02499885298312,45.58499872125685,0.0,0,BIHAR_2024_09_27,2024-09-27,NRSC_Sentinel1A
24.85,84.75,1.384999930858612,2.914999842643738,28.464999079704285,37.10499904025346,42.86999892164022,0.0,0,BIHAR_2024_09_27,2024-09-27,NRSC_Sentinel1A
24.85,84.85,1.2999999523162842,2.6749998927116394,19.71499943733216,25.779999189078808,30.559999004006382,0.0,0,BIHAR_2024_09_27,2024-09-27,NRSC_Sentinel1A
24.85,84.95,0.7449999749660492,2.334999879822135,18.434999426826835,22.299999424256384,25.624999307096004,0.0,0,BIHAR_2024_09_27,2024-09-27,NRSC_Sentinel1A
24.85,85.049995,0.3049999922513962,7.314999744296074,17.819999501109123,18.839999481104314,22.35999937914312,0.0,0,BIHAR_2024_09_27,2024-09-27,NRSC_Sentinel1A
24.85,85.15,0.1900000013411045,7.289999935775995,16.40499970689416,17.609999692067504,21.40499966405332,0.0,0,BIHAR_2024_09_27,2024-09-27,NRSC_Sentinel1A
24.85,85.25,0.1299999952316284,6.654999911785126,17.894999563694,18.63499953318388,21.0999994808808,0.0,0,BIHAR_2024_09_27,2024-09-27,NRSC_Sentinel1A
24.85,85.35,0.1349999904632568,9.359999984502792,24.40499979257584,26.009999757632613,28.559999676421285,0.0,0,BIHAR_2024_09_27,2024-09-27,NRSC_Sentinel1A
24.85,85.45,0.25,8.299999818205833,22.15499956905842,23.64499954972416,27.55499948654324,0.0,0,BIHAR_2024_09_27,2024-09-27,NRSC_Sentinel1A
24.85,85.549995,0.1549999937415123,7.845000013709068,23.2649999409914,24.59999990090728,28.02999981492757,0.0,0,BIHAR_2024_09_27,2024-09-27,NRSC_Sentinel1A
24.85,85.65,0.1499999947845935,2.99999987706542,16.17999955639243,18.4649994969368,21.859999417327344,0.0,0,BIHAR_2024_09_27,2024-09-27,NRSC_Sentinel1A
24.85,85.75,0.2249999865889549,2.4149999395012856,15.109999693930147,19.114999663084745,21.754999566823244,0.0,0,BIHAR_2024_09_27,2024-09-27,NRSC_Sentinel1A
24.85,85.85,0.16499999538064,1.024999987334013,6.254999827593565,12.23999969754368,14.594999637454748,0.0,0,BIHAR_2024_09_27,2024-09-27,NRSC_Sentinel1A
24.85,85.95,0.209999993443489,3.5449998676776886,7.264999821782112,13.319999610073864,15.1249995296821,0.0,0,BIHAR_2024_09_27,2024-09-27,NRSC_Sentinel1A
24.85,86.049995,0.2799999862909317,3.494999945163727,5.654999881982803,8.749999795109034,12.499999740161002,0.0,0,BIHAR_2024_09_27,2024-09-27,NRSC_Sentinel1A
24.85,86.15,0.5949999764561653,3.0099999085068703,5.039999859407544,7.659999759867787,15.649999517016113,0.0,0,BIHAR_2024_09_27,2024-09-27,NRSC_Sentinel1A
24.85,86.25,1.5499999523162842,9.105000019073486,13.13999983575195,16.429999764077365,19.479999686591327,0.0,0,BIHAR_2024_09_27,2024-09-27,NRSC_Sentinel1A
24.85,86.35,2.4899998903274536,10.869999647140505,16.169999471865594,23.309999397955835,26.254999349825084,0.0,0,BIHAR_2024_09_27,2024-09-27,NRSC_Sentinel1A
24.85,86.45,2.514999866485596,11.229999780654907,16.329999804496765,27.34499953687191,31.50499946624041,0.0,0,BIHAR_2024_09_27,2024-09-27,NRSC_Sentinel1A
24.85,86.549995,2.2299999594688416,9.039999783039091,13.114999696612358,25.02999952435493,34.05999939516187,0.0,0,BIHAR_2024_09_27,2024-09-27,NRSC_Sentinel1A
24.85,86.65,2.144999921321869,8.919999778270721,13.12499976158142,23.759999558329586,31.38999930769205,0.0,0,BIHAR_2024_09_27,2024-09-27,NRSC_Sentinel1A
24.85,86.75,1.659999966621399,3.909999877214432,7.214999780058861,15.824999660253525,20.64499953389168,0.0,0,BIHAR_2024_09_27,2024-09-27,NRSC_Sentinel1A
24.85,86.85,3.2799999713897705,6.609999895095825,9.759999826550484,19.189999639987946,24.36499950010329,0.0,0,BIHAR_2024_09_27,2024-09-27,NRSC_Sentinel1A
24.85,86.95,2.2549999952316284,4.655000030994415,6.859999977052212,17.059999711811543,22.684999567456543,0.0,0,BIHAR_2024_09_27,2024-09-27,NRSC_Sentinel1A
24.85,87.049995,1.4299999475479126,2.3499999195337296,5.439999833703041,16.6499994546175,21.619999294169247,0.0,0,BIHAR_2024_09_27,2024-09-27,NRSC_Sentinel1A
24.85,87.15,1.959999918937683,3.034999921917916,6.519999757409096,17.959999576210976,22.66999950259924,0.0,0,BIHAR_2024_09_27,2024-09-27,NRSC_Sentinel1A
24.85,87.25,1.0850000083446505,1.8749999701976776,6.399999842047691,20.399999484419823,24.30999938305468,0.0,0,BIHAR_2024_09_27,2024-09-27,NRSC_Sentinel1A
24.85,87.35,0.6399999856948853,1.554999977350235,6.40999985486269,19.5299995020032,23.60999943502248,0.0,0,BIHAR_2024_09_27,2024-09-27,NRSC_Sentinel1A
24.85,87.45,0.5749999731779099,1.329999953508377,5.944999858736992,19.57999937236309,23.42499924078584,0.0,0,BIHAR_2024_09_27,2024-09-27,NRSC_Sentinel1A
24.85,87.549995,0.5599999874830246,1.8699999749660488,6.4599997997283936,21.134999334812164,24.284999262541533,0.0,0,BIHAR_2024_09_27,2024-09-27,NRSC_Sentinel1A
24.85,87.65,0.5250000059604645,1.94499996304512,8.914999932050705,30.5899994969368,33.664999432861805,0.0,0,BIHAR_2024_09_27,2024-09-27,NRSC_Sentinel1A
24.85,87.75,0.1199999945238232,1.7399999098852277,8.324999858625233,38.9199993358925,43.07499922439456,0.0,0,BIHAR_2024_09_27,2024-09-27,NRSC_Sentinel1A
24.85,87.85,0.5300000011920929,2.659999966621399,7.419999808073044,36.39999893307686,44.60999868810177,0.0,0,BIHAR_2024_09_27,2024-09-27,NRSC_Sentinel1A
24.85,87.95,0.2249999884516,1.6799999196082354,4.379999848082662,26.914999278262258,36.87999907322228,0.0,0,BIHAR_2024_09_27,2024-09-27,NRSC_Sentinel1A
24.85,88.049995,0.1400000005960464,1.5249999575316906,2.664999943226576,21.21999968215823,34.17499932739884,0.0,0,BIHAR_2024_09_27,2024-09-27,NRSC_Sentinel1A
24.85,88.15,0.4099999889731407,2.59499990195036,3.8399998312816015,19.139999485574663,34.064999147318304,0.0,0,BIHAR_2024_09_27,2024-09-27,NRSC_Sentinel1A
24.85,88.25,0.3550000004470348,2.294999953359365,4.889999847859144,17.27999958023429,27.65499929059297,0.0,0,BIHAR_2024_09_27,2024-09-27,NRSC_Sentinel1A
24.85,88.35,0.4100000038743019,2.334999941289425,9.479999803006647,20.33499970287085,29.734999500215054,0.0,0,BIHAR_2024_09_27,2024-09-27,NRSC_Sentinel1A
24.85,88.45,1.1399999856948853,4.084999889135361,12.28499974310398,23.004999443888664,33.41499916277826,0.0,0,BIHAR_2024_09_27,2024-09-27,NRSC_Sentinel1A
24.949999,83.049995,0.0,0.0,0.0,4.04499988257885,12.479999735951424,0.0,0,BIHAR_2024_09_27,2024-09-27,NRSC_Sentinel1A
24.949999,83.15,0.0,0.0,0.0,3.6149999499320975,13.879999786615372,0.0,0,BIHAR_2024_09_27,2024-09-27,NRSC_Sentinel1A
24.949999,83.25,0.0,0.0,0.0399999991059303,4.259999953210354,15.699999660253525,0.0,0,BIHAR_2024_09_27,2024-09-27,NRSC_Sentinel1A
24.949999,83.35,0.0049999998882412,0.0049999998882412,0.3299999954178929,4.434999887831509,15.224999670870602,0.0,0,BIHAR_2024_09_27,2024-09-27,NRSC_Sentinel1A
24.949999,83.45,0.0649999976158142,0.0649999976158142,0.3749999925494194,4.259999878704548,16.749999530613422,0.0,0,BIHAR_2024_09_27,2024-09-27,NRSC_Sentinel1A
24.949999,83.549995,0.0700000002980232,0.0700000002980232,0.0700000002980232,3.594999887049198,19.134999312460423,0.0,0,BIHAR_2024_09_27,2024-09-27,NRSC_Sentinel1A
24.949999,83.65,0.1199999991804361,0.1199999991804361,0.1199999991804361,6.179999867454171,19.77999947406352,0.0,0,BIHAR_2024_09_27,2024-09-27,NRSC_Sentinel1A
24.949999,83.75,0.1399999968707561,0.15499999653548,0.15499999653548,6.679999808780849,19.359999427571893,0.0,0,BIHAR_2024_09_27,2024-09-27,NRSC_Sentinel1A
24.949999,83.85,0.1199999935925006,0.1849999912083149,0.1849999912083149,5.889999855309725,16.089999612420797,0.0,0,BIHAR_2024_09_27,2024-09-27,NRSC_Sentinel1A
24.949999,83.95,0.1999999955296516,0.9399999901652336,0.9399999901652336,5.984999969601631,15.914999827742577,0.0,0,BIHAR_2024_09_27,2024-09-27,NRSC_Sentinel1A
24.949999,84.049995,0.1349999979138374,0.7299999818205833,0.7299999818205833,4.8249999061226845,13.1899998113513,0.0,0,BIHAR_2024_09_27,2024-09-27,NRSC_Sentinel1A
24.949999,84.15,0.1349999904632568,0.794999971985817,1.2849999610334637,6.269999878481031,17.319999748840928,0.0,0,BIHAR_2024_09_27,2024-09-27,NRSC_Sentinel1A
24.949999,84.25,0.125,0.9849999845027924,2.68499992787838,8.819999858736992,16.47999969869852,0.0,0,BIHAR_2024_09_27,2024-09-27,NRSC_Sentinel1A
24.949999,84.35,0.209999993443489,0.2799999937415123,6.3999998196959496,13.379999659955502,20.214999502524734,0.0,0,BIHAR_2024_09_27,2024-09-27,NRSC_Sentinel1A
24.949999,84.45,0.2699999809265136,0.2949999794363975,8.459999732673168,17.189999409019947,25.72499924153089,0.0,0,BIHAR_2024_09_27,2024-09-27,NRSC_Sentinel1A
24.949999,84.549995,0.4149999916553497,0.5199999883770943,17.87999964505434,31.7999990656972,41.50499890372157,0.0,0,BIHAR_2024_09_27,2024-09-27,NRSC_Sentinel1A
24.949999,84.65,0.6399999856948853,1.7699999511241913,22.449999272823334,37.144998759031296,44.60999860987067,0.0,0,BIHAR_2024_09_27,2024-09-27,NRSC_Sentinel1A
24.949999,84.75,2.0799999237060547,3.399999886751175,22.84999930858612,34.20499911811203,39.92999898083508,0.0,0,BIHAR_2024_09_27,2024-09-27,NRSC_Sentinel1A
24.949999,84.85,2.064999938011169,3.4499999582767487,13.954999804496763,22.154999484308064,27.004999429918826,0.0,0,BIHAR_2024_09_27,2024-09-27,NRSC_Sentinel1A
24.949999,84.95,0.4649999886751175,2.04500000178814,11.0149996727705,17.05499954521656,20.524999442510307,0.0,0,BIHAR_2024_09_27,2024-09-27,NRSC_Sentinel1A
24.949999,85.049995,0.2949999868869781,6.609999775886536,14.70499962568283,15.864999590441585,19.964999502524734,0.0,0,BIHAR_2024_09_27,2024-09-27,NRSC_Sentinel1A
24.949999,85.15,0.2549999952316284,5.359999895095825,13.774999678134918,15.699999609962106,19.024999535642564,0.0,0,BIHAR_2024_09_27,2024-09-27,NRSC_Sentinel1A
24.949999,85.25,0.1899999976158142,5.089999854564667,14.764999508857729,16.279999474063516,18.62499941699207,0.0,0,BIHAR_2024_09_27,2024-09-27,NRSC_Sentinel1A
24.949999,85.35,0.2049999982118606,5.789999797940254,19.95999939739704,22.49499930813909,25.15999924764037,0.0,0,BIHAR_2024_09_27,2024-09-27,NRSC_Sentinel1A
24.949999,85.45,0.2449999898672104,5.694999702274799,20.29999939352274,22.499999408610165,27.25999927986413,0.0,0,BIHAR_2024_09_27,2024-09-27,NRSC_Sentinel1A
24.949999,85.549995,0.1849999949336052,5.039999855682254,19.524999601766467,21.389999559149143,26.54999945871532,0.0,0,BIHAR_2024_09_27,2024-09-27,NRSC_Sentinel1A
24.949999,85.65,0.3749999850988388,2.384999912232161,14.374999772757292,16.81999973207712,20.309999626129866,0.0,0,BIHAR_2024_09_27,2024-09-27,NRSC_Sentinel1A
24.949999,85.75,0.6099999845027924,1.3649999722838402,12.039999686181543,17.084999533370137,20.164999439381063,0.0,0,BIHAR_2024_09_27,2024-09-27,NRSC_Sentinel1A
24.949999,85.85,0.5999999791383743,0.8749999739229679,4.144999954849482,12.969999976456164,15.474999900907278,0.0,0,BIHAR_2024_09_27,2024-09-27,NRSC_Sentinel1A
24.949999,85.95,0.8699999526143074,3.369999885559082,5.934999812394381,12.854999614879487,14.94499957282096,0.0,0,BIHAR_2024_09_27,2024-09-27,NRSC_Sentinel1A
24.949999,86.049995,0.8199999555945396,3.684999831020832,5.739999763667584,8.864999674260616,11.97499959077686,0.0,0,BIHAR_2024_09_27,2024-09-27,NRSC_Sentinel1A
24.949999,86.15,0.8549999594688416,2.924999862909317,5.084999762475491,7.749999675899744,13.33999955933541,0.0,0,BIHAR_2024_09_27,2024-09-27,NRSC_Sentinel1A
24.949999,86.25,1.3499999344348907,6.319999784231186,10.949999749660492,14.564999677240849,17.724999628961086,0.0,0,BIHAR_2024_09_27,2024-09-27,NRSC_Sentinel1A
24.949999,86.35,2.034999966621399,7.149999976158142,13.644999876618384,20.26499962061644,23.43999955803156,0.0,0,BIHAR_2024_09_27,2024-09-27,NRSC_Sentinel1A
24.949999,86.45,1.959999918937683,7.824999868869781,14.33499950170517,25.87499941885472,30.499999329447743,0.0,0,BIHAR_2024_09_27,2024-09-27,NRSC_Sentinel1A
24.949999,86.549995,2.1549999117851257,8.294999718666077,13.629999488592148,23.294999197125435,32.129999046213925,0.0,0,BIHAR_2024_09_27,2024-09-27,NRSC_Sentinel1A
24.949999,86.65,1.7149999737739563,7.234999775886536,13.544999569654465,23.854999139904976,31.1849989341572,0.0,0,BIHAR_2024_09_27,2024-09-27,NRSC_Sentinel1A
24.949999,86.75,1.919999957084656,6.189999878406525,9.7899998575449,18.25499956309796,23.56999943125993,0.0,0,BIHAR_2024_09_27,2024-09-27,NRSC_Sentinel1A
24.949999,86.85,1.5699999928474426,3.564999938011169,7.04499988257885,16.15999972820282,21.924999620765448,0.0,0,BIHAR_2024_09_27,2024-09-27,NRSC_Sentinel1A
24.949999,86.95,1.5499999523162842,3.669999897480011,5.854999855160713,15.584999486804008,21.97999930381775,0.0,0,BIHAR_2024_09_27,2024-09-27,NRSC_Sentinel1A
24.949999,87.049995,1.5999999642372131,2.9499999284744263,5.284999862313271,16.524999663233757,22.47999951802194,0.0,0,BIHAR_2024_09_27,2024-09-27,NRSC_Sentinel1A
24.949999,87.15,1.4949999451637268,2.939999938011169,5.089999884366989,15.899999529123306,21.214999333024025,0.0,0,BIHAR_2024_09_27,2024-09-27,NRSC_Sentinel1A
24.949999,87.25,0.6199999749660492,1.4899999499320984,4.224999904632568,18.45999962091446,22.82999950647354,0.0,0,BIHAR_2024_09_27,2024-09-27,NRSC_Sentinel1A
24.949999,87.35,0.8499999940395355,3.36499996483326,6.914999857544899,21.374999597668648,25.23499948531389,0.0,0,BIHAR_2024_09_27,2024-09-27,NRSC_Sentinel1A
24.949999,87.45,0.4849999845027923,2.309999942779541,5.834999844431877,20.079999402165413,24.404999271035194,0.0,0,BIHAR_2024_09_27,2024-09-27,NRSC_Sentinel1A
24.949999,87.549995,0.6699999868869781,2.754999935626984,7.904999911785126,22.52499938011169,26.024999283254147,0.0,0,BIHAR_2024_09_27,2024-09-27,NRSC_Sentinel1A
24.949999,87.65,0.1099999966099858,1.1449999464675784,7.349999721162021,32.20999905001372,36.31999890785664,0.0,0,BIHAR_2024_09_27,2024-09-27,NRSC_Sentinel1A
24.949999,87.75,0.0799999982118606,1.4099999591708183,7.659999750554562,44.96499925106764,50.05999912228435,0.0,0,BIHAR_2024_09_27,2024-09-27,NRSC_Sentinel1A
24.949999,87.85,0.1049999967217445,1.5349999740719795,5.284999929368496,41.16499891132116,50.35499871894717,0.0,0,BIHAR_2024_09_27,2024-09-27,NRSC_Sentinel1A
24.949999,87.95,0.0799999982118606,0.5999999791383743,4.479999884963036,38.11999885737896,51.28999859001488,0.0,0,BIHAR_2024_09_27,2024-09-27,NRSC_Sentinel1A
24.949999,88.049995,0.0799999982118606,0.6149999648332596,2.8049998953938484,25.6349992826581,41.53999898582697,0.0,0,BIHAR_2024_09_27,2024-09-27,NRSC_Sentinel1A
24.949999,88.15,0.1349999904632568,0.8949999650940299,2.9399999296292663,19.20999955292791,36.24999936576933,0.0,0,BIHAR_2024_09_27,2024-09-27,NRSC_Sentinel1A
24.949999,88.25,0.309999986551702,1.879999904893339,3.659999861381948,17.91499963309616,30.43499921169132,0.0,0,BIHAR_2024_09_27,2024-09-27,NRSC_Sentinel1A
24.949999,88.35,0.4099999945610761,2.374999953433872,7.789999766275287,24.209999723359942,36.55999955348671,0.0,0,BIHAR_2024_09_27,2024-09-27,NRSC_Sentinel1A
24.949999,88.45,0.5999999791383743,3.559999898076057,8.33499975502491,25.154999241232872,36.3899989835918,0.0,0,BIHAR_2024_09_27,2024-09-27,NRSC_Sentinel1A
25.05,83.049995,0.0,0.0,0.0,2.6949999183416367,11.819999612867832,0.0,0,BIHAR_2024_09_27,2024-09-27,NRSC_Sentinel1A
25.05,83.15,0.0,0.0,0.0549999997019767,2.9599999114871025,15.499999679625034,0.0,0,BIHAR_2024_09_27,2024-09-27,NRSC_Sentinel1A
25.05,83.25,0.0,0.0,0.2899999916553497,3.654999867081642,17.579999521374702,0.0,0,BIHAR_2024_09_27,2024-09-27,NRSC_Sentinel1A
25.05,83.35,0.0,0.0,0.7199999801814556,6.74999987706542,21.07499959692359,0.0,0,BIHAR_2024_09_27,2024-09-27,NRSC_Sentinel1A
25.05,83.45,0.0099999997764825,0.0099999997764825,0.6249999795109034,6.374999864026904,23.4899992775172,0.0,0,BIHAR_2024_09_27,2024-09-27,NRSC_Sentinel1A
25.05,83.549995,0.0099999997764825,0.0099999997764825,0.1549999956041574,6.299999827519059,24.72499946691096,0.0,0,BIHAR_2024_09_27,2024-09-27,NRSC_Sentinel1A
25.05,83.65,0.0,0.0,0.0,4.039999842643738,22.009999498724937,0.0,0,BIHAR_2024_09_27,2024-09-27,NRSC_Sentinel1A
25.05,83.75,0.1299999989569187,0.1449999986216426,0.1449999986216426,6.44499986898154,25.324999476782978,0.0,0,BIHAR_2024_09_27,2024-09-27,NRSC_Sentinel1A
25.05,83.85,0.1149999992921948,0.1249999990686774,0.1249999990686774,4.884999907575548,16.19999977108091,0.0,0,BIHAR_2024_09_27,2024-09-27,NRSC_Sentinel1A
25.05,83.95,0.1399999968707561,0.5949999876320362,0.5949999876320362,4.13499990850687,11.414999701082706,0.0,0,BIHAR_2024_09_27,2024-09-27,NRSC_Sentinel1A
25.05,84.049995,0.1049999985843896,0.5549999866634607,0.5549999866634607,3.859999904409051,11.424999765120448,0.0,0,BIHAR_2024_09_27,2024-09-27,NRSC_Sentinel1A
25.05,84.15,0.1199999973177909,0.569999985396862,1.1849999651312828,5.569999843835831,13.824999649077654,0.0,0,BIHAR_2024_09_27,2024-09-27,NRSC_Sentinel1A
25.05,84.25,0.1149999946355819,0.6449999958276749,2.119999960064888,8.374999828636646,15.284999703988433,0.0,0,BIHAR_2024_09_27,2024-09-27,NRSC_Sentinel1A
25.05,84.35,0.0,0.0149999996647238,5.229999794624746,14.564999534748496,22.00499939825385,0.0,0,BIHAR_2024_09_27,2024-09-27,NRSC_Sentinel1A
25.05,84.45,0.139999995008111,0.2049999926239252,6.825000116601586,21.39999977685511,34.03499955870211,0.0,0,BIHAR_2024_09_27,2024-09-27,NRSC_Sentinel1A
25.05,84.549995,0.3149999976158142,0.5049999952316284,11.824999690055847,30.45499938726425,41.52999909222126,0.0,0,BIHAR_2024_09_27,2024-09-27,NRSC_Sentinel1A
25.05,84.65,0.5049999803304672,1.1049999594688416,16.559999525547028,36.39499917626381,46.849998857826,0.0,0,BIHAR_2024_09_27,2024-09-27,NRSC_Sentinel1A
25.05,84.75,0.8499999642372131,1.6149999499320984,13.759999841451643,30.02999947965145,36.78499931097031,0.0,0,BIHAR_2024_09_27,2024-09-27,NRSC_Sentinel1A
25.05,84.85,0.875,1.7699999511241913,8.069999739527702,19.48499957099557,24.66499948129058,0.0,0,BIHAR_2024_09_27,2024-09-27,NRSC_Sentinel1A
25.05,84.95,0.2649999931454658,0.6699999794363976,8.15999972075224,15.789999447762966,20.59499938879162,0.0,0,BIHAR_2024_09_27,2024-09-27,NRSC_Sentinel1A
25.05,85.049995,0.2149999886751175,4.444999858736992,10.079999700188637,12.114999644458294,17.209999536164105,0.0,0,BIHAR_2024_09_27,2024-09-27,NRSC_Sentinel1A
25.05,85.15,0.2950000017881393,5.439999877475202,14.149999557994306,17.289999497123063,21.009999382309616,0.0,0,BIHAR_2024_09_27,2024-09-27,NRSC_Sentinel1A
25.05,85.25,0.2499999925494194,5.0299998447299,15.104999594390392,17.559999503195286,20.41999943740666,0.0,0,BIHAR_2024_09_27,2024-09-27,NRSC_Sentinel1A
25.05,85.35,0.1799999997019767,5.374999813735485,18.4949993416667,21.244999264366925,24.15499917604029,0.0,0,BIHAR_2024_09_27,2024-09-27,NRSC_Sentinel1A
25.05,85.45,0.369999997317791,5.064999975264072,17.93499980121851,20.16499974671752,24.809999632649124,0.0,0,BIHAR_2024_09_27,2024-09-27,NRSC_Sentinel1A
25.05,85.549995,0.3050000052899122,2.014999995008111,16.349999913945794,18.65999986790121,24.83499979786575,0.0,0,BIHAR_2024_09_27,2024-09-27,NRSC_Sentinel1A
25.05,85.65,0.3649999797344208,1.214999970048666,11.594999846071005,15.164999787695706,18.50999968126416,0.0,0,BIHAR_2024_09_27,2024-09-27,NRSC_Sentinel1A
25.05,85.75,0.75,1.4049999862909317,8.199999839067459,13.649999711662533,16.27999966032803,0.0,0,BIHAR_2024_09_27,2024-09-27,NRSC_Sentinel1A
25.05,85.85,1.179999977350235,1.7999999523162842,3.664999887347221,10.269999778829517,12.879999719560146,0.0,0,BIHAR_2024_09_27,2024-09-27,NRSC_Sentinel1A
25.05,85.95,1.0199999809265137,2.7049999684095383,4.729999884963036,9.204999826848509,11.7649997882545,0.0,0,BIHAR_2024_09_27,2024-09-27,NRSC_Sentinel1A
25.05,86.049995,0.8299999833106995,2.7849999591708183,5.0899998769164085,7.404999814927578,9.97999974898994,0.0,0,BIHAR_2024_09_27,2024-09-27,NRSC_Sentinel1A
25.05,86.15,0.7949999868869781,2.3849999606609344,5.059999883174896,7.059999840334058,10.159999752417209,0.0,0,BIHAR_2024_09_27,2024-09-27,NRSC_Sentinel1A
25.05,86.25,2.039999961853028,6.344999849796295,10.77499982714653,14.66499973833561,18.959999637678266,0.0,0,BIHAR_2024_09_27,2024-09-27,NRSC_Sentinel1A
25.05,86.35,3.284999966621399,8.34499990940094,15.989999830722809,23.979999780654907,26.90999971795827,0.0,0,BIHAR_2024_09_27,2024-09-27,NRSC_Sentinel1A
25.05,86.45,2.634999990463257,7.369999945163727,14.599999740719795,24.899999633431435,33.53999944403768,0.0,0,BIHAR_2024_09_27,2024-09-27,NRSC_Sentinel1A
25.05,86.549995,3.6049998998641968,10.829999566078186,17.819999516010284,27.079999297857285,37.64499914646149,0.0,0,BIHAR_2024_09_27,2024-09-27,NRSC_Sentinel1A
25.05,86.65,3.3049999475479126,9.809999823570251,16.904999618418515,27.85999939311296,36.71499903965741,0.0,0,BIHAR_2024_09_27,2024-09-27,NRSC_Sentinel1A
25.05,86.75,2.8649998903274536,9.674999713897703,13.659999638795853,23.204999536275864,29.599999343045056,0.0,0,BIHAR_2024_09_27,2024-09-27,NRSC_Sentinel1A
25.05,86.85,1.809999942779541,5.394999831914902,8.789999723434448,19.404999405145645,26.63999925926328,0.0,0,BIHAR_2024_09_27,2024-09-27,NRSC_Sentinel1A
25.05,86.95,1.8499999046325684,5.694999784231186,7.904999762773514,18.554999440908432,26.55499929655344,0.0,0,BIHAR_2024_09_27,2024-09-27,NRSC_Sentinel1A
25.05,87.049995,1.2249999642372131,2.679999962449074,4.509999930858612,15.879999577999117,22.61999944411218,0.0,0,BIHAR_2024_09_27,2024-09-27,NRSC_Sentinel1A
25.05,87.15,0.6099999845027924,1.7249999344348907,3.2349999099969864,14.529999569058418,21.92999939993024,0.0,0,BIHAR_2024_09_27,2024-09-27,NRSC_Sentinel1A
25.05,87.25,0.5949999988079071,1.914999961853028,3.5749999284744263,19.0549995303154,24.19999934732914,0.0,0,BIHAR_2024_09_27,2024-09-27,NRSC_Sentinel1A
25.05,87.35,0.20499999076128,2.589999981224537,4.949999921023846,22.6749996766448,27.799999609589577,0.0,0,BIHAR_2024_09_27,2024-09-27,NRSC_Sentinel1A
25.05,87.45,0.5949999690055847,3.4499999284744263,6.054999873042107,24.64999942481517,30.04999928269536,0.0,0,BIHAR_2024_09_27,2024-09-27,NRSC_Sentinel1A
25.05,87.549995,0.8749999701976776,6.714999884366989,11.239999800920486,31.20999935269356,35.30499929562211,0.0,0,BIHAR_2024_09_27,2024-09-27,NRSC_Sentinel1A
25.05,87.65,0.6550000011920929,6.534999758005142,13.229999512434006,42.849998742342,47.61999860033393,0.0,0,BIHAR_2024_09_27,2024-09-27,NRSC_Sentinel1A
25.05,87.75,0.0749999955296516,2.079999890178442,8.81999972090125,52.76499792560935,59.87499782815576,0.0,0,BIHAR_2024_09_27,2024-09-27,NRSC_Sentinel1A
25.05,87.85,0.089999996125698,1.7599999718368051,6.104999851435423,55.34499819204211,70.03999773785472,0.0,0,BIHAR_2024_09_27,2024-09-27,NRSC_Sentinel1A
25.05,87.95,0.0850000008940696,1.8300000000745056,5.934999899938703,47.51499851234257,64.09499804675579,0.0,0,BIHAR_2024_09_27,2024-09-27,NRSC_Sentinel1A
25.05,88.049995,0.0,0.5900000035762787,2.7999999597668648,28.699999697506428,48.779999289661646,0.0,0,BIHAR_2024_09_27,2024-09-27,NRSC_Sentinel1A
25.05,88.15,0.1450000004842877,2.629999925382436,5.484999840147793,23.4099995540455,45.989999008364975,0.0,0,BIHAR_2024_09_27,2024-09-27,NRSC_Sentinel1A
25.05,88.25,0.7999999821186066,6.579999774694443,9.794999693520367,26.584999536164105,49.874999281950295,0.0,0,BIHAR_2024_09_27,2024-09-27,NRSC_Sentinel1A
25.05,88.35,1.0099999904632568,7.059999883174896,12.339999854564669,34.49999937415123,55.08499893546104,0.0,0,BIHAR_2024_09_27,2024-09-27,NRSC_Sentinel1A
25.05,88.45,1.3899999856948853,10.03499960899353,15.724999487400057,35.0649990439415,51.51999868452549,0.0,0,BIHAR_2024_09_27,2024-09-27,NRSC_Sentinel1A
25.15,83.049995,0.0,0.0,0.0,6.434999831020832,21.62499942630529,0.0,0,BIHAR_2024_09_27,2024-09-27,NRSC_Sentinel1A
25.15,83.15,0.0,0.0,0.0,5.994999960064888,26.439999386668205,0.0,0,BIHAR_2024_09_27,2024-09-27,NRSC_Sentinel1A
25.15,83.25,0.0,0.0,0.5999999735504389,5.889999905601144,27.46499911881984,0.0,0,BIHAR_2024_09_27,2024-09-27,NRSC_Sentinel1A
25.15,83.35,0.0,0.0,0.9049999956041574,4.444999905303121,26.824999334290624,0.0,0,BIHAR_2024_09_27,2024-09-27,NRSC_Sentinel1A
25.15,83.45,0.0,0.0,0.9699999690055848,5.329999893903732,27.594999462366104,0.0,0,BIHAR_2024_09_27,2024-09-27,NRSC_Sentinel1A
25.15,83.549995,0.0,0.0,0.1550000011920929,6.794999867677689,33.80499929189682,0.0,0,BIHAR_2024_09_27,2024-09-27,NRSC_Sentinel1A
25.15,83.65,0.0,0.0,0.0,6.839999884366989,32.51499950885773,0.0,0,BIHAR_2024_09_27,2024-09-27,NRSC_Sentinel1A
25.15,83.75,0.1249999972060322,0.1399999968707561,0.1399999968707561,6.464999865740538,32.7499993853271,0.0,0,BIHAR_2024_09_27,2024-09-27,NRSC_Sentinel1A
25.15,83.85,0.1349999941885471,0.1349999941885471,0.1349999941885471,5.174999874085188,24.48499932512641,0.0,0,BIHAR_2024_09_27,2024-09-27,NRSC_Sentinel1A
25.15,83.95,0.0949999988079071,0.4450000002980232,0.4450000002980232,4.209999909624457,18.49999962281436,0.0,0,BIHAR_2024_09_27,2024-09-27,NRSC_Sentinel1A
25.15,84.049995,0.089999996125698,0.3549999818205833,0.3649999815970659,3.0599999222904444,14.75499954726547,0.0,0,BIHAR_2024_09_27,2024-09-27,NRSC_Sentinel1A
25.15,84.15,0.089999996125698,0.3549999818205833,0.7599999830126762,5.494999792426825,13.98999959975481,0.0,0,BIHAR_2024_09_27,2024-09-27,NRSC_Sentinel1A
25.15,84.25,0.0949999988079071,0.3849999904632568,1.3449999913573265,8.454999782145023,15.894999545998871,0.0,0,BIHAR_2024_09_27,2024-09-27,NRSC_Sentinel1A
25.15,84.35,0.0949999988079071,0.0949999988079071,2.8449999392032623,13.954999774694445,21.314999625086784,0.0,0,BIHAR_2024_09_27,2024-09-27,NRSC_Sentinel1A
25.15,84.45,0.1299999952316284,0.1299999952316284,3.054999828338623,19.14999957382679,29.259999431669712,0.0,0,BIHAR_2024_09_27,2024-09-27,NRSC_Sentinel1A
25.15,84.549995,0.1299999952316284,0.1499999947845935,6.619999852031469,25.0949997715652,34.55499963089824,0.0,0,BIHAR_2024_09_27,2024-09-27,NRSC_Sentinel1A
25.15,84.65,0.3049999922513962,0.449999988079071,8.209999799728394,30.28499940037728,41.25499905645847,0.0,0,BIHAR_2024_09_27,2024-09-27,NRSC_Sentinel1A
25.15,84.75,0.2699999809265136,0.6849999576807022,7.61499984562397,27.41499935090542,34.909999202005565,0.0,0,BIHAR_2024_09_27,2024-09-27,NRSC_Sentinel1A
25.15,84.85,0.2699999958276748,0.5149999856948853,3.649999886751175,18.794999584555622,25.4799994379282,0.0,0,BIHAR_2024_09_27,2024-09-27,NRSC_Sentinel1A
25.15,84.95,0.1949999928474426,0.3149999901652336,5.26499991863966,13.784999586641788,20.14999948069453,0.0,0,BIHAR_2024_09_27,2024-09-27,NRSC_Sentinel1A
25.15,85.049995,0.1049999967217445,1.9549999684095385,6.8899998515844345,9.774999771267176,15.55999967828393,0.0,0,BIHAR_2024_09_27,2024-09-27,NRSC_Sentinel1A
25.15,85.15,0.3149999976158142,2.149999961256981,10.40499959886074,14.984999554231765,19.359999490901828,0.0,0,BIHAR_2024_09_27,2024-09-27,NRSC_Sentinel1A
25.15,85.25,0.2849999889731407,3.249999903142452,13.639999650418758,17.779999491758645,21.179999394342303,0.0,0,BIHAR_2024_09_27,2024-09-27,NRSC_Sentinel1A
25.15,85.35,0.2749999910593033,2.799999848008156,16.53499962389469,20.55499952379614,23.344999465160072,0.0,0,BIHAR_2024_09_27,2024-09-27,NRSC_Sentinel1A
25.15,85.45,1.0099999755620956,2.729999981820584,15.669999681413174,17.969999589025974,22.809999465942383,0.0,0,BIHAR_2024_09_27,2024-09-27,NRSC_Sentinel1A
25.15,85.549995,0.8549999743700027,1.5199999399483204,11.679999727755783,13.579999686218798,18.61999956332147,0.0,0,BIHAR_2024_09_27,2024-09-27,NRSC_Sentinel1A
25.15,85.65,0.7199999615550041,1.6649999395012856,9.46999991685152,12.439999820664523,15.67499975580722,0.0,0,BIHAR_2024_09_27,2024-09-27,NRSC_Sentinel1A
25.15,85.75,0.8300000131130219,2.64999994635582,6.35499981045723,10.149999711662533,13.02499965019524,0.0,0,BIHAR_2024_09_27,2024-09-27,NRSC_Sentinel1A
25.15,85.85,0.8649999797344208,2.764999896287918,3.859999880194664,7.604999796487391,10.414999678730965,0.0008334865839873,0,BIHAR_2024_09_27,2024-09-27,NRSC_Sentinel1A
25.15,85.95,0.7399999797344208,3.159999907016754,4.634999861009419,7.339999794960022,9.87499972898513,0.2625784188601225,1,BIHAR_2024_09_27,2024-09-27,NRSC_Sentinel1A
25.15,86.049995,0.6299999952316284,3.189999908208847,4.979999855160713,7.119999817572534,10.184999760240316,0.0922153677667996,0,BIHAR_2024_09_27,2024-09-27,NRSC_Sentinel1A
25.15,86.15,0.7750000059604645,3.189999997615814,6.0249999314546585,8.119999853894114,11.594999765977263,0.0,0,BIHAR_2024_09_27,2024-09-27,NRSC_Sentinel1A
25.15,86.25,2.0799999237060547,5.189999878406525,8.874999761581421,12.309999607503414,17.509999439120293,0.0,0,BIHAR_2024_09_27,2024-09-27,NRSC_Sentinel1A
25.15,86.35,1.4749999642372131,5.084999918937683,13.029999643564224,19.66999945044517,25.98999932408333,0.0,0,BIHAR_2024_09_27,2024-09-27,NRSC_Sentinel1A
25.15,86.45,1.5049999356269836,5.624999821186066,13.524999618530272,23.5899994969368,35.759999215602875,0.0,0,BIHAR_2024_09_27,2024-09-27,NRSC_Sentinel1A
25.15,86.549995,1.7449999451637268,8.07999962568283,15.69499945640564,24.744999185204502,36.1599988238886,0.0077225035076495,0,BIHAR_2024_09_27,2024-09-27,NRSC_Sentinel1A
25.15,86.65,4.039999961853027,11.854999661445618,19.489999562501907,33.1349992454052,45.80999909713864,0.0438335790880512,0,BIHAR_2024_09_27,2024-09-27,NRSC_Sentinel1A
25.15,86.75,2.0550000071525574,8.76999980211258,13.304999709129332,24.16999939084053,35.96499912440777,0.1954059274890304,1,BIHAR_2024_09_27,2024-09-27,NRSC_Sentinel1A
25.15,86.85,1.4800000190734863,5.319999873638153,8.4299997985363,20.16499954462052,31.09999924898148,0.1807601759103643,1,BIHAR_2024_09_27,2024-09-27,NRSC_Sentinel1A
25.15,86.95,1.2399999797344208,3.919999927282333,6.169999867677689,19.029999405145645,31.64999905601144,0.0064900767346966,0,BIHAR_2024_09_27,2024-09-27,NRSC_Sentinel1A
25.15,87.049995,1.3700000047683716,3.35999995470047,4.924999892711639,18.70499935746193,28.699999131262302,0.3635243488458877,1,BIHAR_2024_09_27,2024-09-27,NRSC_Sentinel1A
25.15,87.15,0.9699999690055848,2.369999960064888,3.4699999392032623,17.364999532699585,26.85499936155975,0.2596445172546581,1,BIHAR_2024_09_27,2024-09-27,NRSC_Sentinel1A
25.15,87.25,0.2000000011175871,1.019999971613288,2.899999951943755,23.839999532327056,30.339999398216605,0.0129249171910391,0,BIHAR_2024_09_27,2024-09-27,NRSC_Sentinel1A
25.15,87.35,0.5849999785423279,3.414999961853028,5.444999937899411,28.66499957907945,35.64999944437295,0.0,0,BIHAR_2024_09_27,2024-09-27,NRSC_Sentinel1A
25.15,87.45,0.5399999767541885,3.2850000113248825,6.569999948143959,29.484999373555183,35.864999163895845,0.0,0,BIHAR_2024_09_27,2024-09-27,NRSC_Sentinel1A
25.15,87.549995,0.6149999797344208,5.274999797344208,10.84999966621399,34.97499907016754,41.8699989169836,0.0,0,BIHAR_2024_09_27,2024-09-27,NRSC_Sentinel1A
25.15,87.65,0.3099999874830246,4.994999930262566,11.714999839663506,44.38999901711941,51.37499884143472,0.0,0,BIHAR_2024_09_27,2024-09-27,NRSC_Sentinel1A
25.15,87.75,0.3599999845027923,5.184999883174896,11.944999665021896,56.08999797701836,69.29999780654907,0.0,0,BIHAR_2024_09_27,2024-09-27,NRSC_Sentinel1A
25.15,87.85,0.0749999955296516,1.149999983608723,5.039999879896641,53.4999989643693,69.26499864086509,0.0,0,BIHAR_2024_09_27,2024-09-27,NRSC_Sentinel1A
25.15,87.95,0.0799999982118606,1.2399999499320984,5.409999810159206,45.18999942392111,65.33999884221703,0.0,0,BIHAR_2024_09_27,2024-09-27,NRSC_Sentinel1A
25.15,88.049995,0.1099999994039535,2.404999926686287,4.724999874830246,32.874999076128006,54.4499986320734,0.0,0,BIHAR_2024_09_27,2024-09-27,NRSC_Sentinel1A
25.15,88.15,0.0999999940395355,2.4949999153614044,5.844999834895134,24.15499971807003,51.99999904632568,0.0,0,BIHAR_2024_09_27,2024-09-27,NRSC_Sentinel1A
25.15,88.25,0.8099999874830246,6.22999994456768,10.804999828338625,27.6349992454052,56.464998215436935,0.0,0,BIHAR_2024_09_27,2024-09-27,NRSC_Sentinel1A
25.15,88.35,1.580000013113022,7.894999593496323,14.9499993622303,40.80499878525734,69.59999799728394,0.0,0,BIHAR_2024_09_27,2024-09-27,NRSC_Sentinel1A
25.15,88.45,2.129999876022339,16.269999265670776,24.914999186992645,50.0899983048439,74.20999723672867,0.0,0,BIHAR_2024_09_27,2024-09-27,NRSC_Sentinel1A
25.25,83.049995,0.0,0.0,0.0,6.194999910891056,26.96999928355217,0.0,0,BIHAR_2024_09_27,2024-09-27,NRSC_Sentinel1A
25.25,83.15,0.0,0.0,0.0,6.190000019967556,31.1699995175004,0.0,0,BIHAR_2024_09_27,2024-09-27,NRSC_Sentinel1A
25.25,83.25,0.0,0.0,0.5649999771267176,4.949999907054007,30.874999300576743,0.0,0,BIHAR_2024_09_27,2024-09-27,NRSC_Sentinel1A
25.25,83.35,0.0,0.0,0.8649999797344208,4.059999934397638,37.124999097548425,0.0,0,BIHAR_2024_09_27,2024-09-27,NRSC_Sentinel1A
25.25,83.45,0.0,0.0,1.3700000047683716,3.8399999290704727,41.799999088048935,0.0,0,BIHAR_2024_09_27,2024-09-27,NRSC_Sentinel1A
25.25,83.549995,0.0,0.0,0.0049999998882412,3.264999938197434,41.2699989201501,0.0,0,BIHAR_2024_09_27,2024-09-27,NRSC_Sentinel1A
25.25,83.65,0.0,0.0,0.0049999998882412,3.639999928884208,36.809999289922416,0.0,0,BIHAR_2024_09_27,2024-09-27,NRSC_Sentinel1A
25.25,83.75,0.1349999969825148,0.1349999969825148,0.1349999969825148,5.394999823532999,34.984999171458185,0.0,0,BIHAR_2024_09_27,2024-09-27,NRSC_Sentinel1A
25.25,83.85,0.1249999990686774,0.1799999987706542,0.1799999987706542,4.99499989207834,27.00499931629747,0.0,0,BIHAR_2024_09_27,2024-09-27,NRSC_Sentinel1A
25.25,83.95,0.1149999946355819,0.1149999946355819,0.1149999946355819,3.434999912977218,18.424999460577965,0.0,0,BIHAR_2024_09_27,2024-09-27,NRSC_Sentinel1A
25.25,84.049995,0.0949999988079071,0.0949999988079071,0.1049999985843896,2.669999899342656,13.924999671056868,0.0,0,BIHAR_2024_09_27,2024-09-27,NRSC_Sentinel1A
25.25,84.15,0.0850000008940696,0.0850000008940696,0.1000000005587935,5.649999863468111,16.00999956484884,0.0,0,BIHAR_2024_09_27,2024-09-27,NRSC_Sentinel1A
25.25,84.25,0.089999996125698,0.089999996125698,0.4199999794363975,7.894999720156193,16.724999450147152,0.0,0,BIHAR_2024_09_27,2024-09-27,NRSC_Sentinel1A
25.25,84.35,0.0850000008940696,0.0850000008940696,1.2099999710917473,11.614999614655972,20.169999323785305,0.0,0,BIHAR_2024_09_27,2024-09-27,NRSC_Sentinel1A
25.25,84.45,0.089999996125698,0.089999996125698,0.8649999862536788,14.069999582134187,24.05999945756048,0.0,0,BIHAR_2024_09_27,2024-09-27,NRSC_Sentinel1A
25.25,84.549995,0.1149999946355819,0.1149999946355819,2.064999967813492,18.579999551177025,28.179999329149723,0.0,0,BIHAR_2024_09_27,2024-09-27,NRSC_Sentinel1A
25.25,84.65,0.1199999973177909,0.2499999925494194,2.3299998939037323,23.859999179840088,34.9949990734458,0.0,0,BIHAR_2024_09_27,2024-09-27,NRSC_Sentinel1A
25.25,84.75,0.1149999946355819,0.3799999803304672,2.26999993622303,22.279999673366547,29.41499951854348,0.0,0,BIHAR_2024_09_27,2024-09-27,NRSC_Sentinel1A
25.25,84.85,0.1449999958276748,0.2899999916553497,1.3349999487400055,18.95499943941832,26.4699992639944,0.0,0,BIHAR_2024_09_27,2024-09-27,NRSC_Sentinel1A
25.25,84.95,0.1349999904632568,0.1349999904632568,2.814999908208847,12.849999576807022,20.14999928791076,0.0,0,BIHAR_2024_09_27,2024-09-27,NRSC_Sentinel1A
25.25,85.049995,0.1299999952316284,0.7099999785423279,4.139999955892563,7.9649998396635056,13.91499970573932,0.0,0,BIHAR_2024_09_27,2024-09-27,NRSC_Sentinel1A
25.25,85.15,0.4349999725818634,1.14499993622303,8.45999975502491,13.854999721981583,18.71999958343804,0.0,0,BIHAR_2024_09_27,2024-09-27,NRSC_Sentinel1A
25.25,85.25,0.3999999910593033,1.0499999821186066,10.809999614953997,15.919999532401562,19.6049994379282,0.0,0,BIHAR_2024_09_27,2024-09-27,NRSC_Sentinel1A
25.25,85.35,0.3649999797344208,0.9499999806284904,11.619999818503857,16.06999979633838,18.28999974951148,0.0,0,BIHAR_2024_09_27,2024-09-27,NRSC_Sentinel1A
25.25,85.45,1.0549999922513962,2.474999964237213,11.89499980211258,13.794999758712947,16.55999969225377,0.0,0,BIHAR_2024_09_27,2024-09-27,NRSC_Sentinel1A
25.25,85.549995,1.4799999594688416,2.8699999153614044,9.7499997317791,11.389999718405306,15.67999956291169,0.0,0,BIHAR_2024_09_27,2024-09-27,NRSC_Sentinel1A
25.25,85.65,1.1700000166893003,2.819999977946281,8.089999876916409,9.74499984830618,12.859999753534794,0.0,0,BIHAR_2024_09_27,2024-09-27,NRSC_Sentinel1A
25.25,85.75,0.9999999701976776,4.234999865293503,7.134999841451645,8.944999798201025,11.969999730587006,0.1522502545450224,1,BIHAR_2024_09_27,2024-09-27,NRSC_Sentinel1A
25.25,85.85,0.4749999940395355,3.834999918937683,5.869999825954437,8.214999785646796,10.974999744445086,0.3304045638947284,1,BIHAR_2024_09_27,2024-09-27,NRSC_Sentinel1A
25.25,85.95,0.4949999824166298,4.234999932348728,6.12999988347292,9.104999782517552,12.024999710731208,0.9793179910355652,1,BIHAR_2024_09_27,2024-09-27,NRSC_Sentinel1A
25.25,86.049995,0.7749999761581421,4.73499995470047,6.484999895095825,9.534999828785658,12.929999778978528,0.4029586827662841,1,BIHAR_2024_09_27,2024-09-27,NRSC_Sentinel1A
25.25,86.15,1.9099999070167544,6.279999792575836,9.77499970793724,12.999999649822712,17.769999586045742,0.2414948407668549,1,BIHAR_2024_09_27,2024-09-27,NRSC_Sentinel1A
25.25,86.25,3.3399999141693115,7.43999981880188,11.049999788403513,16.19499960541725,22.684999465942383,0.448495631129492,1,BIHAR_2024_09_27,2024-09-27,NRSC_Sentinel1A
25.25,86.35,2.734999895095825,7.499999821186066,14.444999516010284,21.984999358654026,29.52999928407371,0.588329170338976,1,BIHAR_2024_09_27,2024-09-27,NRSC_Sentinel1A
25.25,86.45,1.884999930858612,6.304999768733978,13.594999581575394,22.444999292492867,35.55999894440174,0.2280112585190082,1,BIHAR_2024_09_27,2024-09-27,NRSC_Sentinel1A
25.25,86.549995,0.7049999833106995,4.519999921321869,11.804999768733978,20.854999482631683,32.58499925490469,0.3581918575627429,1,BIHAR_2024_09_27,2024-09-27,NRSC_Sentinel1A
25.25,86.65,2.2399999499320984,7.739999949932098,15.73499983549118,30.959999591112137,41.669999291189015,1.0,1,BIHAR_2024_09_27,2024-09-27,NRSC_Sentinel1A
25.25,86.75,1.8899999260902405,6.98499983549118,12.154999643564224,24.719999223947525,35.40999887697399,0.8920410812552153,1,BIHAR_2024_09_27,2024-09-27,NRSC_Sentinel1A
25.25,86.85,0.5849999785423279,2.6699999272823334,6.7599998116493225,19.70999962091446,29.90999945998192,0.9982542621821348,1,BIHAR_2024_09_27,2024-09-27,NRSC_Sentinel1A
25.25,86.95,0.3099999986588955,1.8699999563395977,5.219999831169844,18.364999514073133,28.134999241679907,0.5955844912931465,1,BIHAR_2024_09_27,2024-09-27,NRSC_Sentinel1A
25.25,87.049995,0.5,1.8899999484419825,4.079999882727861,17.074999500066042,25.21499935723841,0.7976568856514812,1,BIHAR_2024_09_27,2024-09-27,NRSC_Sentinel1A
25.25,87.15,0.4100000038743019,2.1899999603629112,4.694999864324927,19.93499948643148,28.064999299123883,0.939363674322192,1,BIHAR_2024_09_27,2024-09-27,NRSC_Sentinel1A
25.25,87.25,0.4499999955296516,2.4899999126791954,4.339999875985086,26.23499923106283,31.994999098591503,0.032319780154141,0,BIHAR_2024_09_27,2024-09-27,NRSC_Sentinel1A
25.25,87.35,1.7499999403953552,12.999999821186066,15.41999980714172,41.47999912407249,48.63499899487943,0.0,0,BIHAR_2024_09_27,2024-09-27,NRSC_Sentinel1A
25.25,87.45,1.659999966621399,12.219999551773071,16.854999482631683,40.974998861551285,47.95999871566892,0.0015202385086717,0,BIHAR_2024_09_27,2024-09-27,NRSC_Sentinel1A
25.25,87.549995,0.5049999803304672,6.289999917149544,13.064999625086784,39.57999847829342,47.019998310133815,0.036636172276461,0,BIHAR_2024_09_27,2024-09-27,NRSC_Sentinel1A
25.25,87.65,0.3249999955296516,5.969999946653843,13.809999741613863,46.3449993506074,57.46499902475625,0.0,0,BIHAR_2024_09_27,2024-09-27,NRSC_Sentinel1A
25.25,87.75,0.32999999076128,5.304999895393848,11.834999568760397,53.42499858886004,74.46499846503139,0.0,0,BIHAR_2024_09_27,2024-09-27,NRSC_Sentinel1A
25.25,87.85,0.089999996125698,1.2299999818205831,6.064999870955944,57.13999872654677,78.26999812573195,0.0,0,BIHAR_2024_09_27,2024-09-27,NRSC_Sentinel1A
25.25,87.95,0.5300000011920929,3.23499995470047,6.589999854564667,52.13499861955643,78.76499828696251,0.0,0,BIHAR_2024_09_27,2024-09-27,NRSC_Sentinel1A
25.25,88.049995,0.9449999630451202,8.449999779462814,12.159999564290048,43.38499899208546,73.78499838709831,0.0,0,BIHAR_2024_09_27,2024-09-27,NRSC_Sentinel1A
25.25,88.15,0.8449999988079071,8.134999781847,12.424999684095384,35.0049988925457,77.35999822616577,0.0,0,BIHAR_2024_09_27,2024-09-27,NRSC_Sentinel1A
25.25,88.25,2.3249999284744263,14.995000004768372,21.45499986410141,42.084999680519104,77.90499898791313,0.0,0,BIHAR_2024_09_27,2024-09-27,NRSC_Sentinel1A
25.25,88.35,2.044999957084656,15.149999499320984,24.07999926805496,51.83499893546104,85.3349979519844,0.0,0,BIHAR_2024_09_27,2024-09-27,NRSC_Sentinel1A
25.25,88.45,1.6249999403953552,15.3049995303154,25.799999237060547,53.204998433589935,86.1299975849688,0.0,0,BIHAR_2024_09_27,2024-09-27,NRSC_Sentinel1A
25.35,83.049995,0.0,0.0,0.0,7.449999760836363,34.649999406188726,0.0,0,BIHAR_2024_09_27,2024-09-27,NRSC_Sentinel1A
25.35,83.15,0.0,0.0,0.0,5.554999932646751,43.06499921530485,0.0,0,BIHAR_2024_09_27,2024-09-27,NRSC_Sentinel1A
25.35,83.25,0.0,0.0,0.4899999797344208,6.134999945759773,50.48499954491854,0.0,0,BIHAR_2024_09_27,2024-09-27,NRSC_Sentinel1A
25.35,83.35,0.0,0.0,0.7549999952316284,4.899999957531691,52.369999554008245,0.0,0,BIHAR_2024_09_27,2024-09-27,NRSC_Sentinel1A
25.35,83.45,0.0,0.0,1.334999978542328,4.349999882280827,57.85499823838472,0.0,0,BIHAR_2024_09_27,2024-09-27,NRSC_Sentinel1A
25.35,83.549995,0.0,0.0,0.0199999995529651,2.0499999411404133,50.74999867752194,0.0,0,BIHAR_2024_09_27,2024-09-27,NRSC_Sentinel1A
25.35,83.65,0.0,0.0,0.0249999994412064,2.5999999130144715,41.14499894622713,0.0,0,BIHAR_2024_09_27,2024-09-27,NRSC_Sentinel1A
25.35,83.75,0.1399999996647238,0.1399999996647238,0.1399999996647238,3.0999999176710844,33.78999902121723,0.0,0,BIHAR_2024_09_27,2024-09-27,NRSC_Sentinel1A
25.35,83.85,0.1249999990686774,0.1249999990686774,0.1249999990686774,4.324999972246587,28.64499948825687,0.0,0,BIHAR_2024_09_27,2024-09-27,NRSC_Sentinel1A
25.35,83.95,0.1749999895691871,0.1749999895691871,0.4049999788403511,3.574999950826168,19.91999947279692,0.0,0,BIHAR_2024_09_27,2024-09-27,NRSC_Sentinel1A
25.35,84.049995,0.0999999940395355,0.0999999940395355,0.2849999964237213,3.299999922513962,17.144999712705612,0.0,0,BIHAR_2024_09_27,2024-09-27,NRSC_Sentinel1A
25.35,84.15,0.0850000008940696,0.0850000008940696,0.3200000002980232,5.874999888241291,16.144999526441097,0.0,0,BIHAR_2024_09_27,2024-09-27,NRSC_Sentinel1A
25.35,84.25,0.0999999940395355,0.0999999940395355,0.0999999940395355,9.054999768733978,20.68999957293272,0.0,0,BIHAR_2024_09_27,2024-09-27,NRSC_Sentinel1A
25.35,84.35,0.0749999955296516,0.0749999955296516,0.2349999919533729,9.129999846220016,18.749999545514584,0.0,0,BIHAR_2024_09_27,2024-09-27,NRSC_Sentinel1A
25.35,84.45,0.0749999955296516,0.0749999955296516,0.380000002682209,11.124999716877936,21.85999950766564,0.0,0,BIHAR_2024_09_27,2024-09-27,NRSC_Sentinel1A
25.35,84.549995,0.0850000008940696,0.0850000008940696,0.3650000020861625,14.904999755322931,27.449999384582043,0.0,0,BIHAR_2024_09_27,2024-09-27,NRSC_Sentinel1A
25.35,84.65,0.1099999994039535,0.1099999994039535,0.4250000016763806,19.80499960947781,32.53999929595739,0.0,0,BIHAR_2024_09_27,2024-09-27,NRSC_Sentinel1A
25.35,84.75,0.1199999973177909,0.2399999946355819,0.5049999803304672,22.34499962627888,29.35499950125813,0.0,0,BIHAR_2024_09_27,2024-09-27,NRSC_Sentinel1A
25.35,84.85,0.2299999892711639,0.3399999886751175,0.5999999791383743,18.37499952316284,25.9649993525818,0.0,0,BIHAR_2024_09_27,2024-09-27,NRSC_Sentinel1A
25.35,84.95,0.1849999986588955,0.1849999986588955,1.5199999772012234,11.039999667555094,17.9349995367229,0.0,0,BIHAR_2024_09_27,2024-09-27,NRSC_Sentinel1A
25.35,85.049995,0.1699999943375587,0.6599999740719795,3.6949998810887337,8.019999764859676,13.42999959923327,0.0,0,BIHAR_2024_09_27,2024-09-27,NRSC_Sentinel1A
25.35,85.15,0.4349999874830246,0.8099999874830246,4.599999859929085,10.384999722242355,14.654999722726645,0.0,0,BIHAR_2024_09_27,2024-09-27,NRSC_Sentinel1A
25.35,85.25,0.3499999940395355,0.6949999779462814,7.759999826550484,14.134999739006162,19.09999963082373,0.0,0,BIHAR_2024_09_27,2024-09-27,NRSC_Sentinel1A
25.35,85.35,0.3549999892711639,0.7099999785423279,8.984999775886536,15.22999965492636,18.909999636001885,0.0,0,BIHAR_2024_09_27,2024-09-27,NRSC_Sentinel1A
25.35,85.45,0.2899999916553497,3.949999913573265,10.424999728798866,12.69499970972538,16.12999965250492,0.0230615170282025,0,BIHAR_2024_09_27,2024-09-27,NRSC_Sentinel1A
25.35,85.549995,0.919999986886978,4.409999892115593,9.424999758601189,11.14999972190708,15.079999624751508,8.095319999418518e-05,0,BIHAR_2024_09_27,2024-09-27,NRSC_Sentinel1A
25.35,85.65,0.7999999672174454,5.249999865889549,9.539999842643738,11.034999799914658,14.314999719150364,0.0,0,BIHAR_2024_09_27,2024-09-27,NRSC_Sentinel1A
25.35,85.75,0.7099999636411667,6.594999954104424,9.569999903440475,11.269999843090773,14.764999698847532,0.0151687041130428,0,BIHAR_2024_09_27,2024-09-27,NRSC_Sentinel1A
25.35,85.85,0.1799999922513961,5.73499970138073,7.949999660253525,11.004999578930438,14.73999950941652,0.6169001767168627,1,BIHAR_2024_09_27,2024-09-27,NRSC_Sentinel1A
25.35,85.95,0.1799999922513961,5.694999858736992,7.4349998235702515,11.82499977760017,15.034999717958272,0.8760647709603068,1,BIHAR_2024_09_27,2024-09-27,NRSC_Sentinel1A
25.35,86.049995,0.4449999779462814,6.4949996918439865,8.244999660179019,12.204999595880508,15.60499953199178,0.5796186134170812,1,BIHAR_2024_09_27,2024-09-27,NRSC_Sentinel1A
25.35,86.15,1.5099999904632568,6.899999797344208,10.219999715685844,13.629999659955502,20.309999518096447,0.4633112341313299,1,BIHAR_2024_09_27,2024-09-27,NRSC_Sentinel1A
25.35,86.25,2.814999938011169,10.02999985218048,13.524999782443048,19.36999963223934,27.269999407231808,0.579416577143643,1,BIHAR_2024_09_27,2024-09-27,NRSC_Sentinel1A
25.35,86.35,1.9899999499320984,6.7099997997283936,12.62499976158142,21.09999956190586,33.74999940395355,0.8862286117367727,1,BIHAR_2024_09_27,2024-09-27,NRSC_Sentinel1A
25.35,86.45,1.0699999928474426,5.194999814033508,10.869999557733536,19.32999937236309,31.26499907299876,0.7638768032035366,1,BIHAR_2024_09_27,2024-09-27,NRSC_Sentinel1A
25.35,86.549995,0.7599999904632568,4.849999964237213,11.04999989271164,20.659999758005146,31.34999946504832,0.7909363017411933,1,BIHAR_2024_09_27,2024-09-27,NRSC_Sentinel1A
25.35,86.65,0.9399999976158142,6.244999945163727,13.979999780654907,28.86499929428101,39.33499903976917,0.7489946075795573,1,BIHAR_2024_09_27,2024-09-27,NRSC_Sentinel1A
25.35,86.75,0.5049999877810478,3.1599998995661736,8.419999741017818,21.58499955385924,30.339999462477863,0.1754434732377236,1,BIHAR_2024_09_27,2024-09-27,NRSC_Sentinel1A
25.35,86.85,0.1099999994039535,1.799999937415123,6.349999889731407,19.169999554753304,27.134999372065067,0.7990514087952154,1,BIHAR_2024_09_27,2024-09-27,NRSC_Sentinel1A
25.35,86.95,0.0649999976158142,1.4899999648332596,5.754999861121178,20.18499945104122,28.05499926302582,0.4382397958766823,1,BIHAR_2024_09_27,2024-09-27,NRSC_Sentinel1A
25.35,87.049995,0.1049999967217445,1.2149999793618915,3.984999960288405,17.809999411925673,24.754999237135053,0.0244855877745147,0,BIHAR_2024_09_27,2024-09-27,NRSC_Sentinel1A
25.35,87.15,0.0949999978765845,1.6249999469146132,4.42999981995672,18.68999948259443,24.499999324791133,0.0754824273157369,0,BIHAR_2024_09_27,2024-09-27,NRSC_Sentinel1A
25.35,87.25,0.3799999952316284,2.3549999743700027,5.3349998742342,28.43499965965748,34.08499949425459,0.0595588399883202,0,BIHAR_2024_09_27,2024-09-27,NRSC_Sentinel1A
25.35,87.35,1.8649999499320984,12.684999763965608,18.774999752640724,46.24999894201756,55.32999884337187,0.3166362982259718,1,BIHAR_2024_09_27,2024-09-27,NRSC_Sentinel1A
25.35,87.45,1.7199999690055847,14.189999759197237,22.95999950170517,50.36499893665314,60.20999875292182,0.754956276692513,1,BIHAR_2024_09_27,2024-09-27,NRSC_Sentinel1A
25.35,87.549995,1.509999930858612,14.654999673366548,26.84999942779541,57.80499863624573,68.44999840855598,0.2544859399129929,1,BIHAR_2024_09_27,2024-09-27,NRSC_Sentinel1A
25.35,87.65,0.0749999955296516,2.7249999716877937,14.224999733269216,46.75499910861254,63.79499863833189,0.0,0,BIHAR_2024_09_27,2024-09-27,NRSC_Sentinel1A
25.35,87.75,0.5049999877810478,2.7599999085068703,10.04499975591898,46.67999855428934,78.46499820053577,0.0,0,BIHAR_2024_09_27,2024-09-27,NRSC_Sentinel1A
25.35,87.85,1.0199999809265137,3.914999902248383,9.364999741315842,60.38499894738197,93.3899975568056,0.0,0,BIHAR_2024_09_27,2024-09-27,NRSC_Sentinel1A
25.35,87.95,1.4249999821186066,4.58500000834465,8.964999828487635,55.83499923720956,91.49499860033391,0.0,0,BIHAR_2024_09_27,2024-09-27,NRSC_Sentinel1A
25.35,88.049995,1.2299999594688416,9.069999754428864,12.704999729059637,43.939998908899724,96.6999976625666,0.0,0,BIHAR_2024_09_27,2024-09-27,NRSC_Sentinel1A
25.35,88.15,0.949999988079071,8.794999897480011,14.514999836683272,39.914998918771744,92.76999685168266,0.0,0,BIHAR_2024_09_27,2024-09-27,NRSC_Sentinel1A
25.35,88.25,1.4199999570846558,13.204999566078186,22.31999921798706,46.914998918771744,88.6999979019165,0.0,0,BIHAR_2024_09_27,2024-09-27,NRSC_Sentinel1A
25.35,88.35,2.034999966621399,18.264999508857727,29.60499951243401,57.43499866127968,91.91499811410904,0.0,0,BIHAR_2024_09_27,2024-09-27,NRSC_Sentinel1A
25.35,88.45,1.6699999570846558,18.714999794960026,32.86999958753586,61.8699985742569,97.27499806694686,0.0,0,BIHAR_2024_09_27,2024-09-27,NRSC_Sentinel1A
25.449999,83.049995,0.0,0.0,0.209999993443489,8.109999969601631,47.18499907106161,0.0,0,BIHAR_2024_09_27,2024-09-27,NRSC_Sentinel1A
25.449999,83.15,0.0,0.0,0.199999988079071,5.299999766051769,58.004998587071896,0.0,0,BIHAR_2024_09_27,2024-09-27,NRSC_Sentinel1A
25.449999,83.25,0.0,0.0,0.3050000071525574,5.66999989002943,63.97499830275774,0.0,0,BIHAR_2024_09_27,2024-09-27,NRSC_Sentinel1A
25.449999,83.35,0.0,0.0,0.7649999856948853,6.7249998934566975,64.19999838247895,0.0,0,BIHAR_2024_09_27,2024-09-27,NRSC_Sentinel1A
25.449999,83.45,0.0,0.0,0.7299999594688416,4.51499991863966,61.63999895006418,0.0,0,BIHAR_2024_09_27,2024-09-27,NRSC_Sentinel1A
25.449999,83.549995,0.0,0.0,0.2299999892711639,3.1499998942017555,47.51999894529581,0.0,0,BIHAR_2024_09_27,2024-09-27,NRSC_Sentinel1A
25.449999,83.65,0.0,0.0,0.25,1.989999983459711,35.259999085217714,0.0,0,BIHAR_2024_09_27,2024-09-27,NRSC_Sentinel1A
25.449999,83.75,0.1549999937415123,0.1549999937415123,0.1549999937415123,3.7749998420476913,33.53999897837639,0.0,0,BIHAR_2024_09_27,2024-09-27,NRSC_Sentinel1A
25.449999,83.85,0.1249999990686774,0.1249999990686774,0.1249999990686774,2.989999986253679,28.659999168477952,0.0,0,BIHAR_2024_09_27,2024-09-27,NRSC_Sentinel1A
25.449999,83.95,0.0999999940395355,0.1749999895691871,0.5149999782443047,3.0249999407678843,22.05499973334372,0.0,0,BIHAR_2024_09_27,2024-09-27,NRSC_Sentinel1A
25.449999,84.049995,0.0949999988079071,0.0949999988079071,0.3399999961256981,3.2649999149143696,18.26499943807721,0.0,0,BIHAR_2024_09_27,2024-09-27,NRSC_Sentinel1A
25.449999,84.15,0.0799999982118606,0.0799999982118606,0.4599999785423279,5.564999915659428,16.809999652206898,0.0,0,BIHAR_2024_09_27,2024-09-27,NRSC_Sentinel1A
25.449999,84.25,0.0949999988079071,0.0949999988079071,0.0949999988079071,6.7699997797608376,17.014999501407146,0.0,0,BIHAR_2024_09_27,2024-09-27,NRSC_Sentinel1A
25.449999,84.35,0.0649999976158142,0.0649999976158142,0.0649999976158142,7.509999871253967,15.87999963015318,0.0,0,BIHAR_2024_09_27,2024-09-27,NRSC_Sentinel1A
25.449999,84.45,0.0700000002980232,0.0700000002980232,0.0700000002980232,10.619999773800371,21.894999586045746,0.0,0,BIHAR_2024_09_27,2024-09-27,NRSC_Sentinel1A
25.449999,84.549995,0.0749999955296516,0.0749999955296516,0.0749999955296516,11.229999765753746,24.529999367892746,0.0,0,BIHAR_2024_09_27,2024-09-27,NRSC_Sentinel1A
25.449999,84.65,0.089999996125698,0.089999996125698,0.1749999970197677,13.884999610483646,27.21499924361705,0.0,0,BIHAR_2024_09_27,2024-09-27,NRSC_Sentinel1A
25.449999,84.75,0.0850000008940696,0.0850000008940696,0.0900000007823109,13.814999711699784,27.14999955613166,0.0,0,BIHAR_2024_09_27,2024-09-27,NRSC_Sentinel1A
25.449999,84.85,0.1849999949336052,0.2699999958276748,0.3199999928474426,14.43999980390072,21.49999959394336,0.0,0,BIHAR_2024_09_27,2024-09-27,NRSC_Sentinel1A
25.449999,84.95,0.1399999968707561,0.15499999653548,0.8549999846145511,10.334999742917717,16.349999616853893,0.0,0,BIHAR_2024_09_27,2024-09-27,NRSC_Sentinel1A
25.449999,85.049995,0.1149999983608722,0.1249999981373548,2.639999968931079,6.259999898262322,10.959999765269458,0.0,0,BIHAR_2024_09_27,2024-09-27,NRSC_Sentinel1A
25.449999,85.15,0.2199999988079071,1.4249999970197678,3.8999999910593033,8.784999910742044,14.144999806769192,0.0,0,BIHAR_2024_09_27,2024-09-27,NRSC_Sentinel1A
25.449999,85.25,0.2399999871850013,1.5849999263882637,5.579999901354313,11.419999761506917,16.759999576956034,0.0,0,BIHAR_2024_09_27,2024-09-27,NRSC_Sentinel1A
25.449999,85.35,0.2449999973177909,1.6499999538064003,6.044999845325947,11.964999740943313,16.68999962694943,0.0,0,BIHAR_2024_09_27,2024-09-27,NRSC_Sentinel1A
25.449999,85.45,0.1999999955296516,5.30499991029501,9.394999749958515,11.579999662935734,16.144999514333904,0.1994686050432991,1,BIHAR_2024_09_27,2024-09-27,NRSC_Sentinel1A
25.449999,85.549995,0.2949999868869781,6.054999992251396,9.069999858736992,10.794999825768173,14.254999768920245,0.5029341441934841,1,BIHAR_2024_09_27,2024-09-27,NRSC_Sentinel1A
25.449999,85.65,0.16499999538064,6.769999776035547,9.56999971345067,10.834999687038362,14.404999583028255,0.4374068398586172,1,BIHAR_2024_09_27,2024-09-27,NRSC_Sentinel1A
25.449999,85.75,0.169999998062849,8.224999826401472,11.064999748021364,12.469999697990716,16.129999596625566,0.1940868911946651,1,BIHAR_2024_09_27,2024-09-27,NRSC_Sentinel1A
25.449999,85.85,0.1299999952316284,6.264999866485596,8.499999836087227,10.934999757446349,14.28999967314303,0.3239063739044875,1,BIHAR_2024_09_27,2024-09-27,NRSC_Sentinel1A
25.449999,85.95,0.0799999982118606,6.749999850988388,8.764999821782112,11.754999763332307,15.179999642074108,0.0374656442383837,0,BIHAR_2024_09_27,2024-09-27,NRSC_Sentinel1A
25.449999,86.049995,0.1949999928474426,7.340000003576279,9.174999944865704,12.464999906718733,15.519999831914902,0.0,0,BIHAR_2024_09_27,2024-09-27,NRSC_Sentinel1A
25.449999,86.15,0.5949999839067459,6.344999954104424,9.51999981701374,13.239999767392874,20.0349996490404,0.0,0,BIHAR_2024_09_27,2024-09-27,NRSC_Sentinel1A
25.449999,86.25,0.8799999952316284,6.71999979019165,10.474999696016312,17.229999527335167,24.68999937362969,0.0,0,BIHAR_2024_09_27,2024-09-27,NRSC_Sentinel1A
25.449999,86.35,0.7749999761581421,4.584999918937683,9.78499972820282,17.689999356865883,30.099999128840864,0.0,0,BIHAR_2024_09_27,2024-09-27,NRSC_Sentinel1A
25.449999,86.45,0.6049999892711639,3.964999914169312,9.209999740123749,17.859999626874924,28.13999952375889,0.602573071912098,1,BIHAR_2024_09_27,2024-09-27,NRSC_Sentinel1A
25.449999,86.549995,0.5949999690055847,4.309999793767929,9.66499975323677,20.73999959230423,29.52999943122268,0.908962659827134,1,BIHAR_2024_09_27,2024-09-27,NRSC_Sentinel1A
25.449999,86.65,0.1499999985098838,2.2899999395012856,8.724999763071537,23.14999944716692,31.40999929979444,0.1093614498241236,1,BIHAR_2024_09_27,2024-09-27,NRSC_Sentinel1A
25.449999,86.75,0.3149999938905239,1.6649999283254149,7.0949998162686825,22.51499941572547,29.74999934528023,0.0,0,BIHAR_2024_09_27,2024-09-27,NRSC_Sentinel1A
25.449999,86.85,0.0649999976158142,0.9099999666213988,4.854999840259552,19.799999713897705,27.46999953314662,0.0,0,BIHAR_2024_09_27,2024-09-27,NRSC_Sentinel1A
25.449999,86.95,0.0599999986588954,0.6649999776855111,4.739999846555293,20.03499944601208,26.05499925930053,0.0861338851338937,0,BIHAR_2024_09_27,2024-09-27,NRSC_Sentinel1A
25.449999,87.049995,0.0499999970197677,0.6250000074505806,3.9549999609589577,16.759999550879,20.994999516755342,0.1138800980117689,1,BIHAR_2024_09_27,2024-09-27,NRSC_Sentinel1A
25.449999,87.15,0.6549999713897705,6.109999895095825,10.399999767541884,25.789999336004257,30.66499923914671,0.4857208960051977,1,BIHAR_2024_09_27,2024-09-27,NRSC_Sentinel1A
25.449999,87.25,0.3199999928474426,6.199999809265137,11.349999696016312,32.314999133348465,39.95499901100993,0.5375575824810285,1,BIHAR_2024_09_27,2024-09-27,NRSC_Sentinel1A
25.449999,87.35,0.2499999925494194,6.729999952018261,16.609999530017376,44.57999836653471,54.57499815523624,0.7075021884683881,1,BIHAR_2024_09_27,2024-09-27,NRSC_Sentinel1A
25.449999,87.45,1.3700000047683716,16.31999957561493,31.139999270439148,59.73999857902527,69.33499841764569,0.1977733623926861,1,BIHAR_2024_09_27,2024-09-27,NRSC_Sentinel1A
25.449999,87.549995,1.5449999570846558,18.009999871253967,33.44999969005585,71.9249986410141,84.70999832078815,0.0,0,BIHAR_2024_09_27,2024-09-27,NRSC_Sentinel1A
25.449999,87.65,0.0949999988079071,2.819999977946281,17.394999787211418,57.17499952018261,84.96499855816364,0.0,0,BIHAR_2024_09_27,2024-09-27,NRSC_Sentinel1A
25.449999,87.75,3.4350000619888306,6.069999992847443,16.48499983549118,57.07499873638153,96.48499758541584,0.0,0,BIHAR_2024_09_27,2024-09-27,NRSC_Sentinel1A
25.449999,87.85,3.964999914169312,10.924999713897703,17.71999943256378,65.62999856472015,114.19999793171884,0.0,0,BIHAR_2024_09_27,2024-09-27,NRSC_Sentinel1A
25.449999,87.95,3.1249998807907104,9.944999814033508,16.19999969471246,61.10999852884561,104.27499732840806,0.0,0,BIHAR_2024_09_27,2024-09-27,NRSC_Sentinel1A
25.449999,88.049995,1.5899999737739563,8.749999701976776,14.354999542236328,45.964998841285706,103.28499695658684,0.0,0,BIHAR_2024_09_27,2024-09-27,NRSC_Sentinel1A
25.449999,88.15,1.8149998784065249,13.884999334812164,20.78499905392528,48.71499816700816,100.7849973551929,0.0,0,BIHAR_2024_09_27,2024-09-27,NRSC_Sentinel1A
25.449999,88.25,1.524999976158142,14.00499963760376,24.59499931335449,51.65499871969223,103.33499710261822,0.0,0,BIHAR_2024_09_27,2024-09-27,NRSC_Sentinel1A
25.449999,88.35,2.169999897480011,20.004999458789825,35.00499880313873,66.78499811887741,112.03499694913626,0.0,0,BIHAR_2024_09_27,2024-09-27,NRSC_Sentinel1A
25.449999,88.45,1.6699999570846558,18.93499982357025,33.8599995970726,74.3749988079071,120.8549974411726,0.0,0,BIHAR_2024_09_27,2024-09-27,NRSC_Sentinel1A
25.55,83.049995,0.0,0.0,0.209999993443489,9.46499964594841,60.87499852478504,0.0,0,BIHAR_2024_09_27,2024-09-27,NRSC_Sentinel1A
25.55,83.15,0.0,0.0,0.0,7.009999763220549,68.63499825820327,0.0,0,BIHAR_2024_09_27,2024-09-27,NRSC_Sentinel1A
25.55,83.25,0.0,0.0,0.0,7.639999851584434,77.99499832093716,0.0,0,BIHAR_2024_09_27,2024-09-27,NRSC_Sentinel1A
25.55,83.35,0.0,0.0,0.0,4.9099998734891415,72.58999919518828,0.0,0,BIHAR_2024_09_27,2024-09-27,NRSC_Sentinel1A
25.55,83.45,0.0,0.0,0.0,3.7449999004602432,64.78999841213226,0.0,0,BIHAR_2024_09_27,2024-09-27,NRSC_Sentinel1A
25.55,83.549995,0.0,0.0,0.0649999976158142,2.6799999326467514,41.2649988681078,0.0,0,BIHAR_2024_09_27,2024-09-27,NRSC_Sentinel1A
25.55,83.65,0.0,0.0,0.0749999955296516,1.054999977350235,32.68999928236008,0.0,0,BIHAR_2024_09_27,2024-09-27,NRSC_Sentinel1A
25.55,83.75,0.1449999958276748,0.2149999961256981,0.2149999961256981,2.2849999386817217,33.61499925144017,0.0,0,BIHAR_2024_09_27,2024-09-27,NRSC_Sentinel1A
25.55,83.85,0.1649999991059303,0.1749999988824129,0.1749999988824129,1.7049999851733446,30.104999156668782,0.0,0,BIHAR_2024_09_27,2024-09-27,NRSC_Sentinel1A
25.55,83.95,0.1149999964982271,0.1149999964982271,0.5449999738484621,2.23499992210418,23.82499956805259,0.0,0,BIHAR_2024_09_27,2024-09-27,NRSC_Sentinel1A
25.55,84.049995,0.1199999991804361,0.1199999991804361,0.4699999932199716,3.224999906495213,21.729999663308263,0.0,0,BIHAR_2024_09_27,2024-09-27,NRSC_Sentinel1A
25.55,84.15,0.089999996125698,0.089999996125698,0.5850000008940697,5.294999808073044,18.489999562501907,0.0,0,BIHAR_2024_09_27,2024-09-27,NRSC_Sentinel1A
25.55,84.25,0.1449999958276748,0.1449999958276748,0.1449999958276748,6.639999948441982,17.634999610483646,0.0,0,BIHAR_2024_09_27,2024-09-27,NRSC_Sentinel1A
25.55,84.35,0.0,0.0,0.0,7.384999878704548,17.894999656826258,0.0,0,BIHAR_2024_09_27,2024-09-27,NRSC_Sentinel1A
25.55,84.45,0.0700000002980232,0.0700000002980232,0.0700000002980232,10.734999641776083,25.874999403953552,0.0,0,BIHAR_2024_09_27,2024-09-27,NRSC_Sentinel1A
25.55,84.549995,0.0700000002980232,0.0700000002980232,0.0700000002980232,9.889999752864242,24.454999675042927,0.0,0,BIHAR_2024_09_27,2024-09-27,NRSC_Sentinel1A
25.55,84.65,0.0649999976158142,0.0649999976158142,0.0699999975040555,10.574999724514782,29.19999950006604,0.0,0,BIHAR_2024_09_27,2024-09-27,NRSC_Sentinel1A
25.55,84.75,0.0799999982118606,0.0799999982118606,0.0849999981001019,9.20499970484525,20.564999596215785,0.0,0,BIHAR_2024_09_27,2024-09-27,NRSC_Sentinel1A
25.55,84.85,0.0850000008940696,0.3699999898672104,0.3949999883770942,9.854999795556068,18.61999944131821,0.0,0,BIHAR_2024_09_27,2024-09-27,NRSC_Sentinel1A
25.55,84.95,0.1700000017881393,0.300000000745058,0.53999999538064,6.44499996304512,12.264999852515755,0.0,0,BIHAR_2024_09_27,2024-09-27,NRSC_Sentinel1A
25.55,85.049995,0.3999999761581421,0.544999971985817,2.974999983794987,7.4999999376013875,13.949999849312007,0.0,0,BIHAR_2024_09_27,2024-09-27,NRSC_Sentinel1A
25.55,85.15,0.3449999988079071,2.7749999165534973,3.879999905824661,8.339999847114086,13.429999781772494,0.0,0,BIHAR_2024_09_27,2024-09-27,NRSC_Sentinel1A
25.55,85.25,0.209999993443489,2.4699999541044235,4.494999870657921,11.184999723918736,16.489999579265714,0.0,0,BIHAR_2024_09_27,2024-09-27,NRSC_Sentinel1A
25.55,85.35,0.1799999922513961,2.414999932050705,4.029999904334545,9.359999728389084,13.949999577365816,0.0,0,BIHAR_2024_09_27,2024-09-27,NRSC_Sentinel1A
25.55,85.45,0.199999988079071,6.9449998661875725,9.159999825060368,12.044999710284172,16.829999588429928,0.3749197767647998,1,BIHAR_2024_09_27,2024-09-27,NRSC_Sentinel1A
25.55,85.549995,0.1949999891221523,7.98499983176589,9.364999797195196,11.324999771080911,15.33999968226999,0.641265618668333,1,BIHAR_2024_09_27,2024-09-27,NRSC_Sentinel1A
25.55,85.65,0.0549999997019767,7.500000022351742,10.21999992057681,11.564999885857103,15.454999759793282,0.4839761661722945,1,BIHAR_2024_09_27,2024-09-27,NRSC_Sentinel1A
25.55,85.75,0.0649999976158142,8.914999902248383,13.104999724775553,14.504999727010729,17.809999607503414,0.4688520428037048,1,BIHAR_2024_09_27,2024-09-27,NRSC_Sentinel1A
25.55,85.85,0.0,6.234999805688858,10.209999695420263,12.57499965839088,16.16499956510961,0.3329617959118646,1,BIHAR_2024_09_27,2024-09-27,NRSC_Sentinel1A
25.55,85.95,0.0799999982118606,6.42499977350235,10.414999723434448,13.09499964211136,16.319999583996832,0.004113995298354,0,BIHAR_2024_09_27,2024-09-27,NRSC_Sentinel1A
25.55,86.049995,0.069999998435378,7.024999743327498,10.55999962054193,13.5399995977059,16.89999949745834,0.0,0,BIHAR_2024_09_27,2024-09-27,NRSC_Sentinel1A
25.55,86.15,0.2149999961256981,4.824999921023846,9.149999760091305,13.7899996265769,18.23499955330044,0.0,0,BIHAR_2024_09_27,2024-09-27,NRSC_Sentinel1A
25.55,86.25,0.2399999946355819,5.914999827742577,10.869999721646307,18.024999603629112,25.52499943133444,0.0,0,BIHAR_2024_09_27,2024-09-27,NRSC_Sentinel1A
25.55,86.35,0.2049999982118606,4.224999889731407,9.859999850392342,19.429999575018883,30.789999156259,0.0,0,BIHAR_2024_09_27,2024-09-27,NRSC_Sentinel1A
25.55,86.45,0.0700000002980232,2.1249999925494194,7.30499979108572,17.569999419152737,25.589999232441187,6.626900456546683e-05,0,BIHAR_2024_09_27,2024-09-27,NRSC_Sentinel1A
25.55,86.549995,0.1399999968707561,1.6249999776482582,6.62999988347292,19.62999988347292,25.654999749735,0.0289348664416493,0,BIHAR_2024_09_27,2024-09-27,NRSC_Sentinel1A
25.55,86.65,0.0749999973922967,1.1299999747425318,6.789999881759286,22.744999626651406,27.79999944195152,0.0,0,BIHAR_2024_09_27,2024-09-27,NRSC_Sentinel1A
25.55,86.75,0.089999996125698,0.754999965429306,5.1299998462200165,23.73999944329261,28.334999320097268,0.0,0,BIHAR_2024_09_27,2024-09-27,NRSC_Sentinel1A
25.55,86.85,0.0850000008940696,0.6899999901652336,3.2149999365210533,20.66499938815832,27.25499926228076,0.0,0,BIHAR_2024_09_27,2024-09-27,NRSC_Sentinel1A
25.55,86.95,0.0649999976158142,0.6249999776482582,3.214999906718731,22.064999394118782,25.63999926391989,0.0834364051677419,0,BIHAR_2024_09_27,2024-09-27,NRSC_Sentinel1A
25.55,87.049995,0.574999988079071,4.679999887943268,8.779999822378159,26.364999622106552,29.95499950181693,0.0384533773221638,0,BIHAR_2024_09_27,2024-09-27,NRSC_Sentinel1A
25.55,87.15,0.1799999922513961,3.784999847412109,10.3599995970726,25.594999194145203,30.479999030008912,0.0,0,BIHAR_2024_09_27,2024-09-27,NRSC_Sentinel1A
25.55,87.25,0.1799999922513961,4.5849998742342,15.364999607205393,35.86499901115894,46.299998921342194,0.0,0,BIHAR_2024_09_27,2024-09-27,NRSC_Sentinel1A
25.55,87.35,0.0949999950826168,5.1099998615682125,21.779999461025,49.51999869570136,64.88999829441309,0.0,0,BIHAR_2024_09_27,2024-09-27,NRSC_Sentinel1A
25.55,87.45,0.0700000002980232,4.849999852478504,22.18499929457903,51.78999883681536,65.31999832391739,0.0,0,BIHAR_2024_09_27,2024-09-27,NRSC_Sentinel1A
25.55,87.549995,0.0749999955296516,4.759999878704548,24.239999063313007,62.794997937977314,77.14499757811427,0.0,0,BIHAR_2024_09_27,2024-09-27,NRSC_Sentinel1A
25.55,87.65,0.4749999791383743,3.259999930858612,18.94999951124192,61.644998252391815,93.80999785661696,0.0,0,BIHAR_2024_09_27,2024-09-27,NRSC_Sentinel1A
25.55,87.75,3.639999985694885,6.344999939203262,16.334999829530716,59.26499882340431,102.4249972999096,0.0,0,BIHAR_2024_09_27,2024-09-27,NRSC_Sentinel1A
25.55,87.85,6.849999666213989,15.65999948978424,22.76999932527542,65.18499833345413,121.90499746799468,0.0,0,BIHAR_2024_09_27,2024-09-27,NRSC_Sentinel1A
25.55,87.95,4.634999871253967,12.329999685287476,18.219999492168427,56.68999809026718,107.51999634504318,0.0,0,BIHAR_2024_09_27,2024-09-27,NRSC_Sentinel1A
25.55,88.049995,2.0,8.354999899864197,14.589999914169312,47.09999907016754,105.37499764561652,0.0,0,BIHAR_2024_09_27,2024-09-27,NRSC_Sentinel1A
25.55,88.15,3.039999961853028,20.869999408721924,29.579999327659607,59.97999846935272,114.01499715447426,0.0,0,BIHAR_2024_09_27,2024-09-27,NRSC_Sentinel1A
25.55,88.25,3.004999876022339,21.27999901771545,35.57999849319458,61.48999774456024,116.4349963515997,0.0,0,BIHAR_2024_09_27,2024-09-27,NRSC_Sentinel1A
25.55,88.35,4.059999942779541,29.01499938964844,50.01999872922897,78.08999842405319,128.97499745339155,0.0,0,BIHAR_2024_09_27,2024-09-27,NRSC_Sentinel1A
25.55,88.45,3.659999966621399,27.5999995470047,49.29999935626984,83.43499857187271,133.0799969509244,0.0,0,BIHAR_2024_09_27,2024-09-27,NRSC_Sentinel1A
25.65,83.049995,0.0,0.0,0.1299999952316284,1.0799999721348286,71.129998087883,0.0,0,BIHAR_2024_09_27,2024-09-27,NRSC_Sentinel1A
25.65,83.15,0.0,0.0,0.0,0.9349999828264116,78.25499851536006,0.0,0,BIHAR_2024_09_27,2024-09-27,NRSC_Sentinel1A
25.65,83.25,0.0,0.0,0.0,0.7499999776482582,80.05999831110239,0.0,0,BIHAR_2024_09_27,2024-09-27,NRSC_Sentinel1A
25.65,83.35,0.0,0.0,0.0,0.7949999682605267,62.53999869152904,0.0,0,BIHAR_2024_09_27,2024-09-27,NRSC_Sentinel1A
25.65,83.45,0.0,0.0,0.0,1.409999992698431,57.464998450130224,0.0,0,BIHAR_2024_09_27,2024-09-27,NRSC_Sentinel1A
25.65,83.549995,0.0,0.0,0.3299999833106994,2.2649999298155308,46.56999898329377,0.0,0,BIHAR_2024_09_27,2024-09-27,NRSC_Sentinel1A
25.65,83.65,0.0,0.0,0.3199999928474426,1.3799999803304672,34.049999222159386,0.0,0,BIHAR_2024_09_27,2024-09-27,NRSC_Sentinel1A
25.65,83.75,0.1249999962747097,0.1349999960511922,0.1349999960511922,1.5799999814480543,29.204999087378383,0.0,0,BIHAR_2024_09_27,2024-09-27,NRSC_Sentinel1A
25.65,83.85,0.1400000005960464,0.150000000372529,0.150000000372529,2.194999972358346,28.199999371543527,0.0,0,BIHAR_2024_09_27,2024-09-27,NRSC_Sentinel1A
25.65,83.95,0.0950000006705522,0.0950000006705522,1.0349999386817217,3.079999868758023,24.54499921668321,0.0,0,BIHAR_2024_09_27,2024-09-27,NRSC_Sentinel1A
25.65,84.049995,0.0799999982118606,0.0799999982118606,0.8999999910593033,3.43499992787838,20.934999510645863,0.0,0,BIHAR_2024_09_27,2024-09-27,NRSC_Sentinel1A
25.65,84.15,0.0700000002980232,0.0700000002980232,1.164999969303608,4.794999875128269,18.04999964684248,0.0,0,BIHAR_2024_09_27,2024-09-27,NRSC_Sentinel1A
25.65,84.25,0.0749999955296516,0.0749999955296516,0.0749999955296516,5.47499980032444,17.659999534487724,0.0,0,BIHAR_2024_09_27,2024-09-27,NRSC_Sentinel1A
25.65,84.35,0.0749999955296516,0.0749999955296516,0.0749999955296516,5.909999825060368,17.92999942973256,0.0,0,BIHAR_2024_09_27,2024-09-27,NRSC_Sentinel1A
25.65,84.45,0.0749999955296516,0.0749999955296516,0.0749999955296516,8.494999833405018,23.30999944359064,0.0,0,BIHAR_2024_09_27,2024-09-27,NRSC_Sentinel1A
25.65,84.549995,0.0649999976158142,0.1599999964237213,0.1599999964237213,8.694999888539314,29.21499919891357,0.0,0,BIHAR_2024_09_27,2024-09-27,NRSC_Sentinel1A
25.65,84.65,0.0,0.0799999982118606,0.3499999791383743,9.149999722838402,28.024999234825373,0.0,0,BIHAR_2024_09_27,2024-09-27,NRSC_Sentinel1A
25.65,84.75,0.0599999986588954,0.16499999538064,0.16499999538064,5.879999902099371,18.90499954018742,0.0,0,BIHAR_2024_09_27,2024-09-27,NRSC_Sentinel1A
25.65,84.85,0.0549999997019767,0.3399999886751175,0.4299999848008156,6.659999791532755,15.284999629482629,0.0,0,BIHAR_2024_09_27,2024-09-27,NRSC_Sentinel1A
25.65,84.95,0.1599999964237213,0.3199999891221523,0.3199999891221523,4.4699998795986176,12.214999679476024,0.0,0,BIHAR_2024_09_27,2024-09-27,NRSC_Sentinel1A
25.65,85.049995,0.2499999850988388,0.434999980032444,1.2749999538064003,5.304999843239784,12.459999734535812,0.0,0,BIHAR_2024_09_27,2024-09-27,NRSC_Sentinel1A
25.65,85.15,0.2149999886751175,3.409999921917916,4.159999892115593,9.964999750256538,16.964999571442604,0.0,0,BIHAR_2024_09_27,2024-09-27,NRSC_Sentinel1A
25.65,85.25,0.3349999925121665,3.2099998658522964,4.244999832473695,12.9999995585531,19.53499942086637,0.0,0,BIHAR_2024_09_27,2024-09-27,NRSC_Sentinel1A
25.65,85.35,0.2149999979883432,3.354999834671617,4.824999803677201,10.789999714121222,14.464999660849571,0.0,0,BIHAR_2024_09_27,2024-09-27,NRSC_Sentinel1A
25.65,85.45,0.1299999998882413,5.489999753423035,7.804999706335366,11.17999963928014,15.129999509081244,0.0,0,BIHAR_2024_09_27,2024-09-27,NRSC_Sentinel1A
25.65,85.549995,0.0999999940395355,7.2399998009204865,8.804999753832817,11.144999712705612,14.20499962568283,0.0,0,BIHAR_2024_09_27,2024-09-27,NRSC_Sentinel1A
25.65,85.65,0.0700000002980232,6.029999740421772,9.039999693632126,10.749999643303454,14.044999592937527,0.0,0,BIHAR_2024_09_27,2024-09-27,NRSC_Sentinel1A
25.65,85.75,0.0799999982118606,7.674999788403511,12.349999628961086,13.789999594911931,17.124999545514584,0.0,0,BIHAR_2024_09_27,2024-09-27,NRSC_Sentinel1A
25.65,85.85,0.0749999955296516,5.254999794065952,10.659999676048756,12.719999620690942,16.77499948721379,0.0,0,BIHAR_2024_09_27,2024-09-27,NRSC_Sentinel1A
25.65,85.95,0.1049999967217445,6.194999791681767,12.079999603331087,14.774999493733048,18.734999410808086,0.0,0,BIHAR_2024_09_27,2024-09-27,NRSC_Sentinel1A
25.65,86.049995,0.0850000008940696,5.874999865889549,12.774999633431436,17.069999509491026,21.58999937865883,0.0,0,BIHAR_2024_09_27,2024-09-27,NRSC_Sentinel1A
25.65,86.15,0.1749999895691871,4.259999863803387,12.654999636113644,21.074999444186687,26.27499930281192,0.0,0,BIHAR_2024_09_27,2024-09-27,NRSC_Sentinel1A
25.65,86.25,0.089999996125698,2.954999890178442,11.674999710172417,21.57499959692359,30.344999354332685,0.0,0,BIHAR_2024_09_27,2024-09-27,NRSC_Sentinel1A
25.65,86.35,0.0850000008940696,2.474999938160181,9.95999977365136,21.504999611526728,28.89999946113676,0.0,0,BIHAR_2024_09_27,2024-09-27,NRSC_Sentinel1A
25.65,86.45,0.0749999955296516,1.649999983608723,8.72999981790781,20.11499948054552,29.32999924570322,0.0,0,BIHAR_2024_09_27,2024-09-27,NRSC_Sentinel1A
25.65,86.549995,0.0700000002980232,1.02999996393919,5.549999855458736,21.799999706447124,28.94999956153333,0.0,0,BIHAR_2024_09_27,2024-09-27,NRSC_Sentinel1A
25.65,86.65,0.8849999457597733,2.7199999541044235,7.864999815821648,28.77999930083752,33.1899992171675,0.0,0,BIHAR_2024_09_27,2024-09-27,NRSC_Sentinel1A
25.65,86.75,0.7549999803304672,2.544999912381172,5.944999858736992,28.904999420046806,32.52999935206026,0.0,0,BIHAR_2024_09_27,2024-09-27,NRSC_Sentinel1A
25.65,86.85,1.6150000095367432,3.6349999606609344,6.039999902248383,27.229999244213104,31.264999113976955,0.0,0,BIHAR_2024_09_27,2024-09-27,NRSC_Sentinel1A
25.65,86.95,0.9249999523162842,5.479999899864197,8.274999856948853,30.064999639987946,33.78999954927713,0.0,0,BIHAR_2024_09_27,2024-09-27,NRSC_Sentinel1A
25.65,87.049995,0.8199999928474426,5.829999804496765,9.92499977350235,31.54499918222428,35.889999031089246,0.0,0,BIHAR_2024_09_27,2024-09-27,NRSC_Sentinel1A
25.65,87.15,0.2749999910593033,5.01999993622303,19.27499969303608,40.10999907553196,47.36999887321144,0.0,0,BIHAR_2024_09_27,2024-09-27,NRSC_Sentinel1A
25.65,87.25,0.1749999895691871,6.429999925196171,26.05999980121851,49.73499933630228,68.90999872982502,0.0,0,BIHAR_2024_09_27,2024-09-27,NRSC_Sentinel1A
25.65,87.35,0.1699999943375587,6.89499969035387,29.789999194443222,59.36999852210283,80.54999789595604,0.0,0,BIHAR_2024_09_27,2024-09-27,NRSC_Sentinel1A
25.65,87.45,0.0799999982118606,2.549999911338091,21.5149998255074,52.18499906733632,74.72999861836433,0.0,0,BIHAR_2024_09_27,2024-09-27,NRSC_Sentinel1A
25.65,87.549995,0.089999996125698,2.4799999417737126,22.0599995078519,60.9399986686185,86.50999790150672,0.0,0,BIHAR_2024_09_27,2024-09-27,NRSC_Sentinel1A
25.65,87.65,0.2399999946355819,1.0700000077486038,14.64999969303608,55.394998863339424,99.19999758899212,0.0,0,BIHAR_2024_09_27,2024-09-27,NRSC_Sentinel1A
25.65,87.75,3.830000042915344,5.614999994635582,16.58999954164028,55.78999875485897,107.4649976938963,0.0,0,BIHAR_2024_09_27,2024-09-27,NRSC_Sentinel1A
25.65,87.85,6.34499979019165,9.49999976158142,16.769999563694,54.4649983048439,117.52999728918076,0.0,0,BIHAR_2024_09_27,2024-09-27,NRSC_Sentinel1A
25.65,87.95,7.744999647140503,15.894999384880066,22.77999922633171,54.18999841809273,118.34999692440032,0.0,0,BIHAR_2024_09_27,2024-09-27,NRSC_Sentinel1A
25.65,88.049995,4.294999837875366,12.239999771118164,20.794999599456787,48.90499922633171,108.6399974822998,0.0,0,BIHAR_2024_09_27,2024-09-27,NRSC_Sentinel1A
25.65,88.15,4.349999904632568,21.80499911308289,32.95999896526337,58.3549981713295,117.74499654769896,0.0,0,BIHAR_2024_09_27,2024-09-27,NRSC_Sentinel1A
25.65,88.25,4.105000019073486,21.38000011444092,34.50499987602234,55.28499981760979,110.96499858330937,0.0,0,BIHAR_2024_09_27,2024-09-27,NRSC_Sentinel1A
25.65,88.35,5.539999961853027,30.21999883651733,48.094998240470886,70.674997985363,124.33499670773745,0.0,0,BIHAR_2024_09_27,2024-09-27,NRSC_Sentinel1A
25.65,88.45,6.029999732971191,37.58999919891357,61.689998507499695,89.2649976015091,140.00499613024294,0.0,0,BIHAR_2024_09_27,2024-09-27,NRSC_Sentinel1A
25.75,83.049995,0.0,0.0,0.125,1.0299999760463834,77.66499869246036,0.0,0,BIHAR_2024_09_27,2024-09-27,NRSC_Sentinel1A
25.75,83.15,0.0,0.0,0.0,1.31999995931983,90.27499784901738,0.0,0,BIHAR_2024_09_27,2024-09-27,NRSC_Sentinel1A
25.75,83.25,0.0,0.0,0.0,0.8149999883025885,82.6999973859638,0.0,0,BIHAR_2024_09_27,2024-09-27,NRSC_Sentinel1A
25.75,83.35,0.0,0.0,0.0,1.3199999695643785,73.35499802883714,0.0,0,BIHAR_2024_09_27,2024-09-27,NRSC_Sentinel1A
25.75,83.45,0.0,0.0,0.0,2.11499996483326,65.86999846994877,0.0,0,BIHAR_2024_09_27,2024-09-27,NRSC_Sentinel1A
25.75,83.549995,0.0,0.0,0.2849999964237213,3.619999860413373,51.2999990331009,0.0,0,BIHAR_2024_09_27,2024-09-27,NRSC_Sentinel1A
25.75,83.65,0.0,0.0,0.2249999940395355,1.6699999645352364,35.63499919325113,0.0,0,BIHAR_2024_09_27,2024-09-27,NRSC_Sentinel1A
25.75,83.75,0.0949999988079071,0.1049999985843896,0.1049999985843896,1.8799999672919512,30.83499905653298,0.0,0,BIHAR_2024_09_27,2024-09-27,NRSC_Sentinel1A
25.75,83.85,0.0949999988079071,0.1049999985843896,0.1049999985843896,2.554999941959977,28.15499954856932,0.0,0,BIHAR_2024_09_27,2024-09-27,NRSC_Sentinel1A
25.75,83.95,0.0949999988079071,0.0949999988079071,0.7599999606609344,4.994999848306179,26.454999320209023,0.0,0,BIHAR_2024_09_27,2024-09-27,NRSC_Sentinel1A
25.75,84.049995,0.089999996125698,0.089999996125698,0.7449999675154686,5.354999899864197,24.08499953895808,0.0,0,BIHAR_2024_09_27,2024-09-27,NRSC_Sentinel1A
25.75,84.15,0.0749999955296516,0.0749999955296516,0.9949999526143074,6.40999985486269,21.559999480843544,0.0,0,BIHAR_2024_09_27,2024-09-27,NRSC_Sentinel1A
25.75,84.25,0.0749999955296516,0.0749999955296516,0.2999999970197677,5.409999780356884,18.67499952763319,0.0,0,BIHAR_2024_09_27,2024-09-27,NRSC_Sentinel1A
25.75,84.35,0.0850000008940696,0.0850000008940696,0.3349999934434891,5.664999932050705,19.62999966740608,0.0,0,BIHAR_2024_09_27,2024-09-27,NRSC_Sentinel1A
25.75,84.45,0.0749999955296516,0.0749999955296516,0.0749999955296516,7.474999822676182,24.109999381005764,0.0,0,BIHAR_2024_09_27,2024-09-27,NRSC_Sentinel1A
25.75,84.549995,0.0,0.0999999940395355,0.0999999940395355,8.054999843239784,25.93499930202961,0.0,0,BIHAR_2024_09_27,2024-09-27,NRSC_Sentinel1A
25.75,84.65,0.0,0.0,0.8099999725818634,8.499999806284904,25.88499952107668,0.0,0,BIHAR_2024_09_27,2024-09-27,NRSC_Sentinel1A
25.75,84.75,0.0599999986588954,0.0599999986588954,0.4499999843537807,5.409999933093786,19.49499942734837,0.0,0,BIHAR_2024_09_27,2024-09-27,NRSC_Sentinel1A
25.75,84.85,0.0,0.1799999997019767,0.3649999946355819,5.344999954104424,17.674999743700027,0.0163347022048756,0,BIHAR_2024_09_27,2024-09-27,NRSC_Sentinel1A
25.75,84.95,0.0999999940395355,0.3099999874830246,0.3099999874830246,3.604999924078584,14.72999963350594,0.1079256791725333,1,BIHAR_2024_09_27,2024-09-27,NRSC_Sentinel1A
25.75,85.049995,0.1249999925494194,0.3549999818205833,0.8749999739229679,3.7149998918175697,13.474999655038118,0.0217737815186135,0,BIHAR_2024_09_27,2024-09-27,NRSC_Sentinel1A
25.75,85.15,0.1349999941885471,3.0249999426305294,3.664999928325415,8.124999847263098,16.754999566823244,0.1084522268616383,1,BIHAR_2024_09_27,2024-09-27,NRSC_Sentinel1A
25.75,85.25,0.1799999922513961,2.179999887011945,3.3549998542293906,9.964999659918249,17.014999485574663,0.0,0,BIHAR_2024_09_27,2024-09-27,NRSC_Sentinel1A
25.75,85.35,0.1799999997019767,2.839999920688569,5.95999991055578,11.50999980699271,17.129999657161534,0.0,0,BIHAR_2024_09_27,2024-09-27,NRSC_Sentinel1A
25.75,85.45,0.1599999964237213,2.9300000416114926,7.449999832548201,10.224999726749957,16.064999543130398,0.0,0,BIHAR_2024_09_27,2024-09-27,NRSC_Sentinel1A
25.75,85.549995,0.0700000002980232,5.514999933540821,9.194999880157413,11.359999810345473,15.129999752156436,0.0,0,BIHAR_2024_09_27,2024-09-27,NRSC_Sentinel1A
25.75,85.65,0.0899999998509883,4.05499979481101,9.49499974772334,11.594999684020877,14.939999600872396,0.0,0,BIHAR_2024_09_27,2024-09-27,NRSC_Sentinel1A
25.75,85.75,0.0799999982118606,4.829999879002571,11.949999749660492,13.72999969869852,16.694999676197767,0.0,0,BIHAR_2024_09_27,2024-09-27,NRSC_Sentinel1A
25.75,85.85,0.0949999988079071,3.6249999701976776,11.619999706745148,14.679999694228172,18.109999649226665,0.0,0,BIHAR_2024_09_27,2024-09-27,NRSC_Sentinel1A
25.75,85.95,0.1249999962747097,3.810000006109476,13.344999555498362,18.094999499619007,22.29999943077564,0.0,0,BIHAR_2024_09_27,2024-09-27,NRSC_Sentinel1A
25.75,86.049995,0.1449999958276748,4.434999793767929,15.709999442100523,22.884999339468777,28.409999249503016,0.0,0,BIHAR_2024_09_27,2024-09-27,NRSC_Sentinel1A
25.75,86.15,0.1049999967217445,1.9949999824166296,12.154999651014805,23.12999934703112,28.35499920975417,0.0,0,BIHAR_2024_09_27,2024-09-27,NRSC_Sentinel1A
25.75,86.25,0.1799999922513961,1.8399999514222145,11.44999984651804,22.589999593794342,30.59499932080508,0.0,0,BIHAR_2024_09_27,2024-09-27,NRSC_Sentinel1A
25.75,86.35,0.7299999743700027,2.494999945163727,11.32999962568283,24.149999290704727,31.679999127984047,0.0,0,BIHAR_2024_09_27,2024-09-27,NRSC_Sentinel1A
25.75,86.45,0.5149999856948853,5.2749998569488525,13.799999743700027,26.929999470710754,33.79999943077564,0.0,0,BIHAR_2024_09_27,2024-09-27,NRSC_Sentinel1A
25.75,86.549995,0.3999999985098839,3.129999957978725,7.95499973744154,29.38999908417464,34.72499889321625,0.0,0,BIHAR_2024_09_27,2024-09-27,NRSC_Sentinel1A
25.75,86.65,0.9699999541044236,2.909999921917916,7.424999728798866,32.62999923527241,36.40999912843108,0.0,0,BIHAR_2024_09_27,2024-09-27,NRSC_Sentinel1A
25.75,86.75,2.799999952316284,5.574999898672104,8.419999867677689,36.304999470710754,39.62499940302223,0.0,0,BIHAR_2024_09_27,2024-09-27,NRSC_Sentinel1A
25.75,86.85,3.679999828338623,11.929999828338625,14.25499977171421,38.774999126791954,42.47999904118478,0.0,0,BIHAR_2024_09_27,2024-09-27,NRSC_Sentinel1A
25.75,86.95,2.5649998784065247,7.884999692440033,12.439999639987946,35.95499888062477,40.73999880068004,0.0,0,BIHAR_2024_09_27,2024-09-27,NRSC_Sentinel1A
25.75,87.049995,1.030000001192093,6.404999881982803,12.584999799728394,36.61499923467636,42.0949991280213,0.0,0,BIHAR_2024_09_27,2024-09-27,NRSC_Sentinel1A
25.75,87.15,0.2549999952316284,5.629999816417694,17.08499938249588,38.54499873518944,52.87499831337482,0.0,0,BIHAR_2024_09_27,2024-09-27,NRSC_Sentinel1A
25.75,87.25,0.0799999982118606,2.8200000002980232,22.194999165833,45.22999817878008,71.00999723374844,0.0,0,BIHAR_2024_09_27,2024-09-27,NRSC_Sentinel1A
25.75,87.35,0.089999996125698,4.739999987185001,30.40999934822321,58.74499825388193,91.9199978299439,0.0,0,BIHAR_2024_09_27,2024-09-27,NRSC_Sentinel1A
25.75,87.45,0.0850000008940696,2.5800000056624413,19.68499930948019,48.8349985703826,99.51499819010496,0.0,0,BIHAR_2024_09_27,2024-09-27,NRSC_Sentinel1A
25.75,87.549995,0.0799999982118606,0.6649999916553497,13.479999631643295,50.41999849677086,105.78999722003935,0.0,0,BIHAR_2024_09_27,2024-09-27,NRSC_Sentinel1A
25.75,87.65,0.0799999982118606,0.8799999505281448,15.059999659657478,55.14499850571156,120.98499612510204,0.0,0,BIHAR_2024_09_27,2024-09-27,NRSC_Sentinel1A
25.75,87.75,1.639999896287918,2.5349998669698834,13.85999943781644,52.9299986558035,110.3549967603758,0.0,0,BIHAR_2024_09_27,2024-09-27,NRSC_Sentinel1A
25.75,87.85,2.559999942779541,5.49499985575676,13.91499975323677,50.039998680353165,121.90499702095984,0.0,0,BIHAR_2024_09_27,2024-09-27,NRSC_Sentinel1A
25.75,87.95,6.650000095367432,17.930000066757202,25.85499981045723,54.48499920964241,116.55999818444252,0.0,0,BIHAR_2024_09_27,2024-09-27,NRSC_Sentinel1A
25.75,88.049995,6.079999685287476,17.12999939918518,25.044999301433563,48.05499905347824,102.22999787330627,0.0,0,BIHAR_2024_09_27,2024-09-27,NRSC_Sentinel1A
25.75,88.15,6.190000057220459,26.20499992370605,42.00499975681305,63.13999944925308,120.32999816536903,0.0,0,BIHAR_2024_09_27,2024-09-27,NRSC_Sentinel1A
25.75,88.25,4.714999794960022,23.0349999666214,38.87499964237213,54.80999931693077,108.96499792486428,0.0,0,BIHAR_2024_09_27,2024-09-27,NRSC_Sentinel1A
25.75,88.35,6.744999885559082,38.98999977111816,59.42499923706055,77.61999908089638,132.1849977215752,0.0,0,BIHAR_2024_09_27,2024-09-27,NRSC_Sentinel1A
25.75,88.45,7.229999780654907,40.33999848365784,63.324997663497925,84.61999696493149,137.6599969509989,0.0,0,BIHAR_2024_09_27,2024-09-27,NRSC_Sentinel1A
25.849998,83.049995,0.0,0.0,0.0,0.9149999767541884,86.87499815970659,0.0,0,BIHAR_2024_09_27,2024-09-27,NRSC_Sentinel1A
25.849998,83.15,0.0499999970197677,0.0499999970197677,0.0499999970197677,0.9449999891221524,85.52999782189727,0.0,0,BIHAR_2024_09_27,2024-09-27,NRSC_Sentinel1A
25.849998,83.25,0.1049999967217445,0.1049999967217445,0.1049999967217445,0.91999998036772,82.08499821368605,0.0,0,BIHAR_2024_09_27,2024-09-27,NRSC_Sentinel1A
25.849998,83.35,0.1649999991059303,0.1649999991059303,0.1649999991059303,1.649999963119626,74.88999889977276,0.0,0,BIHAR_2024_09_27,2024-09-27,NRSC_Sentinel1A
25.849998,83.45,0.1149999946355819,0.1149999946355819,0.1149999946355819,2.3699999526143074,67.37499839812517,0.0,0,BIHAR_2024_09_27,2024-09-27,NRSC_Sentinel1A
25.849998,83.549995,0.1499999947845935,0.1499999947845935,0.1499999947845935,4.544999916106463,50.50999881699681,0.0,0,BIHAR_2024_09_27,2024-09-27,NRSC_Sentinel1A
25.849998,83.65,0.0849999981001019,0.0849999981001019,0.0849999981001019,2.859999959357083,41.46499914396554,0.0,0,BIHAR_2024_09_27,2024-09-27,NRSC_Sentinel1A
25.849998,83.75,0.0749999955296516,0.1299999952316284,0.1299999952316284,1.830000003799796,28.6849992480129,0.0,0,BIHAR_2024_09_27,2024-09-27,NRSC_Sentinel1A
25.849998,83.85,0.0900000007823109,0.0900000007823109,0.0900000007823109,4.114999924786389,28.84499946702272,0.0,0,BIHAR_2024_09_27,2024-09-27,NRSC_Sentinel1A
25.849998,83.95,0.0900000007823109,0.0900000007823109,0.0900000007823109,6.179999870248139,26.82999948877841,0.0,0,BIHAR_2024_09_27,2024-09-27,NRSC_Sentinel1A
25.849998,84.049995,0.0850000008940696,0.0850000008940696,0.1299999989569187,6.5449998043477535,27.139999445527792,0.0,0,BIHAR_2024_09_27,2024-09-27,NRSC_Sentinel1A
25.849998,84.15,0.0,0.0,0.044999998062849,7.834999766200781,26.3449992351234,0.0,0,BIHAR_2024_09_27,2024-09-27,NRSC_Sentinel1A
25.849998,84.25,0.0,0.0,0.3899999931454658,5.934999845921993,22.78999957442284,0.0,0,BIHAR_2024_09_27,2024-09-27,NRSC_Sentinel1A
25.849998,84.35,0.0,0.0,0.3799999998882413,6.079999853856862,25.699999508447945,0.0,0,BIHAR_2024_09_27,2024-09-27,NRSC_Sentinel1A
25.849998,84.45,0.0,0.0,0.0049999998882412,7.734999948181212,29.144999242387712,0.0,0,BIHAR_2024_09_27,2024-09-27,NRSC_Sentinel1A
25.849998,84.549995,0.0,0.0,0.0,8.449999667704105,28.189999155700207,0.0,0,BIHAR_2024_09_27,2024-09-27,NRSC_Sentinel1A
25.849998,84.65,0.0,0.0,1.704999923706055,8.629999801516533,27.59499944560229,0.0,0,BIHAR_2024_09_27,2024-09-27,NRSC_Sentinel1A
25.849998,84.75,0.0,0.0,0.7199999690055847,5.354999922215939,24.454999333247542,0.0,0,BIHAR_2024_09_27,2024-09-27,NRSC_Sentinel1A
25.849998,84.85,0.0,0.0749999955296516,0.1949999928474426,4.184999858029187,18.499999375082552,0.0,0,BIHAR_2024_09_27,2024-09-27,NRSC_Sentinel1A
25.849998,84.95,0.0,0.0749999955296516,0.0749999955296516,3.284999921917916,15.164999690838158,0.0,0,BIHAR_2024_09_27,2024-09-27,NRSC_Sentinel1A
25.849998,85.049995,0.0,0.150000000372529,0.7549999840557575,2.879999958910048,11.134999708272517,0.0343684663326133,0,BIHAR_2024_09_27,2024-09-27,NRSC_Sentinel1A
25.849998,85.15,0.0549999997019767,1.3649999424815178,3.1999999210238457,5.579999834299088,15.179999455809591,0.139999423282718,1,BIHAR_2024_09_27,2024-09-27,NRSC_Sentinel1A
25.849998,85.25,0.0649999976158142,1.414999969303608,4.064999902620912,7.084999846294522,13.699999677017331,0.0,0,BIHAR_2024_09_27,2024-09-27,NRSC_Sentinel1A
25.849998,85.35,0.0499999970197677,2.329999975860119,7.2749999184161425,9.834999847225845,14.87499977927655,0.0,0,BIHAR_2024_09_27,2024-09-27,NRSC_Sentinel1A
25.849998,85.45,0.0649999985471367,2.364999950863421,8.509999723173678,10.93999968096614,14.149999644607306,0.0,0,BIHAR_2024_09_27,2024-09-27,NRSC_Sentinel1A
25.849998,85.549995,0.0,4.704999752342701,11.694999508559704,14.194999445229769,17.919999284669757,0.0,0,BIHAR_2024_09_27,2024-09-27,NRSC_Sentinel1A
25.849998,85.65,0.1049999948590993,3.099999936297536,12.954999597743154,16.144999503158033,19.109999394975603,0.0,0,BIHAR_2024_09_27,2024-09-27,NRSC_Sentinel1A
25.849998,85.75,0.0700000002980232,2.7549999989569187,15.484999600797892,18.09999953582883,21.44999946281314,0.0,0,BIHAR_2024_09_27,2024-09-27,NRSC_Sentinel1A
25.849998,85.85,0.0749999955296516,2.819999948143959,15.07999999821186,18.92499991972,22.07499981392175,0.0,0,BIHAR_2024_09_27,2024-09-27,NRSC_Sentinel1A
25.849998,85.95,0.1849999949336052,2.444999910891056,13.38999966531992,18.34499950241297,21.58499945979565,0.0,0,BIHAR_2024_09_27,2024-09-27,NRSC_Sentinel1A
25.849998,86.049995,0.1999999955296516,2.34499990940094,13.464999735355375,21.94499954767525,27.974999388679866,0.0,0,BIHAR_2024_09_27,2024-09-27,NRSC_Sentinel1A
25.849998,86.15,0.1799999922513961,2.454999977722764,11.784999841824174,24.2899995688349,31.119999384507537,0.0,0,BIHAR_2024_09_27,2024-09-27,NRSC_Sentinel1A
25.849998,86.25,2.099999964237213,4.13499990105629,12.994999676942824,23.89999938011169,31.84499913919717,0.0,0,BIHAR_2024_09_27,2024-09-27,NRSC_Sentinel1A
25.849998,86.35,2.1749998927116394,4.404999852180481,11.059999644756315,21.804999262094498,30.094998978078365,0.0,0,BIHAR_2024_09_27,2024-09-27,NRSC_Sentinel1A
25.849998,86.45,1.4749999940395355,6.034999996423721,12.669999808073044,26.22999933362007,34.11499911546707,0.0,0,BIHAR_2024_09_27,2024-09-27,NRSC_Sentinel1A
25.849998,86.549995,1.60999995470047,7.404999792575836,11.214999735355375,34.23499923944473,39.714999094605446,0.0,0,BIHAR_2024_09_27,2024-09-27,NRSC_Sentinel1A
25.849998,86.65,1.8199999928474424,8.069999873638153,11.749999821186066,40.38499927520752,44.82999920472503,0.0,0,BIHAR_2024_09_27,2024-09-27,NRSC_Sentinel1A
25.849998,86.75,2.164999961853028,10.709999918937685,13.919999837875366,44.63999915122986,48.34999905806035,0.0,0,BIHAR_2024_09_27,2024-09-27,NRSC_Sentinel1A
25.849998,86.85,2.264999866485596,11.154999613761902,14.159999504685402,43.734998777508736,49.65499862935394,0.0,0,BIHAR_2024_09_27,2024-09-27,NRSC_Sentinel1A
25.849998,86.95,2.7649999856948853,9.174999952316284,15.24499985575676,41.3699993789196,49.174999276176095,0.0,0,BIHAR_2024_09_27,2024-09-27,NRSC_Sentinel1A
25.849998,87.049995,1.8649998903274536,7.454999685287476,18.179999351501465,44.25499856472016,53.82499828841537,0.0,0,BIHAR_2024_09_27,2024-09-27,NRSC_Sentinel1A
25.849998,87.15,0.8549999892711639,5.519999861717224,19.78499984741211,42.314999490976334,62.52999896928668,0.0,0,BIHAR_2024_09_27,2024-09-27,NRSC_Sentinel1A
25.849998,87.25,0.2799999937415123,3.9149998798966408,26.76499930769205,53.85499817878008,93.3749969676137,0.0,0,BIHAR_2024_09_27,2024-09-27,NRSC_Sentinel1A
25.849998,87.35,0.2149999961256981,3.5499998703598976,25.41999927908182,52.42999906092882,95.63999805599452,0.0,0,BIHAR_2024_09_27,2024-09-27,NRSC_Sentinel1A
25.849998,87.45,0.0949999988079071,2.349999949336052,15.92000000178814,44.194999262690544,102.45999754965304,0.0,0,BIHAR_2024_09_27,2024-09-27,NRSC_Sentinel1A
25.849998,87.549995,0.0949999988079071,1.879999987781048,13.929999761283398,50.08999829739332,111.5799964889884,0.0,0,BIHAR_2024_09_27,2024-09-27,NRSC_Sentinel1A
25.849998,87.65,0.089999996125698,2.0449999421834946,13.534999594092367,55.16999863088131,130.33999644219875,0.0,0,BIHAR_2024_09_27,2024-09-27,NRSC_Sentinel1A
25.849998,87.75,0.1149999983608722,1.604999963194132,10.124999944120646,48.914999190717936,130.22499668970704,0.0,0,BIHAR_2024_09_27,2024-09-27,NRSC_Sentinel1A
25.849998,87.85,2.009999930858612,4.994999885559082,13.929999589920044,47.969998478889465,127.35999655723572,0.0,0,BIHAR_2024_09_27,2024-09-27,NRSC_Sentinel1A
25.849998,87.95,6.644999742507935,17.399999380111694,27.174998998641968,55.43999814987183,121.50999623537064,0.0,0,BIHAR_2024_09_27,2024-09-27,NRSC_Sentinel1A
25.849998,88.049995,4.7449997663497925,17.2249995470047,29.299999117851257,54.499998569488525,111.70499742031096,0.0,0,BIHAR_2024_09_27,2024-09-27,NRSC_Sentinel1A
25.849998,88.15,4.630000114440918,21.96999979019165,36.33499956130981,56.464999079704285,108.12999758124352,0.0,0,BIHAR_2024_09_27,2024-09-27,NRSC_Sentinel1A
25.849998,88.25,4.8999998569488525,23.31499934196472,44.15499913692474,61.25499865412712,120.73499680310488,0.0,0,BIHAR_2024_09_27,2024-09-27,NRSC_Sentinel1A
25.849998,88.35,5.599999904632568,24.41499948501587,51.04499852657318,71.12999787926674,132.16999608278277,0.0,0,BIHAR_2024_09_27,2024-09-27,NRSC_Sentinel1A
25.849998,88.45,5.909999847412109,25.279998779296875,51.92999839782715,73.76999789476395,137.09999576956034,0.0,0,BIHAR_2024_09_27,2024-09-27,NRSC_Sentinel1A
25.949999,83.049995,0.0,0.0,0.0,1.609999943524599,94.07999858632684,0.0,0,BIHAR_2024_09_27,2024-09-27,NRSC_Sentinel1A
25.949999,83.15,0.0350000001490116,0.0350000001490116,0.0350000001490116,0.6299999952316284,95.20999863743782,0.0,0,BIHAR_2024_09_27,2024-09-27,NRSC_Sentinel1A
25.949999,83.25,0.1049999939277768,0.1049999939277768,0.1049999939277768,0.609999974258244,73.62999780941755,0.0,0,BIHAR_2024_09_27,2024-09-27,NRSC_Sentinel1A
25.949999,83.35,0.1999999955296516,0.1999999955296516,0.1999999955296516,0.9449999555945396,72.10999920219183,0.0,0,BIHAR_2024_09_27,2024-09-27,NRSC_Sentinel1A
25.949999,83.45,0.3099999874830246,0.4099999815225601,0.4099999815225601,3.2449999526143074,62.06999868899584,0.0,0,BIHAR_2024_09_27,2024-09-27,NRSC_Sentinel1A
25.949999,83.549995,0.4949999749660492,0.7799999713897705,0.7799999713897705,8.454999893903732,55.02999871969223,0.0,0,BIHAR_2024_09_27,2024-09-27,NRSC_Sentinel1A
25.949999,83.65,0.619999960064888,0.7899999618530273,0.7899999618530273,5.054999873042107,44.52499900758266,0.0,0,BIHAR_2024_09_27,2024-09-27,NRSC_Sentinel1A
25.949999,83.75,0.4600000008940696,0.5850000008940697,0.5850000008940697,5.619999788701534,39.87999879568815,0.0,0,BIHAR_2024_09_27,2024-09-27,NRSC_Sentinel1A
25.949999,83.85,0.1849999949336052,0.1849999949336052,0.1849999949336052,9.849999675527217,35.9999991748482,0.0,0,BIHAR_2024_09_27,2024-09-27,NRSC_Sentinel1A
25.949999,83.95,0.1699999943375587,0.1699999943375587,0.1699999943375587,9.354999736882746,33.96999903116375,0.0,0,BIHAR_2024_09_27,2024-09-27,NRSC_Sentinel1A
25.949999,84.049995,0.1449999995529651,0.1449999995529651,0.1449999995529651,7.479999811388552,33.47499922011048,0.0,0,BIHAR_2024_09_27,2024-09-27,NRSC_Sentinel1A
25.949999,84.15,0.0,0.0,0.0399999991059303,8.969999771565199,39.154999267309904,0.0,0,BIHAR_2024_09_27,2024-09-27,NRSC_Sentinel1A
25.949999,84.25,0.0,0.0,0.3149999976158142,6.1349998861551285,40.36499886959791,0.0,0,BIHAR_2024_09_27,2024-09-27,NRSC_Sentinel1A
25.949999,84.35,0.0,0.0,0.2399999946355819,6.449999809265137,41.30999885126949,0.0,0,BIHAR_2024_09_27,2024-09-27,NRSC_Sentinel1A
25.949999,84.45,0.0,0.0,0.2699999809265136,7.534999815747142,38.194999193772674,0.0,0,BIHAR_2024_09_27,2024-09-27,NRSC_Sentinel1A
25.949999,84.549995,0.0,0.0,0.0,8.189999803900719,43.65499864891172,0.0,0,BIHAR_2024_09_27,2024-09-27,NRSC_Sentinel1A
25.949999,84.65,0.0,0.0,1.7549999356269836,7.844999819993973,33.49499901384115,0.0,0,BIHAR_2024_09_27,2024-09-27,NRSC_Sentinel1A
25.949999,84.75,0.0999999940395355,0.0999999940395355,1.1149999797344208,4.634999923408032,25.714999364689,0.0,0,BIHAR_2024_09_27,2024-09-27,NRSC_Sentinel1A
25.949999,84.85,0.0,0.0,0.2099999971687793,3.9849999137222767,22.09499953314662,0.0,0,BIHAR_2024_09_27,2024-09-27,NRSC_Sentinel1A
25.949999,84.95,0.0,0.0,0.0049999998882412,2.944999956525862,13.259999648667872,0.0,0,BIHAR_2024_09_27,2024-09-27,NRSC_Sentinel1A
25.949999,85.049995,0.0,0.0,1.469999961555004,3.344999883323908,9.994999673217537,0.0,0,BIHAR_2024_09_27,2024-09-27,NRSC_Sentinel1A
25.949999,85.15,0.0,0.0,2.849999964237213,4.399999911896884,10.8049997119233,0.0,0,BIHAR_2024_09_27,2024-09-27,NRSC_Sentinel1A
25.949999,85.25,0.0,1.0049999430775642,4.784999942407012,7.009999884292483,11.234999870881438,0.0,0,BIHAR_2024_09_27,2024-09-27,NRSC_Sentinel1A
25.949999,85.35,0.0599999986588954,1.014999981969595,7.684999978169799,9.49499992094934,15.274999795481564,0.0,0,BIHAR_2024_09_27,2024-09-27,NRSC_Sentinel1A
25.949999,85.45,0.0599999986588954,0.9949999526143074,10.129999853670595,12.14999976195395,15.00999971665442,0.0,0,BIHAR_2024_09_27,2024-09-27,NRSC_Sentinel1A
25.949999,85.549995,0.0549999997019767,1.3900000005960464,11.51499955356121,14.244999442249537,17.849999371916056,0.0,0,BIHAR_2024_09_27,2024-09-27,NRSC_Sentinel1A
25.949999,85.65,0.0499999970197677,0.7049999758601189,14.189999751746656,18.949999632313848,20.939999574795365,0.0,0,BIHAR_2024_09_27,2024-09-27,NRSC_Sentinel1A
25.949999,85.75,0.0499999970197677,0.5199999827891588,15.01999974437058,19.62999965436757,23.199999595060945,0.0,0,BIHAR_2024_09_27,2024-09-27,NRSC_Sentinel1A
25.949999,85.85,0.0549999997019767,0.5749999806284904,15.304999582469463,21.029999317601323,23.1399992723018,0.0,0,BIHAR_2024_09_27,2024-09-27,NRSC_Sentinel1A
25.949999,85.95,0.1999999955296516,0.874999962747097,13.699999652802944,20.359999358654026,23.669999338686463,0.0,0,BIHAR_2024_09_27,2024-09-27,NRSC_Sentinel1A
25.949999,86.049995,0.2299999967217445,0.8949999734759331,13.929999701678751,25.34999933466316,30.26999923586845,0.0,0,BIHAR_2024_09_27,2024-09-27,NRSC_Sentinel1A
25.949999,86.15,0.6049999669194221,2.3599999397993088,11.24999974668026,25.139999628067017,31.03999944776297,0.0,0,BIHAR_2024_09_27,2024-09-27,NRSC_Sentinel1A
25.949999,86.25,2.7399998903274536,6.3049997091293335,13.309999585151672,24.33999937772751,32.67499919887632,0.0,0,BIHAR_2024_09_27,2024-09-27,NRSC_Sentinel1A
25.949999,86.35,2.6549999117851257,6.509999871253967,12.849999725818634,24.619999289512634,34.5999990850687,0.0,0,BIHAR_2024_09_27,2024-09-27,NRSC_Sentinel1A
25.949999,86.45,1.875,8.459999799728394,15.199999511241913,32.194999158382416,41.87999901175499,0.0,0,BIHAR_2024_09_27,2024-09-27,NRSC_Sentinel1A
25.949999,86.549995,0.7399999797344208,6.229999750852585,10.394999593496324,37.42999878525734,44.87999858427793,0.0,0,BIHAR_2024_09_27,2024-09-27,NRSC_Sentinel1A
25.949999,86.65,0.4849999696016311,4.559999868273735,10.474999591708183,45.73499904572964,52.43999891355634,0.0,0,BIHAR_2024_09_27,2024-09-27,NRSC_Sentinel1A
25.949999,86.75,0.9349999949336052,5.819999985396862,11.584999807178974,49.36499888449907,55.90999871864915,0.0,0,BIHAR_2024_09_27,2024-09-27,NRSC_Sentinel1A
25.949999,86.85,1.7649999260902405,7.219999849796295,14.654999613761902,48.03499901294708,56.9399988707155,0.0,0,BIHAR_2024_09_27,2024-09-27,NRSC_Sentinel1A
25.949999,86.95,2.009999930858612,5.349999874830246,14.564999550580978,45.57499894499779,61.14499860815704,0.0,0,BIHAR_2024_09_27,2024-09-27,NRSC_Sentinel1A
25.949999,87.049995,1.8199999332427976,4.499999821186066,16.13999968767166,42.43999922275543,59.91499866079539,0.0,0,BIHAR_2024_09_27,2024-09-27,NRSC_Sentinel1A
25.949999,87.15,0.8199999928474426,2.8999999165534973,16.409999668598175,39.57499906420708,65.19499836862087,0.0,0,BIHAR_2024_09_27,2024-09-27,NRSC_Sentinel1A
25.949999,87.25,0.7999999821186066,4.544999957084656,25.31499946117401,52.39999875426293,94.6799982190132,0.0,0,BIHAR_2024_09_27,2024-09-27,NRSC_Sentinel1A
25.949999,87.35,0.1349999941885471,2.989999908953905,14.929999846965076,37.829999301582575,81.46499875560403,0.0,0,BIHAR_2024_09_27,2024-09-27,NRSC_Sentinel1A
25.949999,87.45,0.1299999952316284,3.4049999713897705,12.39499968290329,37.709999069571495,99.93999747931956,0.0,0,BIHAR_2024_09_27,2024-09-27,NRSC_Sentinel1A
25.949999,87.549995,0.3949999958276748,5.719999805092812,14.669999673962591,47.1399988681078,115.08499799668787,0.0,0,BIHAR_2024_09_27,2024-09-27,NRSC_Sentinel1A
25.949999,87.65,0.3099999874830246,5.339999958872795,12.909999772906303,52.15999858081341,144.2249960154295,0.0,0,BIHAR_2024_09_27,2024-09-27,NRSC_Sentinel1A
25.949999,87.75,0.3449999988079071,4.824999898672104,13.01499953866005,48.85499885678291,140.3649963438511,0.0,0,BIHAR_2024_09_27,2024-09-27,NRSC_Sentinel1A
25.949999,87.85,2.34499990940094,9.239999771118164,19.024999499320984,52.904998898506165,132.02499735355377,0.0,0,BIHAR_2024_09_27,2024-09-27,NRSC_Sentinel1A
25.949999,87.95,4.050000071525574,18.239999651908875,32.80999934673309,61.934998750686646,128.81499660015106,0.0,0,BIHAR_2024_09_27,2024-09-27,NRSC_Sentinel1A
25.949999,88.049995,4.599999785423279,19.564999222755432,35.154999017715454,60.04999840259552,116.3749970793724,0.0,0,BIHAR_2024_09_27,2024-09-27,NRSC_Sentinel1A
25.949999,88.15,4.509999990463257,20.43499970436096,38.77499961853027,61.2699992954731,116.65999817848206,0.0,0,BIHAR_2024_09_27,2024-09-27,NRSC_Sentinel1A
25.949999,88.25,4.044999957084656,22.10499942302704,49.90499913692474,69.98999872803688,130.72999745607376,0.0,0,BIHAR_2024_09_27,2024-09-27,NRSC_Sentinel1A
25.949999,88.35,4.569999933242798,24.934999227523804,54.09499895572662,78.36499826610088,137.00999697856605,0.0,0,BIHAR_2024_09_27,2024-09-27,NRSC_Sentinel1A
25.949999,88.45,3.684999942779541,22.084999322891235,47.74499845504761,71.4249978363514,126.79999642632902,0.0,0,BIHAR_2024_09_27,2024-09-27,NRSC_Sentinel1A
26.05,83.049995,0.0,0.0,0.0,1.675000000745058,90.82999855652452,0.0,0,BIHAR_2024_09_27,2024-09-27,NRSC_Sentinel1A
26.05,83.15,0.0,0.0,0.0,1.709999941289425,81.9249992147088,0.0,0,BIHAR_2024_09_27,2024-09-27,NRSC_Sentinel1A
26.05,83.25,0.0199999995529651,0.0199999995529651,0.0199999995529651,3.03999999538064,66.05999878421426,0.0,0,BIHAR_2024_09_27,2024-09-27,NRSC_Sentinel1A
26.05,83.35,0.089999996125698,0.089999996125698,0.089999996125698,2.1599999591708183,63.44999820739031,0.0,0,BIHAR_2024_09_27,2024-09-27,NRSC_Sentinel1A
26.05,83.45,0.1499999901279807,0.2449999889358878,0.2449999889358878,1.4199999598786237,54.39499911945313,0.0,0,BIHAR_2024_09_27,2024-09-27,NRSC_Sentinel1A
26.05,83.549995,0.7099999636411667,0.8499999642372131,0.8499999642372131,4.534999869763851,52.10499917715788,0.0,0,BIHAR_2024_09_27,2024-09-27,NRSC_Sentinel1A
26.05,83.65,2.4200000390410423,2.6700000390410423,2.6700000390410423,6.159999966621399,45.93999892473221,0.0,0,BIHAR_2024_09_27,2024-09-27,NRSC_Sentinel1A
26.05,83.75,2.3099998384714127,2.429999835789204,2.429999835789204,5.949999742209911,45.53499885648489,0.0,0,BIHAR_2024_09_27,2024-09-27,NRSC_Sentinel1A
26.05,83.85,0.385000005364418,0.3900000052526593,0.3900000052526593,3.684999954886736,40.54999936837703,0.0,0,BIHAR_2024_09_27,2024-09-27,NRSC_Sentinel1A
26.05,83.95,0.20499999076128,0.20499999076128,0.20499999076128,5.884999800473452,37.23499872907996,0.0,0,BIHAR_2024_09_27,2024-09-27,NRSC_Sentinel1A
26.05,84.049995,0.2049999982118606,0.2049999982118606,0.2049999982118606,8.194999784231186,46.89499889314175,0.0,0,BIHAR_2024_09_27,2024-09-27,NRSC_Sentinel1A
26.05,84.15,0.089999996125698,0.089999996125698,0.089999996125698,10.89999983459711,48.33499901741743,0.0,0,BIHAR_2024_09_27,2024-09-27,NRSC_Sentinel1A
26.05,84.25,0.0,0.0,0.0,8.439999654889107,43.27499894052744,0.0,0,BIHAR_2024_09_27,2024-09-27,NRSC_Sentinel1A
26.05,84.35,0.0850000008940696,0.0850000008940696,0.0850000008940696,8.214999668300152,42.614999540150166,0.0,0,BIHAR_2024_09_27,2024-09-27,NRSC_Sentinel1A
26.05,84.45,0.089999996125698,0.089999996125698,0.089999996125698,7.104999758303165,39.34499906003475,0.0,0,BIHAR_2024_09_27,2024-09-27,NRSC_Sentinel1A
26.05,84.549995,0.1899999976158142,0.1899999976158142,0.375,6.609999939799309,39.6899990439415,0.0,0,BIHAR_2024_09_27,2024-09-27,NRSC_Sentinel1A
26.05,84.65,0.199999988079071,0.199999988079071,1.7599999606609344,7.179999798536301,32.514999240636826,0.0,0,BIHAR_2024_09_27,2024-09-27,NRSC_Sentinel1A
26.05,84.75,0.199999988079071,0.199999988079071,1.1249999403953552,4.509999871253967,25.859999381005764,0.0,0,BIHAR_2024_09_27,2024-09-27,NRSC_Sentinel1A
26.05,84.85,0.1549999937415123,0.1549999937415123,0.7449999675154686,3.324999898672104,18.8099994789809,0.0,0,BIHAR_2024_09_27,2024-09-27,NRSC_Sentinel1A
26.05,84.95,0.0,0.0,0.324999988079071,2.3249999284744263,12.794999584555626,0.0,0,BIHAR_2024_09_27,2024-09-27,NRSC_Sentinel1A
26.05,85.049995,0.0850000008940696,0.0850000008940696,1.5949999950826168,3.409999961964786,9.48499986063689,0.0,0,BIHAR_2024_09_27,2024-09-27,NRSC_Sentinel1A
26.05,85.15,0.0,0.0,1.7649999372661114,3.2949998807162046,9.094999765977263,0.0,0,BIHAR_2024_09_27,2024-09-27,NRSC_Sentinel1A
26.05,85.25,0.0,0.3499999940395355,5.409999892115593,7.939999829977751,12.239999705925584,0.0,0,BIHAR_2024_09_27,2024-09-27,NRSC_Sentinel1A
26.05,85.35,0.0700000002980232,0.4199999943375587,8.164999790489674,10.109999723732471,13.87499963119626,0.0,0,BIHAR_2024_09_27,2024-09-27,NRSC_Sentinel1A
26.05,85.45,0.0549999997019767,0.4799999892711639,11.764999717473984,14.2249996624887,19.12499951943755,0.0,0,BIHAR_2024_09_27,2024-09-27,NRSC_Sentinel1A
26.05,85.549995,0.0499999970197677,0.3749999850988388,13.514999732375143,17.389999604783952,21.884999490343034,0.0,0,BIHAR_2024_09_27,2024-09-27,NRSC_Sentinel1A
26.05,85.65,0.0399999991059303,0.6399999726563692,14.969999538734555,20.989999394863844,23.169999363832176,0.0,0,BIHAR_2024_09_27,2024-09-27,NRSC_Sentinel1A
26.05,85.75,0.0499999970197677,0.7399999899789691,16.064999531023204,24.02999923657626,27.434999123215675,0.0,0,BIHAR_2024_09_27,2024-09-27,NRSC_Sentinel1A
26.05,85.85,0.0499999970197677,0.7799999909475446,15.34999965596944,24.82499937433749,27.83499926980585,0.0,0,BIHAR_2024_09_27,2024-09-27,NRSC_Sentinel1A
26.05,85.95,0.2749999985098839,1.1699999794363976,13.989999555051329,23.81999938841909,27.21499931346625,0.0,0,BIHAR_2024_09_27,2024-09-27,NRSC_Sentinel1A
26.05,86.049995,1.0699999630451202,2.239999935030937,14.31999982893467,28.854999214410785,34.07999904640019,0.0,0,BIHAR_2024_09_27,2024-09-27,NRSC_Sentinel1A
26.05,86.15,2.0149999409914017,3.91999988257885,12.434999391436577,28.04499883949757,36.124998699873686,0.0,0,BIHAR_2024_09_27,2024-09-27,NRSC_Sentinel1A
26.05,86.25,1.644999921321869,5.809999823570252,12.949999660253525,25.72999933362007,35.96499905921519,0.0,0,BIHAR_2024_09_27,2024-09-27,NRSC_Sentinel1A
26.05,86.35,1.4249999523162842,6.009999871253967,13.749999701976776,27.86499929428101,43.30499872285873,0.0,0,BIHAR_2024_09_27,2024-09-27,NRSC_Sentinel1A
26.05,86.45,0.3449999839067459,4.43499992787838,11.459999844431875,32.38999919593334,48.109998744912446,0.0,0,BIHAR_2024_09_27,2024-09-27,NRSC_Sentinel1A
26.05,86.549995,0.5699999928474426,4.289999812841415,10.189999729394913,44.11499920487404,57.2549988925457,0.0,0,BIHAR_2024_09_27,2024-09-27,NRSC_Sentinel1A
26.05,86.65,0.9999999552965164,7.36499972641468,16.324999406933784,54.24999840557575,65.88999811559916,0.0,0,BIHAR_2024_09_27,2024-09-27,NRSC_Sentinel1A
26.05,86.75,1.159999966621399,10.054999709129332,19.82999950647354,57.23999911546707,71.25499868486077,0.0,0,BIHAR_2024_09_27,2024-09-27,NRSC_Sentinel1A
26.05,86.85,0.7549999952316284,7.714999914169311,16.92999976873398,52.194999039173126,69.1049986332655,0.0,0,BIHAR_2024_09_27,2024-09-27,NRSC_Sentinel1A
26.05,86.95,0.8299999833106995,4.044999957084656,13.324999809265137,47.434998750686646,66.04499841295183,0.0,0,BIHAR_2024_09_27,2024-09-27,NRSC_Sentinel1A
26.05,87.049995,0.1899999976158142,2.6599999368190765,11.524999767541884,41.08999928832054,69.85499893128872,0.0,0,BIHAR_2024_09_27,2024-09-27,NRSC_Sentinel1A
26.05,87.15,0.1149999946355819,2.28499998152256,11.934999898076056,36.754999205470085,77.6849979609251,0.0,0,BIHAR_2024_09_27,2024-09-27,NRSC_Sentinel1A
26.05,87.25,0.2349999994039535,4.595000043511391,17.734999611973763,44.87999884784222,91.51499728858472,0.0,0,BIHAR_2024_09_27,2024-09-27,NRSC_Sentinel1A
26.05,87.35,0.209999993443489,4.274999842047691,14.73499958217144,38.93999916315079,110.83499747514723,0.0,0,BIHAR_2024_09_27,2024-09-27,NRSC_Sentinel1A
26.05,87.45,0.2250000014901161,4.484999902546406,11.25499976426363,35.52999932318926,111.47499752789736,0.0,0,BIHAR_2024_09_27,2024-09-27,NRSC_Sentinel1A
26.05,87.549995,0.3399999886751175,5.179999962449074,12.165000006556513,40.08499948680401,123.8799980133772,0.0,0,BIHAR_2024_09_27,2024-09-27,NRSC_Sentinel1A
26.05,87.65,0.2899999916553497,5.0899997651577,13.019999593496324,47.52999910712242,133.79499730467796,0.0,0,BIHAR_2024_09_27,2024-09-27,NRSC_Sentinel1A
26.05,87.75,0.2349999919533729,4.8849998489022255,15.889999605715277,49.45999846607447,133.44999716430902,0.0,0,BIHAR_2024_09_27,2024-09-27,NRSC_Sentinel1A
26.05,87.85,0.3449999839067459,5.159999862313271,16.374999418854713,49.939998999238014,125.49999667704104,0.0,0,BIHAR_2024_09_27,2024-09-27,NRSC_Sentinel1A
26.05,87.95,1.25,7.88999992609024,20.024999797344208,50.81499916315079,117.3599972128868,0.0,0,BIHAR_2024_09_27,2024-09-27,NRSC_Sentinel1A
26.05,88.049995,2.134999990463257,11.929999709129332,31.719998955726624,60.33999824523926,121.24999696016312,0.0,0,BIHAR_2024_09_27,2024-09-27,NRSC_Sentinel1A
26.05,88.15,1.850000023841858,11.664999842643738,33.144999623298645,56.70999899506569,114.9399981200695,0.0,0,BIHAR_2024_09_27,2024-09-27,NRSC_Sentinel1A
26.05,88.25,1.2399999499320984,11.79999977350235,38.40999919176102,61.24499845504761,126.04499697685242,0.0,0,BIHAR_2024_09_27,2024-09-27,NRSC_Sentinel1A
26.05,88.35,1.4299999475479126,12.8849995136261,41.70499873161316,65.54499843716621,130.36999687552452,0.0,0,BIHAR_2024_09_27,2024-09-27,NRSC_Sentinel1A
26.05,88.45,0.9249999821186066,8.839999705553055,33.98499944806099,56.12999886274338,125.6149976849556,0.0,0,BIHAR_2024_09_27,2024-09-27,NRSC_Sentinel1A
26.15,83.049995,0.0849999971687793,0.3449999913573265,0.3449999913573265,2.164999956265092,78.74499830044806,0.0,0,BIHAR_2024_09_27,2024-09-27,NRSC_Sentinel1A
26.15,83.15,0.0499999988824129,0.2149999942630529,0.2149999942630529,2.889999909326434,68.88999805785716,0.0,0,BIHAR_2024_09_27,2024-09-27,NRSC_Sentinel1A
26.15,83.25,0.0199999995529651,0.1349999979138374,0.1349999979138374,3.039999927394092,62.38999875169248,0.0,0,BIHAR_2024_09_27,2024-09-27,NRSC_Sentinel1A
26.15,83.35,0.044999998062849,0.1099999956786632,0.1099999956786632,2.019999973475933,55.11999856680632,0.0,0,BIHAR_2024_09_27,2024-09-27,NRSC_Sentinel1A
26.15,83.45,0.0950000006705522,0.0950000006705522,0.0950000006705522,1.8099999744445088,46.63499938137829,0.0,0,BIHAR_2024_09_27,2024-09-27,NRSC_Sentinel1A
26.15,83.549995,0.2999999895691871,0.3699999898672104,0.3699999898672104,2.244999960064888,44.32999895513058,0.0,0,BIHAR_2024_09_27,2024-09-27,NRSC_Sentinel1A
26.15,83.65,1.189999982714653,1.2899999767541883,1.2899999767541883,3.829999923706055,42.68499871343374,0.0,0,BIHAR_2024_09_27,2024-09-27,NRSC_Sentinel1A
26.15,83.75,1.1399999558925629,1.2249999567866323,1.2249999567866323,4.524999901652336,42.9649989977479,0.0,0,BIHAR_2024_09_27,2024-09-27,NRSC_Sentinel1A
26.15,83.85,0.2249999940395355,0.2249999940395355,0.2249999940395355,3.084999904036522,45.32499913871288,0.0,0,BIHAR_2024_09_27,2024-09-27,NRSC_Sentinel1A
26.15,83.95,0.1799999922513961,0.1799999922513961,0.1799999922513961,6.159999869763851,46.919999085366726,0.0,0,BIHAR_2024_09_27,2024-09-27,NRSC_Sentinel1A
26.15,84.049995,0.1749999970197677,0.1749999970197677,0.1749999970197677,7.774999849498272,50.234998755156994,0.0,0,BIHAR_2024_09_27,2024-09-27,NRSC_Sentinel1A
26.15,84.15,0.1549999937415123,0.1549999937415123,0.1549999937415123,11.824999913573263,59.57999861240387,0.0,0,BIHAR_2024_09_27,2024-09-27,NRSC_Sentinel1A
26.15,84.25,0.0799999982118606,0.0799999982118606,0.0799999982118606,10.089999869465828,47.81999869644642,0.0,0,BIHAR_2024_09_27,2024-09-27,NRSC_Sentinel1A
26.15,84.35,0.1399999968707561,0.1399999968707561,0.1399999968707561,9.409999828785658,45.58499910309911,0.0,0,BIHAR_2024_09_27,2024-09-27,NRSC_Sentinel1A
26.15,84.45,0.1499999985098838,0.1499999985098838,0.1499999985098838,6.854999907314777,33.574999056756496,0.0,0,BIHAR_2024_09_27,2024-09-27,NRSC_Sentinel1A
26.15,84.549995,0.1849999949336052,0.2049999944865703,0.3499999903142452,4.984999923035502,35.72999915294349,0.0,0,BIHAR_2024_09_27,2024-09-27,NRSC_Sentinel1A
26.15,84.65,0.1949999928474426,0.1949999928474426,1.7349999994039536,7.234999850392342,28.374999347142875,0.0,0,BIHAR_2024_09_27,2024-09-27,NRSC_Sentinel1A
26.15,84.75,0.1949999928474426,0.2749999910593033,1.5799999684095385,5.254999957978725,26.699999421834946,0.0,0,BIHAR_2024_09_27,2024-09-27,NRSC_Sentinel1A
26.15,84.85,0.1899999976158142,0.1899999976158142,1.329999953508377,3.814999863505364,19.51499953866005,0.0,0,BIHAR_2024_09_27,2024-09-27,NRSC_Sentinel1A
26.15,84.95,0.089999996125698,0.089999996125698,0.8749999850988388,2.549999937415123,12.964999665506184,0.0,0,BIHAR_2024_09_27,2024-09-27,NRSC_Sentinel1A
26.15,85.049995,0.1149999937042594,0.1149999937042594,1.85499997343868,3.684999966993928,10.88499985076487,0.0,0,BIHAR_2024_09_27,2024-09-27,NRSC_Sentinel1A
26.15,85.15,0.0749999955296516,0.0799999954178929,1.859999937005341,3.249999883584678,8.209999728016555,0.0,0,BIHAR_2024_09_27,2024-09-27,NRSC_Sentinel1A
26.15,85.25,0.0850000008940696,0.3549999967217445,5.60499994456768,8.389999870210886,12.149999771267176,0.0,0,BIHAR_2024_09_27,2024-09-27,NRSC_Sentinel1A
26.15,85.35,0.0949999988079071,0.3849999904632568,6.7699999287724495,9.434999864548445,11.72999982535839,0.0,0,BIHAR_2024_09_27,2024-09-27,NRSC_Sentinel1A
26.15,85.45,0.0700000002980232,0.2449999973177909,12.47999992221594,15.844999834895134,18.144999739713967,0.0,0,BIHAR_2024_09_27,2024-09-27,NRSC_Sentinel1A
26.15,85.549995,0.0649999976158142,0.2399999946355819,14.504999816417694,19.48499970324337,22.554999642074108,0.0,0,BIHAR_2024_09_27,2024-09-27,NRSC_Sentinel1A
26.15,85.65,0.0649999976158142,0.3549999929964542,16.084999714046717,24.65999955777079,26.92999950610101,0.0,0,BIHAR_2024_09_27,2024-09-27,NRSC_Sentinel1A
26.15,85.75,0.0549999997019767,0.3699999880045652,14.934999687597156,25.114999445155263,28.954999366775155,0.0,0,BIHAR_2024_09_27,2024-09-27,NRSC_Sentinel1A
26.15,85.85,0.0700000002980232,0.3199999900534749,13.33999949414283,23.50499913562089,28.64999899175018,0.0,0,BIHAR_2024_09_27,2024-09-27,NRSC_Sentinel1A
26.15,85.95,0.794999971985817,2.3699999302625656,15.379999727010729,28.349999502301216,36.76999915670604,0.0,0,BIHAR_2024_09_27,2024-09-27,NRSC_Sentinel1A
26.15,86.049995,1.779999941587448,3.7099998891353607,15.3399997651577,31.639999359846115,44.02499908208847,0.0,0,BIHAR_2024_09_27,2024-09-27,NRSC_Sentinel1A
26.15,86.15,2.1499999165534973,4.259999856352806,14.584999650716782,33.50499904155731,52.41499875485897,0.0,0,BIHAR_2024_09_27,2024-09-27,NRSC_Sentinel1A
26.15,86.25,0.1949999928474426,3.46999990940094,13.484999895095823,31.2699992954731,48.42999868839979,0.0,0,BIHAR_2024_09_27,2024-09-27,NRSC_Sentinel1A
26.15,86.35,0.6400000005960464,4.299999922513962,13.239999622106552,31.994999200105667,52.68999865278602,0.0,0,BIHAR_2024_09_27,2024-09-27,NRSC_Sentinel1A
26.15,86.45,0.2499999925494194,3.834999941289425,13.379999600350857,38.57499899715185,55.54999869223684,0.0,0,BIHAR_2024_09_27,2024-09-27,NRSC_Sentinel1A
26.15,86.549995,0.4999999925494194,4.509999953210354,13.064999721944332,44.12999870628119,55.94999839551747,0.0,0,BIHAR_2024_09_27,2024-09-27,NRSC_Sentinel1A
26.15,86.65,0.6800000071525574,7.014999806880951,18.0999995470047,53.23499894142151,67.17499873042107,0.0,0,BIHAR_2024_09_27,2024-09-27,NRSC_Sentinel1A
26.15,86.75,0.3549999892711639,7.214999884366989,20.034999579191208,54.559997886419296,74.66499733179808,0.0,0,BIHAR_2024_09_27,2024-09-27,NRSC_Sentinel1A
26.15,86.85,0.209999993443489,4.029999867081642,13.219999685883522,46.729999259114265,72.15499852970243,0.0,0,BIHAR_2024_09_27,2024-09-27,NRSC_Sentinel1A
26.15,86.95,0.1749999895691871,2.664999917149544,11.139999702572824,43.56999929249287,67.75499861408025,0.0,0,BIHAR_2024_09_27,2024-09-27,NRSC_Sentinel1A
26.15,87.049995,0.089999996125698,2.2649999856948853,10.649999797344208,41.634999454021454,69.87999899685383,0.0,0,BIHAR_2024_09_27,2024-09-27,NRSC_Sentinel1A
26.15,87.15,0.089999996125698,2.1199999898672104,10.749999925494194,39.169999465346336,83.30999855697155,0.0,0,BIHAR_2024_09_27,2024-09-27,NRSC_Sentinel1A
26.15,87.25,0.2399999871850013,5.109999872744083,15.124999441206455,45.88999859243632,107.43999705463648,0.0,0,BIHAR_2024_09_27,2024-09-27,NRSC_Sentinel1A
26.15,87.35,0.6749999821186066,8.429999858140945,17.40499970316887,41.894999265670776,122.57999813556673,0.0,0,BIHAR_2024_09_27,2024-09-27,NRSC_Sentinel1A
26.15,87.45,0.6399999856948853,8.329999804496765,15.279999673366548,36.419999182224274,127.60499745607376,0.0,0,BIHAR_2024_09_27,2024-09-27,NRSC_Sentinel1A
26.15,87.549995,0.5849999934434891,7.969999685883522,15.364999428391457,38.6499989181757,128.46999575197697,0.0,0,BIHAR_2024_09_27,2024-09-27,NRSC_Sentinel1A
26.15,87.65,0.5949999690055847,7.78499972820282,16.14999955892563,46.29999822378159,136.45999616384506,0.0,0,BIHAR_2024_09_27,2024-09-27,NRSC_Sentinel1A
26.15,87.75,0.3100000023841858,5.759999930858612,15.714999854564669,47.58999937772751,132.77999740839005,0.0,0,BIHAR_2024_09_27,2024-09-27,NRSC_Sentinel1A
26.15,87.85,0.4699999988079071,5.974999815225601,18.60999956727028,52.3549989759922,126.5449973642826,0.0,0,BIHAR_2024_09_27,2024-09-27,NRSC_Sentinel1A
26.15,87.95,0.6749999821186066,7.094999939203262,21.03999957442284,54.58999893069267,121.54999747872353,0.0,0,BIHAR_2024_09_27,2024-09-27,NRSC_Sentinel1A
26.15,88.049995,0.9999999701976776,9.039999812841415,30.55999919772148,61.54999825358391,119.8699966967106,0.0,0,BIHAR_2024_09_27,2024-09-27,NRSC_Sentinel1A
26.15,88.15,1.034999996423721,9.819999784231186,34.1699992120266,61.034998685121536,125.85999783873558,0.0,0,BIHAR_2024_09_27,2024-09-27,NRSC_Sentinel1A
26.15,88.25,1.409999966621399,9.724999845027924,37.259998977184296,62.31999862194061,128.52499735355377,0.0,0,BIHAR_2024_09_27,2024-09-27,NRSC_Sentinel1A
26.15,88.35,2.584999918937683,16.91499936580658,46.744999051094055,73.4099982380867,148.53499746322632,0.0,0,BIHAR_2024_09_27,2024-09-27,NRSC_Sentinel1A
26.15,88.45,2.9999998807907104,14.429999589920044,40.29999876022339,62.48499816656113,147.19999581575394,0.0,0,BIHAR_2024_09_27,2024-09-27,NRSC_Sentinel1A
26.25,83.049995,0.2299999967217445,0.5349999815225601,0.6049999818205833,1.5849999533966184,61.65999889653176,0.0,0,BIHAR_2024_09_27,2024-09-27,NRSC_Sentinel1A
26.25,83.15,0.1099999956786632,0.284999992698431,0.284999992698431,1.7749999575316906,57.32499894499779,0.0,0,BIHAR_2024_09_27,2024-09-27,NRSC_Sentinel1A
26.25,83.25,0.0449999989941716,0.1549999946728348,0.1549999946728348,3.2449999460950494,55.509998452849686,0.0,0,BIHAR_2024_09_27,2024-09-27,NRSC_Sentinel1A
26.25,83.35,0.0099999997764825,0.0749999973922967,0.0749999973922967,2.924999993294477,51.739999022334814,0.0,0,BIHAR_2024_09_27,2024-09-27,NRSC_Sentinel1A
26.25,83.45,0.0299999993294477,0.0299999993294477,0.0299999993294477,3.829999951645732,47.799998966977,0.0,0,BIHAR_2024_09_27,2024-09-27,NRSC_Sentinel1A
26.25,83.549995,0.0549999978393316,0.0549999978393316,0.0549999978393316,3.4799998607486486,40.17999910376966,0.0,0,BIHAR_2024_09_27,2024-09-27,NRSC_Sentinel1A
26.25,83.65,0.2049999982118606,0.2049999982118606,0.2049999982118606,3.3949999138712883,37.05499916523695,0.0,0,BIHAR_2024_09_27,2024-09-27,NRSC_Sentinel1A
26.25,83.75,0.2599999979138374,0.2599999979138374,0.2599999979138374,3.784999866038561,38.69999908283353,0.0,0,BIHAR_2024_09_27,2024-09-27,NRSC_Sentinel1A
26.25,83.85,0.20499999076128,0.20499999076128,0.20499999076128,3.34499990195036,38.58499880880117,0.0,0,BIHAR_2024_09_27,2024-09-27,NRSC_Sentinel1A
26.25,83.95,0.1499999910593032,0.1499999910593032,0.1499999910593032,5.924999922513962,37.75999918580055,0.0,0,BIHAR_2024_09_27,2024-09-27,NRSC_Sentinel1A
26.25,84.049995,0.1699999943375587,0.1699999943375587,0.1699999943375587,7.359999909996986,48.589999333024025,0.0,0,BIHAR_2024_09_27,2024-09-27,NRSC_Sentinel1A
26.25,84.15,0.1599999964237213,0.1599999964237213,0.1599999964237213,11.279999531805515,57.9799991324544,0.0,0,BIHAR_2024_09_27,2024-09-27,NRSC_Sentinel1A
26.25,84.25,0.0799999982118606,0.0799999982118606,0.0799999982118606,11.00500001013279,52.40999903902412,0.0,0,BIHAR_2024_09_27,2024-09-27,NRSC_Sentinel1A
26.25,84.35,0.1149999983608722,0.1849999986588955,0.1849999986588955,10.26999991759658,52.289998695254326,0.0,0,BIHAR_2024_09_27,2024-09-27,NRSC_Sentinel1A
26.25,84.45,0.1399999931454658,0.274999987334013,0.2799999872222543,6.479999841190875,44.49999895412475,0.0,0,BIHAR_2024_09_27,2024-09-27,NRSC_Sentinel1A
26.25,84.549995,0.1649999916553497,0.3199999928474426,0.3249999927356839,4.814999942667782,41.164999042637646,0.0,0,BIHAR_2024_09_27,2024-09-27,NRSC_Sentinel1A
26.25,84.65,0.1799999922513961,0.3149999901652336,1.2799999490380287,6.3049997463822365,31.72999927774072,0.0,0,BIHAR_2024_09_27,2024-09-27,NRSC_Sentinel1A
26.25,84.75,0.1649999916553497,0.3149999901652336,1.304999966174364,5.904999900609255,29.73999921604991,0.0,0,BIHAR_2024_09_27,2024-09-27,NRSC_Sentinel1A
26.25,84.85,0.1749999970197677,0.32999999076128,1.7799999453127384,5.214999850839376,24.169999295845628,0.0,0,BIHAR_2024_09_27,2024-09-27,NRSC_Sentinel1A
26.25,84.95,0.1549999937415123,0.2299999892711639,1.049999974668026,3.544999925419688,17.90499988477677,0.0,0,BIHAR_2024_09_27,2024-09-27,NRSC_Sentinel1A
26.25,85.049995,0.1299999952316284,0.2299999892711639,1.7899999022483826,4.539999846369028,13.084999565035105,0.0,0,BIHAR_2024_09_27,2024-09-27,NRSC_Sentinel1A
26.25,85.15,0.1049999957904219,0.2099999925121665,2.0699999472126365,4.6299999272450805,9.869999832473695,0.0,0,BIHAR_2024_09_27,2024-09-27,NRSC_Sentinel1A
26.25,85.25,0.0999999986961484,0.2999999942258,5.509999972768128,10.139999830164015,13.699999722652136,0.0,0,BIHAR_2024_09_27,2024-09-27,NRSC_Sentinel1A
26.25,85.35,0.1199999954551458,0.2799999918788671,6.309999963268638,10.609999857842922,12.764999792911112,0.0,0,BIHAR_2024_09_27,2024-09-27,NRSC_Sentinel1A
26.25,85.45,0.0749999955296516,0.1899999938905239,11.019999768584968,15.624999698251486,18.09499962627888,0.0,0,BIHAR_2024_09_27,2024-09-27,NRSC_Sentinel1A
26.25,85.549995,0.0700000002980232,0.0999999996274709,11.949999948963525,18.934999723918736,24.71999960951507,0.0,0,BIHAR_2024_09_27,2024-09-27,NRSC_Sentinel1A
26.25,85.65,0.0599999986588954,0.2899999879300594,13.259999368339775,22.844999138265848,30.38499900419265,0.0,0,BIHAR_2024_09_27,2024-09-27,NRSC_Sentinel1A
26.25,85.75,0.0649999976158142,0.3749999850988388,10.76999980211258,22.079999342560768,34.65499896556139,0.0,0,BIHAR_2024_09_27,2024-09-27,NRSC_Sentinel1A
26.25,85.85,0.0700000002980232,0.3949999883770942,10.105000026524069,20.734999887645245,35.9499995931983,0.0,0,BIHAR_2024_09_27,2024-09-27,NRSC_Sentinel1A
26.25,85.95,0.4699999988079071,2.4799999594688416,11.889999777078629,24.55999954044819,44.75999921560288,0.0,0,BIHAR_2024_09_27,2024-09-27,NRSC_Sentinel1A
26.25,86.049995,0.9649999737739564,3.2449999302625656,12.864999666810036,29.804999127984047,52.72499834932387,0.0,0,BIHAR_2024_09_27,2024-09-27,NRSC_Sentinel1A
26.25,86.15,0.3899999856948852,3.3249999284744263,11.93499967455864,33.39499947428703,55.45999887865037,0.0,0,BIHAR_2024_09_27,2024-09-27,NRSC_Sentinel1A
26.25,86.25,0.1499999985098838,3.634999923408032,13.574999444186687,37.81499867886305,61.23999843746424,0.0,0,BIHAR_2024_09_27,2024-09-27,NRSC_Sentinel1A
26.25,86.35,0.2949999943375587,4.239999927580357,14.18499944359064,39.07499883323908,63.44499843381345,0.0,0,BIHAR_2024_09_27,2024-09-27,NRSC_Sentinel1A
26.25,86.45,0.5899999737739563,4.174999892711639,14.26999980211258,41.9949991106987,61.604998514056206,0.0,0,BIHAR_2024_09_27,2024-09-27,NRSC_Sentinel1A
26.25,86.549995,0.5049999803304672,4.229999825358391,12.554999634623528,40.28499899804592,56.17499861679971,0.0,0,BIHAR_2024_09_27,2024-09-27,NRSC_Sentinel1A
26.25,86.65,0.2749999910593033,5.444999769330025,17.794999316334724,49.45499821007252,69.47499764338136,0.0,0,BIHAR_2024_09_27,2024-09-27,NRSC_Sentinel1A
26.25,86.75,0.5249999910593033,8.984999909996986,16.41999961435795,42.14499922096729,74.65499820001423,0.0,0,BIHAR_2024_09_27,2024-09-27,NRSC_Sentinel1A
26.25,86.85,0.4699999988079071,7.839999884366989,14.164999693632126,40.38999891281128,75.56999839190394,0.0,0,BIHAR_2024_09_27,2024-09-27,NRSC_Sentinel1A
26.25,86.95,0.3699999898672104,5.55999980866909,9.899999737739565,35.209999203681946,64.1249985396862,0.0,0,BIHAR_2024_09_27,2024-09-27,NRSC_Sentinel1A
26.25,87.049995,0.5899999886751175,8.00999964773655,14.119999393820764,42.38499866425991,84.83999748528004,0.0,0,BIHAR_2024_09_27,2024-09-27,NRSC_Sentinel1A
26.25,87.15,0.6049999892711639,8.209999829530716,15.839999586343763,42.514999121427536,107.79499772191048,0.0,0,BIHAR_2024_09_27,2024-09-27,NRSC_Sentinel1A
26.25,87.25,0.5599999874830246,8.329999789595604,16.90999959409237,46.55499921739101,124.79499708116056,0.0,0,BIHAR_2024_09_27,2024-09-27,NRSC_Sentinel1A
26.25,87.35,0.6749999821186066,8.674999624490738,17.129999548196793,41.409999042749405,126.3399968445301,0.0,0,BIHAR_2024_09_27,2024-09-27,NRSC_Sentinel1A
26.25,87.45,0.6500000059604645,9.25999990105629,20.259999632835388,41.52499914169312,136.30499708652496,0.0,0,BIHAR_2024_09_27,2024-09-27,NRSC_Sentinel1A
26.25,87.549995,0.5799999982118607,8.719999685883522,18.609999433159828,42.469999089837074,136.95499767363071,0.0,0,BIHAR_2024_09_27,2024-09-27,NRSC_Sentinel1A
26.25,87.65,0.5849999785423279,7.989999890327454,18.519999861717224,47.714999318122864,151.63499653339386,0.0,0,BIHAR_2024_09_27,2024-09-27,NRSC_Sentinel1A
26.25,87.75,1.1399999260902405,11.86499971151352,23.45999938249588,56.36999851465225,149.2449967265129,0.0,0,BIHAR_2024_09_27,2024-09-27,NRSC_Sentinel1A
26.25,87.85,1.2299999594688416,12.774999678134918,27.199999392032623,61.27999836206436,141.989996612072,0.0,0,BIHAR_2024_09_27,2024-09-27,NRSC_Sentinel1A
26.25,87.95,1.2999999523162842,14.554999351501465,31.91499876976013,64.95999801158905,141.98999679088593,0.0,0,BIHAR_2024_09_27,2024-09-27,NRSC_Sentinel1A
26.25,88.049995,0.8599999845027924,11.759999603033066,38.83999928832054,70.95499870181084,136.0249972641468,0.0,0,BIHAR_2024_09_27,2024-09-27,NRSC_Sentinel1A
26.25,88.15,1.2699999511241913,11.96499964594841,41.28999921679497,70.63999864459038,129.98499754071236,0.0,0,BIHAR_2024_09_27,2024-09-27,NRSC_Sentinel1A
26.25,88.25,1.809999942779541,13.839999675750732,45.0699987411499,70.41499841213226,145.1449971795082,0.0,0,BIHAR_2024_09_27,2024-09-27,NRSC_Sentinel1A
26.25,88.35,2.194999992847442,13.099999845027924,37.92499965429306,61.60999953746796,131.71499812602997,0.0,0,BIHAR_2024_09_27,2024-09-27,NRSC_Sentinel1A
26.25,88.45,2.939999938011169,13.859999775886536,36.98499929904938,57.99999865889549,134.3499970138073,0.0,0,BIHAR_2024_09_27,2024-09-27,NRSC_Sentinel1A
26.349998,83.049995,0.3999999910593033,0.7149999812245369,0.7949999794363976,2.334999926388264,61.309998864308,0.0,0,BIHAR_2024_09_27,2024-09-27,NRSC_Sentinel1A
26.349998,83.15,0.1699999943375587,0.3249999899417162,0.3249999899417162,2.8399999607354403,56.13499886356294,0.0,0,BIHAR_2024_09_27,2024-09-27,NRSC_Sentinel1A
26.349998,83.25,0.0549999978393316,0.18499999307096,0.18499999307096,4.184999955818057,54.94499876536429,0.0,0,BIHAR_2024_09_27,2024-09-27,NRSC_Sentinel1A
26.349998,83.35,0.0499999998137354,0.1200000001117587,0.1200000001117587,4.249999898485839,50.56999919097871,0.0,0,BIHAR_2024_09_27,2024-09-27,NRSC_Sentinel1A
26.349998,83.45,0.0449999989941716,0.0449999989941716,0.0449999989941716,4.354999986477196,42.7899991394952,0.0,0,BIHAR_2024_09_27,2024-09-27,NRSC_Sentinel1A
26.349998,83.549995,0.0399999991059303,0.0399999991059303,0.0399999991059303,5.3249998688697815,39.5399991646409,0.0,0,BIHAR_2024_09_27,2024-09-27,NRSC_Sentinel1A
26.349998,83.65,0.044999998062849,0.044999998062849,0.044999998062849,4.979999881237745,36.719998981803656,0.0,0,BIHAR_2024_09_27,2024-09-27,NRSC_Sentinel1A
26.349998,83.75,0.1099999956786632,0.1099999956786632,0.1099999956786632,3.194999936968088,37.72499913349748,0.0,0,BIHAR_2024_09_27,2024-09-27,NRSC_Sentinel1A
26.349998,83.85,0.1799999922513961,0.1799999922513961,0.1799999922513961,2.599999941885472,39.55499916523695,0.0,0,BIHAR_2024_09_27,2024-09-27,NRSC_Sentinel1A
26.349998,83.95,0.1499999985098838,0.1499999985098838,0.1499999985098838,3.4099999368190765,41.229999005794525,0.0,0,BIHAR_2024_09_27,2024-09-27,NRSC_Sentinel1A
26.349998,84.049995,0.1400000005960464,0.1400000005960464,0.1400000005960464,6.214999854564667,55.324999168515205,0.0,0,BIHAR_2024_09_27,2024-09-27,NRSC_Sentinel1A
26.349998,84.15,0.1649999916553497,0.1649999916553497,0.1649999916553497,7.294999837875366,58.60499884188175,0.0,0,BIHAR_2024_09_27,2024-09-27,NRSC_Sentinel1A
26.349998,84.25,0.1599999964237213,0.2349999919533729,0.2349999919533729,10.10499981790781,54.98499885946512,0.0,0,BIHAR_2024_09_27,2024-09-27,NRSC_Sentinel1A
26.349998,84.35,0.0649999976158142,0.209999993443489,0.209999993443489,11.789999723434448,71.0949978902936,0.0,0,BIHAR_2024_09_27,2024-09-27,NRSC_Sentinel1A
26.349998,84.45,0.1099999956786632,0.3399999849498272,0.3399999849498272,6.659999821335077,48.19499875232577,0.0,0,BIHAR_2024_09_27,2024-09-27,NRSC_Sentinel1A
26.349998,84.549995,0.1399999931454658,0.3749999850988388,0.3799999849870801,4.8649999322369695,42.55999906826764,0.0,0,BIHAR_2024_09_27,2024-09-27,NRSC_Sentinel1A
26.349998,84.65,0.1349999979138374,0.3549999892711639,0.8449999690055847,5.579999879002571,35.874999061226845,0.0,0,BIHAR_2024_09_27,2024-09-27,NRSC_Sentinel1A
26.349998,84.75,0.1400000005960464,0.3699999898672104,1.0399999767541883,5.60999983549118,31.00499959290028,0.0,0,BIHAR_2024_09_27,2024-09-27,NRSC_Sentinel1A
26.349998,84.85,0.1299999952316284,0.3449999876320362,1.2949999570846558,5.234999872744083,25.85999945178628,0.0,0,BIHAR_2024_09_27,2024-09-27,NRSC_Sentinel1A
26.349998,84.95,0.1499999910593032,0.3049999848008156,1.4199999496340752,5.349999852478504,23.88999928627163,0.0,0,BIHAR_2024_09_27,2024-09-27,NRSC_Sentinel1A
26.349998,85.049995,0.1200000010430812,0.3349999971687794,2.0349999256432056,6.329999897629023,15.174999687820671,0.0,0,BIHAR_2024_09_27,2024-09-27,NRSC_Sentinel1A
26.349998,85.15,0.1449999958276748,0.5149999931454659,2.43999994546175,6.469999792985618,12.109999670647085,0.0,0,BIHAR_2024_09_27,2024-09-27,NRSC_Sentinel1A
26.349998,85.25,0.1249999981373548,0.3699999880045652,4.149999869987369,10.15999982599169,14.169999643228948,0.0,0,BIHAR_2024_09_27,2024-09-27,NRSC_Sentinel1A
26.349998,85.35,0.1099999975413084,0.1999999936670065,5.069999868050218,10.904999563470485,15.3649993930012,0.0,0,BIHAR_2024_09_27,2024-09-27,NRSC_Sentinel1A
26.349998,85.45,0.0749999955296516,0.1399999931454658,7.950000010430813,14.4899998344481,21.864999562501907,0.0,0,BIHAR_2024_09_27,2024-09-27,NRSC_Sentinel1A
26.349998,85.549995,0.0649999976158142,0.1299999952316284,8.079999893903732,17.04499977827072,27.979999508708715,0.0,0,BIHAR_2024_09_27,2024-09-27,NRSC_Sentinel1A
26.349998,85.65,0.0700000002980232,0.2299999929964542,9.374999944120646,20.10499973967672,33.47999947145581,0.0,0,BIHAR_2024_09_27,2024-09-27,NRSC_Sentinel1A
26.349998,85.75,0.0749999955296516,0.2649999856948852,7.234999939799309,18.59999968111515,36.709999196231365,0.0,0,BIHAR_2024_09_27,2024-09-27,NRSC_Sentinel1A
26.349998,85.85,0.0799999982118606,0.4399999976158142,7.279999867081642,18.67999954521656,38.89999906718731,0.0,0,BIHAR_2024_09_27,2024-09-27,NRSC_Sentinel1A
26.349998,85.95,0.1599999964237213,2.0849999533966184,9.38999978173524,24.349999208934605,48.03999875951558,0.0,0,BIHAR_2024_09_27,2024-09-27,NRSC_Sentinel1A
26.349998,86.049995,0.1649999916553497,2.289999894797802,10.10999981313944,27.19999933987856,56.94499880820513,0.0,0,BIHAR_2024_09_27,2024-09-27,NRSC_Sentinel1A
26.349998,86.15,0.0350000001490116,2.359999943524599,9.574999768286943,32.92499913647771,66.63999872282147,0.0,0,BIHAR_2024_09_27,2024-09-27,NRSC_Sentinel1A
26.349998,86.25,0.1049999967217445,4.784999914467335,12.844999827444552,39.004999078810215,76.32999832555652,0.0,0,BIHAR_2024_09_27,2024-09-27,NRSC_Sentinel1A
26.349998,86.35,0.3899999856948852,5.089999794960022,12.704999536275864,40.25999864935875,76.41499776300043,0.0,0,BIHAR_2024_09_27,2024-09-27,NRSC_Sentinel1A
26.349998,86.45,0.3649999797344208,5.229999780654907,14.424999594688416,45.78499919176102,73.0649985074997,0.0,0,BIHAR_2024_09_27,2024-09-27,NRSC_Sentinel1A
26.349998,86.549995,0.5600000023841858,9.03499972820282,18.169999659061432,49.169999182224274,79.42999817058444,0.0,0,BIHAR_2024_09_27,2024-09-27,NRSC_Sentinel1A
26.349998,86.65,0.5449999868869781,9.409999758005142,19.429999381303787,49.26499858498573,76.47999785467982,0.0,0,BIHAR_2024_09_27,2024-09-27,NRSC_Sentinel1A
26.349998,86.75,0.4199999868869781,8.339999705553055,16.409999400377274,44.179998606443405,85.25999770499766,0.0,0,BIHAR_2024_09_27,2024-09-27,NRSC_Sentinel1A
26.349998,86.85,0.5549999922513962,9.239999935030935,16.489999815821648,46.36999909579754,88.14499876275659,0.0,0,BIHAR_2024_09_27,2024-09-27,NRSC_Sentinel1A
26.349998,86.95,0.4749999791383743,7.864999666810036,14.53999949991703,46.56499837338925,83.77999792993069,0.0,0,BIHAR_2024_09_27,2024-09-27,NRSC_Sentinel1A
26.349998,87.049995,0.6599999964237213,9.374999910593033,17.949999541044235,51.02999910712242,101.8349978029728,0.0,0,BIHAR_2024_09_27,2024-09-27,NRSC_Sentinel1A
26.349998,87.15,0.2199999988079071,5.179999977350235,15.144999653100967,37.2399990260601,96.9099979698658,0.0,0,BIHAR_2024_09_27,2024-09-27,NRSC_Sentinel1A
26.349998,87.25,0.2349999919533729,5.46499977260828,15.224999763071535,43.66499946266413,133.07499764114618,0.0,0,BIHAR_2024_09_27,2024-09-27,NRSC_Sentinel1A
26.349998,87.35,0.2449999973177909,5.895000003278256,17.439999721944332,44.04499914497137,137.274996958673,0.0,0,BIHAR_2024_09_27,2024-09-27,NRSC_Sentinel1A
26.349998,87.45,0.2349999919533729,6.149999834597111,18.009999312460423,42.85499874502421,152.6499958410859,0.0,0,BIHAR_2024_09_27,2024-09-27,NRSC_Sentinel1A
26.349998,87.549995,1.199999988079071,13.98499995470047,26.16999989002943,52.92999940365553,151.90499775856733,0.0,0,BIHAR_2024_09_27,2024-09-27,NRSC_Sentinel1A
26.349998,87.65,1.149999976158142,12.369999766349792,23.94499957561493,57.35499906539917,164.86999678611755,0.0,0,BIHAR_2024_09_27,2024-09-27,NRSC_Sentinel1A
26.349998,87.75,1.1549999713897705,12.344999551773071,24.47999930381775,60.62499809265137,158.36999535560608,0.0,0,BIHAR_2024_09_27,2024-09-27,NRSC_Sentinel1A
26.349998,87.85,1.1899999976158142,12.48499983549118,29.20499914884568,63.114998281002045,151.81499582529068,0.0,0,BIHAR_2024_09_27,2024-09-27,NRSC_Sentinel1A
26.349998,87.95,1.1949999928474426,13.374999821186066,30.374999582767487,64.37999874353409,153.09999614953995,0.0,0,BIHAR_2024_09_27,2024-09-27,NRSC_Sentinel1A
26.349998,88.049995,0.9549999833106996,10.999999940395355,35.224999606609344,71.47999888658524,147.63499742746353,0.0,0,BIHAR_2024_09_27,2024-09-27,NRSC_Sentinel1A
26.349998,88.15,1.4249999523162842,16.219999313354492,48.259998083114624,78.1749975681305,144.01999592781067,0.0,0,BIHAR_2024_09_27,2024-09-27,NRSC_Sentinel1A
26.349998,88.25,1.25,15.079999566078186,46.834999203681946,74.29999876022339,155.52499628067017,0.0,0,BIHAR_2024_09_27,2024-09-27,NRSC_Sentinel1A
26.349998,88.35,1.6900000274181366,12.084999769926071,38.859999388456345,63.56999894976616,143.03499767184258,0.0,0,BIHAR_2024_09_27,2024-09-27,NRSC_Sentinel1A
26.349998,88.45,2.6799999475479126,13.299999594688416,36.8749989271164,59.74999862909317,134.73999732732773,0.0,0,BIHAR_2024_09_27,2024-09-27,NRSC_Sentinel1A
26.449999,83.049995,0.189999995753169,0.4149999897927046,0.4899999853223562,3.2349998857825994,56.77999849431217,0.0,0,BIHAR_2024_09_27,2024-09-27,NRSC_Sentinel1A
26.449999,83.15,0.1049999985843896,0.3149999938905239,0.3149999938905239,5.569999732077122,56.50999852269888,0.0,0,BIHAR_2024_09_27,2024-09-27,NRSC_Sentinel1A
26.449999,83.25,0.0849999981001019,0.3149999873712659,0.3149999873712659,5.464999874122441,47.83499858994037,0.0,0,BIHAR_2024_09_27,2024-09-27,NRSC_Sentinel1A
26.449999,83.35,0.0899999979883432,0.3399999905377626,0.3399999905377626,7.854999842122197,43.5849993173033,0.0,0,BIHAR_2024_09_27,2024-09-27,NRSC_Sentinel1A
26.449999,83.45,0.0649999985471367,0.1749999942258,0.1749999942258,6.199999869801104,42.0949988598004,0.0,0,BIHAR_2024_09_27,2024-09-27,NRSC_Sentinel1A
26.449999,83.549995,0.0649999976158142,0.1349999941885471,0.1349999941885471,4.894999872893095,41.01999940350652,0.0,0,BIHAR_2024_09_27,2024-09-27,NRSC_Sentinel1A
26.449999,83.65,0.0649999976158142,0.1049999967217445,0.1049999967217445,4.669999919831753,39.77999913692474,0.0,0,BIHAR_2024_09_27,2024-09-27,NRSC_Sentinel1A
26.449999,83.75,0.1049999985843896,0.1049999985843896,0.1049999985843896,3.669999914243817,39.52499891258776,0.0,0,BIHAR_2024_09_27,2024-09-27,NRSC_Sentinel1A
26.449999,83.85,0.1400000005960464,0.1400000005960464,0.1400000005960464,2.429999954998493,41.00999900698662,0.0,0,BIHAR_2024_09_27,2024-09-27,NRSC_Sentinel1A
26.449999,83.95,0.1449999958276748,0.1449999958276748,0.1449999958276748,2.214999940246344,46.98999885842204,0.0,0,BIHAR_2024_09_27,2024-09-27,NRSC_Sentinel1A
26.449999,84.049995,0.1749999932944774,0.1749999932944774,0.2699999921023845,4.189999874681234,54.869998555630445,0.0,0,BIHAR_2024_09_27,2024-09-27,NRSC_Sentinel1A
26.449999,84.15,0.3700000047683716,0.3700000047683716,0.3700000047683716,6.839999943971634,57.819999039173126,0.0,0,BIHAR_2024_09_27,2024-09-27,NRSC_Sentinel1A
26.449999,84.25,0.3099999949336052,0.4649999961256981,0.4649999961256981,8.124999932944775,54.90499863773584,0.0,0,BIHAR_2024_09_27,2024-09-27,NRSC_Sentinel1A
26.449999,84.35,0.1499999985098838,0.3749999925494194,0.3749999925494194,7.659999825060368,60.66999810189009,0.0,0,BIHAR_2024_09_27,2024-09-27,NRSC_Sentinel1A
26.449999,84.45,0.1349999941885471,0.4299999885261059,0.4299999885261059,6.159999817609787,48.31999871134758,0.0,0,BIHAR_2024_09_27,2024-09-27,NRSC_Sentinel1A
26.449999,84.549995,0.1199999973177909,0.3899999894201755,0.3899999894201755,5.769999854266644,46.46499873697758,0.0,0,BIHAR_2024_09_27,2024-09-27,NRSC_Sentinel1A
26.449999,84.65,0.0849999971687793,0.3649999871850014,0.5299999788403511,6.754999838769436,42.03499932587147,0.0,0,BIHAR_2024_09_27,2024-09-27,NRSC_Sentinel1A
26.449999,84.75,0.1149999983608722,0.3799999915063381,0.8949999772012234,5.20999975129962,33.76999915763736,0.0,0,BIHAR_2024_09_27,2024-09-27,NRSC_Sentinel1A
26.449999,84.85,0.1299999952316284,0.41499999538064,0.9699999876320362,6.274999788962305,28.944999327883124,0.0,0,BIHAR_2024_09_27,2024-09-27,NRSC_Sentinel1A
26.449999,84.95,0.1449999958276748,0.3999999947845936,1.3499999828636646,6.32499985396862,23.94499928690493,0.0,0,BIHAR_2024_09_27,2024-09-27,NRSC_Sentinel1A
26.449999,85.049995,0.0700000002980232,0.3349999934434891,1.414999946951866,7.359999824315309,15.129999790340662,0.0,0,BIHAR_2024_09_27,2024-09-27,NRSC_Sentinel1A
26.449999,85.15,0.0700000002980232,0.3649999871850014,1.8899999931454656,8.12999987974763,13.119999721646307,0.0,0,BIHAR_2024_09_27,2024-09-27,NRSC_Sentinel1A
26.449999,85.25,0.0700000002980232,0.4099999964237213,2.544999895617366,10.179999778047204,16.159999636001885,0.0,0,BIHAR_2024_09_27,2024-09-27,NRSC_Sentinel1A
26.449999,85.35,0.0649999976158142,0.2149999961256981,3.1299998592585325,10.469999691471456,16.204999591223896,0.0,0,BIHAR_2024_09_27,2024-09-27,NRSC_Sentinel1A
26.449999,85.45,0.0599999986588954,0.169999998062849,3.800000037997961,11.32499999180436,19.419999800622463,0.0,0,BIHAR_2024_09_27,2024-09-27,NRSC_Sentinel1A
26.449999,85.549995,0.0599999986588954,0.0849999981001019,3.949999828822911,13.294999499805272,26.78999916929752,0.0,0,BIHAR_2024_09_27,2024-09-27,NRSC_Sentinel1A
26.449999,85.65,0.0599999986588954,0.1149999983608722,4.684999834746122,14.59999967738986,33.52499904111028,0.0,0,BIHAR_2024_09_27,2024-09-27,NRSC_Sentinel1A
26.449999,85.75,0.0700000002980232,0.1349999979138374,3.729999825358391,13.534999683499336,34.78999910131097,0.0,0,BIHAR_2024_09_27,2024-09-27,NRSC_Sentinel1A
26.449999,85.85,0.0649999976158142,0.2649999894201755,4.069999847561121,14.07999949529767,35.57999897375703,0.0,0,BIHAR_2024_09_27,2024-09-27,NRSC_Sentinel1A
26.449999,85.95,0.0,1.2799999490380287,6.4599998742342,24.334999576210976,48.20999922603369,0.0,0,BIHAR_2024_09_27,2024-09-27,NRSC_Sentinel1A
26.449999,86.049995,0.0,1.4849999621510506,7.71499977260828,29.059999264776707,58.414998929947615,0.0,0,BIHAR_2024_09_27,2024-09-27,NRSC_Sentinel1A
26.449999,86.15,0.0999999940395355,1.559999942779541,9.294999957084656,38.4499990940094,73.76999858021736,0.0,0,BIHAR_2024_09_27,2024-09-27,NRSC_Sentinel1A
26.449999,86.25,0.1149999946355819,5.109999760985375,13.339999690651894,46.61999870836735,85.15499778091908,0.0,0,BIHAR_2024_09_27,2024-09-27,NRSC_Sentinel1A
26.449999,86.35,0.324999988079071,5.640000015497208,13.50499977171421,52.39999963343144,90.24499937333168,0.0,0,BIHAR_2024_09_27,2024-09-27,NRSC_Sentinel1A
26.449999,86.45,0.3299999833106994,5.999999850988388,14.989999562501907,54.59499856829643,89.60999821126461,0.0,0,BIHAR_2024_09_27,2024-09-27,NRSC_Sentinel1A
26.449999,86.549995,0.1149999946355819,2.339999948628247,10.529999886639416,50.06999955046922,100.17499876488,0.0,0,BIHAR_2024_09_27,2024-09-27,NRSC_Sentinel1A
26.449999,86.65,0.1199999973177909,2.1949999798089266,12.76999987848103,48.30499859340489,96.3199978005141,0.0,0,BIHAR_2024_09_27,2024-09-27,NRSC_Sentinel1A
26.449999,86.75,0.1099999994039535,1.8099999874830248,9.10999970138073,39.44999913871288,105.41499714553356,0.0,0,BIHAR_2024_09_27,2024-09-27,NRSC_Sentinel1A
26.449999,86.85,0.2299999892711639,4.194999918341637,10.404999688267708,40.33999873697758,108.53499703109264,0.0,0,BIHAR_2024_09_27,2024-09-27,NRSC_Sentinel1A
26.449999,86.95,0.2199999988079071,3.969999819993973,12.994999766349792,44.25999915599823,122.08999824523926,0.0,0,BIHAR_2024_09_27,2024-09-27,NRSC_Sentinel1A
26.449999,87.049995,0.2699999958276748,5.509999826550484,14.704999580979347,39.064998880028725,109.50499792397022,0.0,0,BIHAR_2024_09_27,2024-09-27,NRSC_Sentinel1A
26.449999,87.15,0.3049999922513962,6.679999843239784,19.6599995046854,44.98499895632267,122.40999771654606,0.0,0,BIHAR_2024_09_27,2024-09-27,NRSC_Sentinel1A
26.449999,87.25,0.2799999862909317,6.319999799132347,18.11499939858913,46.5999988168478,141.10999642312527,0.0,0,BIHAR_2024_09_27,2024-09-27,NRSC_Sentinel1A
26.449999,87.35,0.2749999985098839,6.580000035464764,19.02999954670668,47.694998912513256,149.36499577015638,0.0,0,BIHAR_2024_09_27,2024-09-27,NRSC_Sentinel1A
26.449999,87.45,0.2649999931454658,6.384999819099903,20.22499967366457,48.3849992826581,149.54499746114016,0.0,0,BIHAR_2024_09_27,2024-09-27,NRSC_Sentinel1A
26.449999,87.549995,0.1349999960511922,5.4299999084323645,19.559999546036124,47.46499904058874,143.82499637268484,0.0,0,BIHAR_2024_09_27,2024-09-27,NRSC_Sentinel1A
26.449999,87.65,1.0549999475479126,11.199999809265137,24.059999465942383,57.89999878406525,153.92999756336212,0.0,0,BIHAR_2024_09_27,2024-09-27,NRSC_Sentinel1A
26.449999,87.75,0.9949999749660492,10.575000017881392,22.704999774694443,58.49999901652336,142.0649970471859,0.0,0,BIHAR_2024_09_27,2024-09-27,NRSC_Sentinel1A
26.449999,87.85,1.4799999594688416,13.95999938249588,31.754998862743378,64.72999864816666,142.92999655008316,0.0,0,BIHAR_2024_09_27,2024-09-27,NRSC_Sentinel1A
26.449999,87.95,1.4799999594688416,13.619999706745148,27.574999272823334,56.294998466968536,132.35499745607376,0.0,0,BIHAR_2024_09_27,2024-09-27,NRSC_Sentinel1A
26.449999,88.049995,1.4799999594688416,14.339999735355375,32.759999334812164,62.83999890089035,138.73999673128128,0.0,0,BIHAR_2024_09_27,2024-09-27,NRSC_Sentinel1A
26.449999,88.15,1.519999921321869,15.564999401569366,42.97499877214432,73.53499752283096,136.829996407032,0.0,0,BIHAR_2024_09_27,2024-09-27,NRSC_Sentinel1A
26.449999,88.25,1.4950000047683716,15.989999413490295,45.1249989271164,74.03499829769135,135.50999677181244,0.0,0,BIHAR_2024_09_27,2024-09-27,NRSC_Sentinel1A
26.449999,88.35,1.0649999976158142,12.51999980211258,38.58499890565872,65.91499823331833,120.82999724149704,0.0,0,BIHAR_2024_09_27,2024-09-27,NRSC_Sentinel1A
26.449999,88.45,0.3349999934434891,8.099999740719795,33.479999616742134,59.20499946177006,113.30999852716924,0.0,0,BIHAR_2024_09_27,2024-09-27,NRSC_Sentinel1A
26.55,83.049995,0.150000000372529,0.3899999931454658,0.5099999867379665,2.3499999530613422,54.44499882683158,0.0,0,BIHAR_2024_09_27,2024-09-27,NRSC_Sentinel1A
26.55,83.15,0.1750000016763806,0.3949999948963523,0.4649999951943755,3.28500001039356,51.06499880086631,0.0,0,BIHAR_2024_09_27,2024-09-27,NRSC_Sentinel1A
26.55,83.25,0.1849999921396374,0.3549999902024865,0.4249999905005097,4.78999984357506,48.26499866787344,0.0,0,BIHAR_2024_09_27,2024-09-27,NRSC_Sentinel1A
26.55,83.35,0.1449999995529651,0.2499999962747097,0.3199999965727329,6.009999874979258,41.73999893292785,0.0,0,BIHAR_2024_09_27,2024-09-27,NRSC_Sentinel1A
26.55,83.45,0.0999999986961484,0.1299999980255961,0.1299999980255961,3.929999902844429,40.88999933004379,0.0,0,BIHAR_2024_09_27,2024-09-27,NRSC_Sentinel1A
26.55,83.549995,0.1400000005960464,0.1400000005960464,0.1400000005960464,4.284999817609787,41.97999890893698,0.0,0,BIHAR_2024_09_27,2024-09-27,NRSC_Sentinel1A
26.55,83.65,0.209999993443489,0.209999993443489,0.209999993443489,4.794999912381172,45.54499884694815,0.0,0,BIHAR_2024_09_27,2024-09-27,NRSC_Sentinel1A
26.55,83.75,0.2149999886751175,0.2149999886751175,0.2149999886751175,4.009999871253967,39.30999909713864,0.0,0,BIHAR_2024_09_27,2024-09-27,NRSC_Sentinel1A
26.55,83.85,0.1099999956786632,0.1099999956786632,0.1099999956786632,2.4249999560415745,41.41999903693795,0.0,0,BIHAR_2024_09_27,2024-09-27,NRSC_Sentinel1A
26.55,83.95,0.1449999995529651,0.1449999995529651,0.1449999995529651,3.4649998918175697,52.97499915212393,0.0,0,BIHAR_2024_09_27,2024-09-27,NRSC_Sentinel1A
26.55,84.049995,0.484999980777502,0.484999980777502,0.5749999769032001,4.67499990388751,54.66999885812402,0.0,0,BIHAR_2024_09_27,2024-09-27,NRSC_Sentinel1A
26.55,84.15,0.8349999748170376,0.8349999748170376,0.9249999709427356,5.034999825060368,51.80999902635813,0.0,0,BIHAR_2024_09_27,2024-09-27,NRSC_Sentinel1A
26.55,84.25,0.7049999833106995,0.9149999767541884,0.9149999767541884,4.879999860189855,46.954998969100416,0.0,0,BIHAR_2024_09_27,2024-09-27,NRSC_Sentinel1A
26.55,84.35,0.2399999946355819,0.5449999943375587,0.5449999943375587,3.614999897778034,49.57499922066927,0.0,0,BIHAR_2024_09_27,2024-09-27,NRSC_Sentinel1A
26.55,84.45,0.125,0.3949999883770942,0.3949999883770942,3.539999846369028,43.81499879434705,0.0,0,BIHAR_2024_09_27,2024-09-27,NRSC_Sentinel1A
26.55,84.549995,0.0999999940395355,0.3599999882280826,0.3599999882280826,5.049999827519059,37.96999909169972,0.0,0,BIHAR_2024_09_27,2024-09-27,NRSC_Sentinel1A
26.55,84.65,0.0649999976158142,0.3499999903142452,0.3499999903142452,7.9799998216331005,40.92499894276261,0.0,0,BIHAR_2024_09_27,2024-09-27,NRSC_Sentinel1A
26.55,84.75,0.059999999590218,0.3199999937787652,0.6899999985471368,6.934999835677445,35.46999950800091,0.0,0,BIHAR_2024_09_27,2024-09-27,NRSC_Sentinel1A
26.55,84.85,0.1099999956786632,0.4249999858438968,0.844999972730875,8.264999818056822,35.08999930229038,0.0,0,BIHAR_2024_09_27,2024-09-27,NRSC_Sentinel1A
26.55,84.95,0.0649999976158142,0.3399999840185046,0.9749999744817616,8.13499980699271,24.56499954592437,0.0,0,BIHAR_2024_09_27,2024-09-27,NRSC_Sentinel1A
26.55,85.049995,0.0700000002980232,0.3799999877810478,1.0749999806284904,8.154999792575836,17.164999602362514,0.0,0,BIHAR_2024_09_27,2024-09-27,NRSC_Sentinel1A
26.55,85.15,0.0649999976158142,0.3649999946355819,1.3949999660253525,8.659999765455723,14.70999961346388,0.0,0,BIHAR_2024_09_27,2024-09-27,NRSC_Sentinel1A
26.55,85.25,0.0599999986588954,0.3899999856948852,1.5949999243021011,10.889999642968178,16.294999472796917,0.0,0,BIHAR_2024_09_27,2024-09-27,NRSC_Sentinel1A
26.55,85.35,0.0599999986588954,0.2749999947845936,2.059999991208315,10.10499982908368,20.07499958667904,0.0,0,BIHAR_2024_09_27,2024-09-27,NRSC_Sentinel1A
26.55,85.45,0.0549999997019767,0.2249999977648258,1.839999932795763,10.394999746233225,22.59499943256378,0.0,0,BIHAR_2024_09_27,2024-09-27,NRSC_Sentinel1A
26.55,85.549995,0.0599999986588954,0.1549999993294477,1.770000008866191,11.199999703094363,28.579999400302768,0.0,0,BIHAR_2024_09_27,2024-09-27,NRSC_Sentinel1A
26.55,85.65,0.0599999986588954,0.1199999973177909,2.394999973475933,12.709999732673168,32.224999180063605,0.0,0,BIHAR_2024_09_27,2024-09-27,NRSC_Sentinel1A
26.55,85.75,0.0549999997019767,0.1699999943375587,3.059999957680702,14.294999718666077,33.33499959483743,0.0,0,BIHAR_2024_09_27,2024-09-27,NRSC_Sentinel1A
26.55,85.85,0.0549999997019767,0.2299999967217445,3.164999909698963,14.70499961823225,35.98499920219183,0.0,0,BIHAR_2024_09_27,2024-09-27,NRSC_Sentinel1A
26.55,85.95,0.0700000002980232,0.7749999910593033,4.134999930858612,23.41999918222428,50.01999834924936,0.0,0,BIHAR_2024_09_27,2024-09-27,NRSC_Sentinel1A
26.55,86.049995,0.0749999955296516,1.1749999523162842,5.69999985396862,28.46499948203564,64.75999857485294,0.0,0,BIHAR_2024_09_27,2024-09-27,NRSC_Sentinel1A
26.55,86.15,0.0700000002980232,0.7249999642372131,7.364999890327454,38.649999380111694,83.21499794721603,0.0,0,BIHAR_2024_09_27,2024-09-27,NRSC_Sentinel1A
26.55,86.25,0.0799999982118606,0.9450000002980232,9.08499976247549,40.97499855607748,84.65999736636877,0.0,0,BIHAR_2024_09_27,2024-09-27,NRSC_Sentinel1A
26.55,86.35,0.0850000008940696,1.0500000044703484,7.644999898970127,41.77999917417765,86.80999834090471,0.0,0,BIHAR_2024_09_27,2024-09-27,NRSC_Sentinel1A
26.55,86.45,0.0,1.1299999952316284,8.634999841451645,48.769998639822006,83.28999775648117,0.0,0,BIHAR_2024_09_27,2024-09-27,NRSC_Sentinel1A
26.55,86.549995,0.089999996125698,1.8749999776482584,9.249999769032,46.46999872475863,90.80499789863823,0.0,0,BIHAR_2024_09_27,2024-09-27,NRSC_Sentinel1A
26.55,86.65,0.0799999982118606,2.1799999326467514,10.994999811053276,45.48499856889248,89.88999730348587,0.0,0,BIHAR_2024_09_27,2024-09-27,NRSC_Sentinel1A
26.55,86.75,0.0850000008940696,1.844999906606972,7.839999911375344,35.42499923426658,88.63499781209975,0.0,0,BIHAR_2024_09_27,2024-09-27,NRSC_Sentinel1A
26.55,86.85,0.1799999922513961,4.084999941289425,13.09999980777502,37.59999909251928,106.80999740213156,0.0,0,BIHAR_2024_09_27,2024-09-27,NRSC_Sentinel1A
26.55,86.95,0.0799999982118606,1.584999918937683,12.094999611377716,32.71999913454056,101.03499755263329,0.0,0,BIHAR_2024_09_27,2024-09-27,NRSC_Sentinel1A
26.55,87.049995,0.0700000002980232,1.5599999204277992,12.144999600946903,29.304999388754368,101.74999753385782,0.0,0,BIHAR_2024_09_27,2024-09-27,NRSC_Sentinel1A
26.55,87.15,0.4049999788403511,2.3699999153614044,12.759999483823776,29.874998718500137,102.18499675393105,0.0,0,BIHAR_2024_09_27,2024-09-27,NRSC_Sentinel1A
26.55,87.25,0.0799999982118606,1.9599999282509089,12.59999973513186,32.5899992082268,110.97499741055071,0.0,0,BIHAR_2024_09_27,2024-09-27,NRSC_Sentinel1A
26.55,87.35,0.1249999962747097,4.389999981969595,15.869999643415213,36.51499926671386,122.5649962387979,0.0,0,BIHAR_2024_09_27,2024-09-27,NRSC_Sentinel1A
26.55,87.45,0.0949999988079071,4.259999826550484,18.15999944508076,39.50999917089939,121.71499781310558,0.0,0,BIHAR_2024_09_27,2024-09-27,NRSC_Sentinel1A
26.55,87.549995,0.0850000008940696,4.659999847412109,18.394999623298645,40.86499893665314,122.0599973499775,0.0,0,BIHAR_2024_09_27,2024-09-27,NRSC_Sentinel1A
26.55,87.65,0.8849999904632568,9.46999990940094,20.3549998998642,43.44499921798706,125.96499729156494,0.0,0,BIHAR_2024_09_27,2024-09-27,NRSC_Sentinel1A
26.55,87.75,0.7450000047683716,9.62999975681305,21.35999965667725,51.14999914169312,126.05999755859376,0.0,0,BIHAR_2024_09_27,2024-09-27,NRSC_Sentinel1A
26.55,87.85,0.4799999892711639,6.584999918937683,21.48999941349029,49.59999871253967,118.91999650001526,0.0,0,BIHAR_2024_09_27,2024-09-27,NRSC_Sentinel1A
26.55,87.95,0.1949999928474426,6.239999949932098,21.67499965429306,48.44999927282333,108.68499803543092,0.0,0,BIHAR_2024_09_27,2024-09-27,NRSC_Sentinel1A
26.55,88.049995,0.3949999958276748,6.394999757409096,24.6949994713068,52.56999875605106,104.1199975758791,0.0,0,BIHAR_2024_09_27,2024-09-27,NRSC_Sentinel1A
26.55,88.15,0.6549999862909317,8.704999759793282,36.37499959766865,67.31999881565571,106.96999803185464,0.0,0,BIHAR_2024_09_27,2024-09-27,NRSC_Sentinel1A
26.55,88.25,0.6099999994039536,8.219999834895134,33.85499958693981,60.01499883830547,98.73999767005444,0.0,0,BIHAR_2024_09_27,2024-09-27,NRSC_Sentinel1A
26.55,88.35,0.4599999934434891,7.259999647736549,28.60499896109104,53.83499862253666,94.5249977260828,0.0,0,BIHAR_2024_09_27,2024-09-27,NRSC_Sentinel1A
26.55,88.45,0.2399999946355819,7.304999753832817,26.349999114871025,48.56499861180782,89.71999761462212,0.0,0,BIHAR_2024_09_27,2024-09-27,NRSC_Sentinel1A
26.65,83.049995,0.0499999970197677,0.1899999948218464,0.3149999910965562,1.0399999739602208,50.32499846536666,0.0,0,BIHAR_2024_09_27,2024-09-27,NRSC_Sentinel1A
26.65,83.15,0.0749999955296516,0.209999993443489,0.2799999937415123,1.6099999696016312,44.21499866992235,0.0,0,BIHAR_2024_09_27,2024-09-27,NRSC_Sentinel1A
26.65,83.25,0.0949999960139393,0.1549999946728348,0.1549999946728348,2.4749998981133103,36.824999186210334,0.0,0,BIHAR_2024_09_27,2024-09-27,NRSC_Sentinel1A
26.65,83.35,0.1550000011920929,0.1700000008568167,0.1700000008568167,3.624999924562872,36.24499880429357,0.0,0,BIHAR_2024_09_27,2024-09-27,NRSC_Sentinel1A
26.65,83.45,0.0949999960139393,0.1049999957904219,0.1049999957904219,4.414999893866479,37.324998980388045,0.0,0,BIHAR_2024_09_27,2024-09-27,NRSC_Sentinel1A
26.65,83.549995,0.1299999952316284,0.1299999952316284,0.1299999952316284,3.879999872297049,42.68999890983105,0.0,0,BIHAR_2024_09_27,2024-09-27,NRSC_Sentinel1A
26.65,83.65,0.2049999982118606,0.2049999982118606,0.2049999982118606,5.304999873042107,38.68499914184213,0.0,0,BIHAR_2024_09_27,2024-09-27,NRSC_Sentinel1A
26.65,83.75,0.2599999904632568,0.2599999904632568,0.2599999904632568,2.894999872893095,39.80499883741141,0.0,0,BIHAR_2024_09_27,2024-09-27,NRSC_Sentinel1A
26.65,83.85,0.0949999988079071,0.0949999988079071,0.0949999988079071,2.0549999475479126,43.38999919034541,0.0,0,BIHAR_2024_09_27,2024-09-27,NRSC_Sentinel1A
26.65,83.95,0.1400000005960464,0.1400000005960464,0.1400000005960464,4.059999879449606,50.79499915614724,0.0,0,BIHAR_2024_09_27,2024-09-27,NRSC_Sentinel1A
26.65,84.049995,0.3099999949336052,0.3099999949336052,0.3099999949336052,3.564999943599105,52.18999835662544,0.0,0,BIHAR_2024_09_27,2024-09-27,NRSC_Sentinel1A
26.65,84.15,0.6349999755620956,0.6349999755620956,0.6349999755620956,2.334999928250909,54.14499959535897,0.0,0,BIHAR_2024_09_27,2024-09-27,NRSC_Sentinel1A
26.65,84.25,0.8550000041723251,1.0499999970197678,1.0499999970197678,2.1499999798834324,42.784998778253794,0.0,0,BIHAR_2024_09_27,2024-09-27,NRSC_Sentinel1A
26.65,84.35,0.5849999710917473,0.7849999666213989,0.7849999666213989,1.6199999414384365,43.59999926388264,0.0,0,BIHAR_2024_09_27,2024-09-27,NRSC_Sentinel1A
26.65,84.45,0.1649999991059303,0.4199999906122684,0.4199999906122684,3.2049999460577965,41.8349991440773,0.0,0,BIHAR_2024_09_27,2024-09-27,NRSC_Sentinel1A
26.65,84.549995,0.0999999977648258,0.3149999901652336,0.3949999883770942,3.4649999337270856,43.00499915797264,0.0,0,BIHAR_2024_09_27,2024-09-27,NRSC_Sentinel1A
26.65,84.65,0.0599999977275729,0.2899999981746077,0.3799999943003058,6.6049997340887785,41.05999913625419,0.0,0,BIHAR_2024_09_27,2024-09-27,NRSC_Sentinel1A
26.65,84.75,0.059999999590218,0.33999998960644,0.4049999872222543,7.479999796487391,36.94999910984188,0.0,0,BIHAR_2024_09_27,2024-09-27,NRSC_Sentinel1A
26.65,84.85,0.0699999993667006,0.3499999931082129,0.4199999934062361,9.664999748580158,36.67999878339469,0.0,0,BIHAR_2024_09_27,2024-09-27,NRSC_Sentinel1A
26.65,84.95,0.0549999997019767,0.2749999966472387,0.3799999933689832,8.729999942705035,28.16499938629568,0.0,0,BIHAR_2024_09_27,2024-09-27,NRSC_Sentinel1A
26.65,85.049995,0.0599999986588954,0.3249999918043613,0.4199999906122684,8.01999968662858,21.81499930098653,0.0,0,BIHAR_2024_09_27,2024-09-27,NRSC_Sentinel1A
26.65,85.15,0.0549999997019767,0.3599999919533729,0.4949999824166298,8.779999740421772,20.59499934315681,0.0,0,BIHAR_2024_09_27,2024-09-27,NRSC_Sentinel1A
26.65,85.25,0.0499999970197677,0.3349999831989407,0.8199999677017331,9.914999787695706,21.544999522157013,0.0,0,BIHAR_2024_09_27,2024-09-27,NRSC_Sentinel1A
26.65,85.35,0.0499999970197677,0.3199999844655394,1.009999944828451,10.764999753795564,25.21999946143478,0.0,0,BIHAR_2024_09_27,2024-09-27,NRSC_Sentinel1A
26.65,85.45,0.0549999997019767,0.2550000008195638,0.4649999942630529,12.784999629482629,34.079999109730124,0.0,0,BIHAR_2024_09_27,2024-09-27,NRSC_Sentinel1A
26.65,85.549995,0.0549999997019767,0.2149999933317303,0.4749999837949872,12.944999654777348,36.86999907065183,0.0,0,BIHAR_2024_09_27,2024-09-27,NRSC_Sentinel1A
26.65,85.65,0.0499999970197677,0.2099999897181987,0.5199999921023846,10.774999659508468,33.0899994187057,0.0,0,BIHAR_2024_09_27,2024-09-27,NRSC_Sentinel1A
26.65,85.75,0.0549999997019767,0.1349999979138374,0.964999970048666,10.779999535530806,31.01999908313155,0.0,0,BIHAR_2024_09_27,2024-09-27,NRSC_Sentinel1A
26.65,85.85,0.2100000008940696,0.3299999982118606,1.5249999733641744,13.099999663420022,36.77999903727323,0.0,0,BIHAR_2024_09_27,2024-09-27,NRSC_Sentinel1A
26.65,85.95,0.4500000029802322,1.464999970048666,3.3099999390542507,19.42999973520637,50.469998847693205,0.0,0,BIHAR_2024_09_27,2024-09-27,NRSC_Sentinel1A
26.65,86.049995,0.4899999946355819,2.5699999518692493,4.724999900907278,25.899999614804983,62.97499896213412,0.0,0,BIHAR_2024_09_27,2024-09-27,NRSC_Sentinel1A
26.65,86.15,0.2699999809265136,0.6749999672174454,5.084999904036522,30.769999369978905,80.63499848544598,0.0,0,BIHAR_2024_09_27,2024-09-27,NRSC_Sentinel1A
26.65,86.25,0.0799999982118606,0.3049999922513962,5.379999831318855,32.95499928295612,88.89999802410603,0.0,0,BIHAR_2024_09_27,2024-09-27,NRSC_Sentinel1A
26.65,86.35,0.0799999982118606,0.7250000014901161,5.8799999207258224,33.834999069571495,83.67999802529812,0.0,0,BIHAR_2024_09_27,2024-09-27,NRSC_Sentinel1A
26.65,86.45,0.0,0.8249999508261681,7.8249998316168785,36.83499904721975,84.41499801725149,0.0,0,BIHAR_2024_09_27,2024-09-27,NRSC_Sentinel1A
26.65,86.549995,0.0,1.274999998509884,10.439999960362911,37.87499936670065,90.32999803870916,0.0,0,BIHAR_2024_09_27,2024-09-27,NRSC_Sentinel1A
26.65,86.65,0.1199999991804361,1.6600000001490116,11.60999983921647,38.25999910011888,94.13499850407244,0.0,0,BIHAR_2024_09_27,2024-09-27,NRSC_Sentinel1A
26.65,86.75,0.0749999955296516,1.2249999418854711,7.759999871253967,26.57499957084656,80.2849982380867,0.0,0,BIHAR_2024_09_27,2024-09-27,NRSC_Sentinel1A
26.65,86.85,0.0649999976158142,1.344999983906746,9.40499972552061,25.279998995363712,84.11999777704477,0.0,0,BIHAR_2024_09_27,2024-09-27,NRSC_Sentinel1A
26.65,86.95,0.0649999976158142,0.5449999868869781,10.464999943971634,24.38499985635281,79.46999894082546,0.0,0,BIHAR_2024_09_27,2024-09-27,NRSC_Sentinel1A
26.65,87.049995,0.0599999986588954,0.9799999706447124,11.809999894350767,25.50999952480197,93.27499748393892,0.0,0,BIHAR_2024_09_27,2024-09-27,NRSC_Sentinel1A
26.65,87.15,0.1149999983608722,2.1299999319016933,13.724999602884054,28.329999264329672,104.91999715194106,0.0,0,BIHAR_2024_09_27,2024-09-27,NRSC_Sentinel1A
26.65,87.25,0.1099999994039535,1.4499999405816195,10.679999780841172,26.26999963540584,97.54999811667948,0.0,0,BIHAR_2024_09_27,2024-09-27,NRSC_Sentinel1A
26.65,87.35,0.0,1.2299999445676804,9.914999648928642,25.75999926030636,94.9799974411726,0.0,0,BIHAR_2024_09_27,2024-09-27,NRSC_Sentinel1A
26.65,87.45,0.1349999979138374,2.81999996304512,15.464999705553057,33.639999240636826,98.58499820530416,0.0,0,BIHAR_2024_09_27,2024-09-27,NRSC_Sentinel1A
26.65,87.549995,0.2049999982118606,3.5399998798966408,16.29999939352274,36.79499892145395,107.40499702841043,0.0,0,BIHAR_2024_09_27,2024-09-27,NRSC_Sentinel1A
26.65,87.65,0.1649999916553497,5.474999904632568,17.99999988079071,42.8299994468689,105.74999859929083,0.0,0,BIHAR_2024_09_27,2024-09-27,NRSC_Sentinel1A
26.65,87.75,1.184999942779541,7.349999666213989,20.519999384880062,44.744999051094055,106.9499968290329,0.0,0,BIHAR_2024_09_27,2024-09-27,NRSC_Sentinel1A
26.65,87.85,3.2399998903274536,10.529999613761902,25.78499925136566,47.31999909877777,107.54499763250352,0.0,0,BIHAR_2024_09_27,2024-09-27,NRSC_Sentinel1A
26.65,87.95,1.5649999380111694,7.589999854564667,21.39499944448471,43.85999876260757,94.62499749660492,0.0,0,BIHAR_2024_09_27,2024-09-27,NRSC_Sentinel1A
26.65,88.049995,1.3499999642372131,7.6649996638298035,23.949999272823334,48.70999890565872,97.51499752700327,0.0,0,BIHAR_2024_09_27,2024-09-27,NRSC_Sentinel1A
26.65,88.15,1.5899999737739563,9.15999960899353,30.95499897003174,56.76499843597412,101.08999685943128,0.0,0,BIHAR_2024_09_27,2024-09-27,NRSC_Sentinel1A
26.65,88.25,0.3949999809265136,4.114999979734421,23.079999178647995,47.82499858736992,84.9799976348877,0.0,0,BIHAR_2024_09_27,2024-09-27,NRSC_Sentinel1A
26.65,88.35,0.1349999904632568,2.5099999103695154,18.69999925233424,43.74499849416316,74.36499734409153,0.0,0,BIHAR_2024_09_27,2024-09-27,NRSC_Sentinel1A
26.65,88.45,0.1649999916553497,2.064999997615814,17.814999520778656,41.13999903202057,67.50499821454287,0.0,0,BIHAR_2024_09_27,2024-09-27,NRSC_Sentinel1A
26.75,83.049995,0.0,0.0499999970197677,0.1199999973177909,0.449999988079071,48.00999905914068,0.0,0,BIHAR_2024_09_27,2024-09-27,NRSC_Sentinel1A
26.75,83.15,0.0499999970197677,0.0499999970197677,0.1199999973177909,0.7649999773129821,44.25999920722097,0.0,0,BIHAR_2024_09_27,2024-09-27,NRSC_Sentinel1A
26.75,83.25,0.0749999955296516,0.0749999955296516,0.0749999955296516,0.8649999722838402,38.56499921530485,0.0,0,BIHAR_2024_09_27,2024-09-27,NRSC_Sentinel1A
26.75,83.35,0.0949999988079071,0.0949999988079071,0.0949999988079071,1.3399999663233757,40.40499920397997,0.0,0,BIHAR_2024_09_27,2024-09-27,NRSC_Sentinel1A
26.75,83.45,0.0599999986588954,0.0599999986588954,0.0599999986588954,1.1749999821186066,44.514999638311565,0.0,0,BIHAR_2024_09_27,2024-09-27,NRSC_Sentinel1A
26.75,83.549995,0.0799999982118606,0.0799999982118606,0.0799999982118606,2.7649999409914017,47.13499865215272,0.0,0,BIHAR_2024_09_27,2024-09-27,NRSC_Sentinel1A
26.75,83.65,0.1099999994039535,0.1099999994039535,0.1099999994039535,2.999999931082129,39.01499880198389,0.0,0,BIHAR_2024_09_27,2024-09-27,NRSC_Sentinel1A
26.75,83.75,0.2149999886751175,0.2149999886751175,0.2149999886751175,2.77999996393919,41.55999843776226,0.0,0,BIHAR_2024_09_27,2024-09-27,NRSC_Sentinel1A
26.75,83.85,0.0799999982118606,0.0799999982118606,0.0799999982118606,2.419999945908785,41.28999886289239,0.0,0,BIHAR_2024_09_27,2024-09-27,NRSC_Sentinel1A
26.75,83.95,0.1349999979138374,0.1349999979138374,0.1349999979138374,2.239999918267131,46.96499894373119,0.0,0,BIHAR_2024_09_27,2024-09-27,NRSC_Sentinel1A
26.75,84.049995,0.3049999922513962,0.3049999922513962,0.3049999922513962,2.294999921694398,47.87999842502177,0.0,0,BIHAR_2024_09_27,2024-09-27,NRSC_Sentinel1A
26.75,84.15,0.3699999898672104,0.3699999898672104,0.3699999898672104,1.4399999380111694,43.66499884426594,0.0,0,BIHAR_2024_09_27,2024-09-27,NRSC_Sentinel1A
26.75,84.25,0.6299999803304672,0.7649999782443047,0.7649999782443047,1.624999962747097,39.78999863564968,0.0,0,BIHAR_2024_09_27,2024-09-27,NRSC_Sentinel1A
26.75,84.35,0.3650000058114528,0.4950000047683716,0.4950000047683716,1.4299999810755253,38.529999339953065,0.0,0,BIHAR_2024_09_27,2024-09-27,NRSC_Sentinel1A
26.75,84.45,0.2499999850988388,0.4149999842047691,0.4699999839067459,2.0149999484419823,37.68499943614006,0.0,0,BIHAR_2024_09_27,2024-09-27,NRSC_Sentinel1A
26.75,84.549995,0.1349999979138374,0.28999999538064,0.4899999909102916,2.9649999141693115,36.96499922126532,0.0,0,BIHAR_2024_09_27,2024-09-27,NRSC_Sentinel1A
26.75,84.65,0.1299999952316284,0.289999988861382,0.494999979622662,5.699999769218266,40.08999905176461,0.0,0,BIHAR_2024_09_27,2024-09-27,NRSC_Sentinel1A
26.75,84.75,0.1749999970197677,0.3899999856948852,0.4499999843537807,6.969999883323908,33.0349994469434,0.0,0,BIHAR_2024_09_27,2024-09-27,NRSC_Sentinel1A
26.75,84.85,0.0599999986588954,0.2999999932944774,0.399999987334013,9.644999977201223,32.78499923273921,0.0,0,BIHAR_2024_09_27,2024-09-27,NRSC_Sentinel1A
26.75,84.95,0.0649999976158142,0.2649999931454658,0.3249999918043613,11.029999945312738,32.55999942868948,0.0,0,BIHAR_2024_09_27,2024-09-27,NRSC_Sentinel1A
26.75,85.049995,0.1550000011920929,0.3999999929219484,0.5699999872595072,10.489999810233712,30.764999313279983,0.0,0,BIHAR_2024_09_27,2024-09-27,NRSC_Sentinel1A
26.75,85.15,0.0599999986588954,0.3399999924004078,0.6049999929964542,11.394999723881485,30.174999460577965,0.0,0,BIHAR_2024_09_27,2024-09-27,NRSC_Sentinel1A
26.75,85.25,0.1149999983608722,0.3499999903142452,0.5899999849498272,12.264999907463787,29.89999945834279,0.0,0,BIHAR_2024_09_27,2024-09-27,NRSC_Sentinel1A
26.75,85.35,0.1400000005960464,0.3949999921023845,0.4699999876320362,11.92499965801835,31.684999275952578,0.0,0,BIHAR_2024_09_27,2024-09-27,NRSC_Sentinel1A
26.75,85.45,0.1999999955296516,0.4599999934434891,0.5199999902397394,14.824999494478106,42.379999129101634,0.0,0,BIHAR_2024_09_27,2024-09-27,NRSC_Sentinel1A
26.75,85.549995,0.16499999538064,0.3149999864399433,0.3999999817460775,15.90999967418611,42.40499911271036,0.0,0,BIHAR_2024_09_27,2024-09-27,NRSC_Sentinel1A
26.75,85.65,0.1399999968707561,0.2999999905005097,0.3099999902769923,10.319999697618186,31.6249990016222,0.0,0,BIHAR_2024_09_27,2024-09-27,NRSC_Sentinel1A
26.75,85.75,0.1449999958276748,0.7149999812245369,1.159999955445528,10.459999788552524,31.51499948929996,0.0,0,BIHAR_2024_09_27,2024-09-27,NRSC_Sentinel1A
26.75,85.85,0.2299999967217445,0.9899999918416142,1.6699999766424298,11.044999693520367,38.18499897886068,0.0,0,BIHAR_2024_09_27,2024-09-27,NRSC_Sentinel1A
26.75,85.95,0.4750000089406967,2.059999912977218,3.2899999022483826,15.29999965429306,56.73999866843224,0.0,0,BIHAR_2024_09_27,2024-09-27,NRSC_Sentinel1A
26.75,86.049995,0.4999999850988388,1.8599999696016312,3.5099999010562897,18.55999967455864,68.55499893426895,0.0,0,BIHAR_2024_09_27,2024-09-27,NRSC_Sentinel1A
26.75,86.15,0.2949999868869781,0.5749999806284904,4.019999913871288,21.744999445974827,75.42999807745218,0.0,0,BIHAR_2024_09_27,2024-09-27,NRSC_Sentinel1A
26.75,86.25,0.0799999982118606,0.0999999977648258,2.8349999226629734,24.65499967709184,87.68499863520265,0.0,0,BIHAR_2024_09_27,2024-09-27,NRSC_Sentinel1A
26.75,86.35,0.0,0.0850000008940696,3.52999996393919,26.779999129474163,79.25999819487333,0.0,0,BIHAR_2024_09_27,2024-09-27,NRSC_Sentinel1A
26.75,86.45,0.0,0.0,6.109999775886536,34.039999425411224,86.01999741792679,0.0,0,BIHAR_2024_09_27,2024-09-27,NRSC_Sentinel1A
26.75,86.549995,0.0799999982118606,0.209999993443489,8.17999978363514,33.75999917089939,94.7749978750944,0.0,0,BIHAR_2024_09_27,2024-09-27,NRSC_Sentinel1A
26.75,86.65,0.3599999845027923,3.0049999952316284,12.939999967813492,39.6199993789196,98.12999749183656,0.0,0,BIHAR_2024_09_27,2024-09-27,NRSC_Sentinel1A
26.75,86.75,0.3849999830126762,2.649999924004078,5.729999832808971,30.38999908417464,87.7199971601367,0.0,0,BIHAR_2024_09_27,2024-09-27,NRSC_Sentinel1A
26.75,86.85,0.0649999976158142,1.12999995239079,6.649999784305692,22.724999563768502,65.82499845512211,0.0,0,BIHAR_2024_09_27,2024-09-27,NRSC_Sentinel1A
26.75,86.95,0.0649999976158142,1.1299999728798866,14.324999488890173,30.76999903470277,79.0199976041913,0.0,0,BIHAR_2024_09_27,2024-09-27,NRSC_Sentinel1A
26.75,87.049995,0.1049999967217445,1.4899999797344208,13.194999665021896,26.19499948620796,78.3999979197979,0.0,0,BIHAR_2024_09_27,2024-09-27,NRSC_Sentinel1A
26.75,87.15,0.2999999895691871,1.889999915845692,13.564999748952689,27.25999950338155,88.1499987738207,0.0,0,BIHAR_2024_09_27,2024-09-27,NRSC_Sentinel1A
26.75,87.25,0.0649999976158142,1.3349999859929085,10.254999704658983,23.284999437630177,84.79499799758196,0.0,0,BIHAR_2024_09_27,2024-09-27,NRSC_Sentinel1A
26.75,87.35,0.0749999955296516,1.294999971985817,8.324999883770943,18.764999583363533,74.95499928295612,0.0,0,BIHAR_2024_09_27,2024-09-27,NRSC_Sentinel1A
26.75,87.45,0.2799999974668026,2.7849999852478504,10.624999601393938,22.424999434500933,70.27999851480126,0.0,0,BIHAR_2024_09_27,2024-09-27,NRSC_Sentinel1A
26.75,87.549995,0.2249999940395355,3.429999887943268,14.379999697208405,32.729999363422394,85.33499854803085,0.0,0,BIHAR_2024_09_27,2024-09-27,NRSC_Sentinel1A
26.75,87.65,1.6399999260902405,5.469999849796295,17.45499962568283,42.084999084472656,89.96499782800674,0.0,0,BIHAR_2024_09_27,2024-09-27,NRSC_Sentinel1A
26.75,87.75,3.359999895095825,8.14499980211258,25.21999961137772,48.25999921560288,90.5899983048439,0.0,0,BIHAR_2024_09_27,2024-09-27,NRSC_Sentinel1A
26.75,87.85,3.564999938011169,8.569999754428864,21.879999458789825,40.78999900817871,85.05999806523323,0.0,0,BIHAR_2024_09_27,2024-09-27,NRSC_Sentinel1A
26.75,87.95,2.759999990463257,6.739999949932098,18.58499974012375,39.39999943971634,78.49999901652336,0.0,0,BIHAR_2024_09_27,2024-09-27,NRSC_Sentinel1A
26.75,88.049995,1.6449999809265137,4.959999829530716,17.724999457597733,40.82499870657921,75.8049978762865,0.0,0,BIHAR_2024_09_27,2024-09-27,NRSC_Sentinel1A
26.75,88.15,0.8449999988079071,4.384999990463257,19.94499969482422,43.529998898506165,77.78999808430672,0.0,0,BIHAR_2024_09_27,2024-09-27,NRSC_Sentinel1A
26.75,88.25,0.209999993443489,3.804999932646752,18.47499977052212,40.42499898374081,72.39999827742577,0.0,0,BIHAR_2024_09_27,2024-09-27,NRSC_Sentinel1A
26.75,88.35,0.209999993443489,2.419999986886978,15.114999443292618,37.659998685121536,66.35999830067158,0.0,0,BIHAR_2024_09_27,2024-09-27,NRSC_Sentinel1A
26.75,88.45,0.25,1.834999963641167,15.35999982059002,40.27499936521053,67.30999848246574,0.0,0,BIHAR_2024_09_27,2024-09-27,NRSC_Sentinel1A
26.849998,83.049995,0.0,0.0,0.0,0.3499999847263098,44.18499877117574,0.0,0,BIHAR_2024_09_27,2024-09-27,NRSC_Sentinel1A
26.849998,83.15,0.0,0.0,0.0,0.4049999937415123,46.63999873958528,0.0,0,BIHAR_2024_09_27,2024-09-27,NRSC_Sentinel1A
26.849998,83.25,0.0,0.0,0.0,0.7199999764561653,42.66999884322286,0.0,0,BIHAR_2024_09_27,2024-09-27,NRSC_Sentinel1A
26.849998,83.35,0.0,0.0,0.0,0.9149999767541884,41.9999991543591,0.0,0,BIHAR_2024_09_27,2024-09-27,NRSC_Sentinel1A
26.849998,83.45,0.0499999970197677,0.0499999970197677,0.0499999970197677,0.9349999651312828,44.45499896258116,0.0,0,BIHAR_2024_09_27,2024-09-27,NRSC_Sentinel1A
26.849998,83.549995,0.0850000008940696,0.0850000008940696,0.0850000008940696,1.1799999848008156,44.35999869927764,0.0,0,BIHAR_2024_09_27,2024-09-27,NRSC_Sentinel1A
26.849998,83.65,0.1149999946355819,0.1149999946355819,0.1149999946355819,1.6749999411404133,40.14999860525131,0.0,0,BIHAR_2024_09_27,2024-09-27,NRSC_Sentinel1A
26.849998,83.75,0.209999993443489,0.209999993443489,0.209999993443489,1.809999986551702,36.9849992338568,0.0,0,BIHAR_2024_09_27,2024-09-27,NRSC_Sentinel1A
26.849998,83.85,0.0549999997019767,0.059999999590218,0.059999999590218,1.5549999382346869,39.39999905414879,0.0,0,BIHAR_2024_09_27,2024-09-27,NRSC_Sentinel1A
26.849998,83.95,0.1199999973177909,0.2249999940395355,0.2249999940395355,1.7999999672174454,39.954998940229416,0.0,0,BIHAR_2024_09_27,2024-09-27,NRSC_Sentinel1A
26.849998,84.049995,0.2249999940395355,0.2799999937415123,0.2799999937415123,2.999999932944774,43.909999556839466,0.0,0,BIHAR_2024_09_27,2024-09-27,NRSC_Sentinel1A
26.849998,84.15,0.2899999916553497,0.3399999886751175,0.3399999886751175,1.884999944828451,41.19499859120697,0.0,0,BIHAR_2024_09_27,2024-09-27,NRSC_Sentinel1A
26.849998,84.25,0.1899999901652336,0.2649999875575304,0.2649999875575304,1.5599999651312828,39.0799989644438,0.0,0,BIHAR_2024_09_27,2024-09-27,NRSC_Sentinel1A
26.849998,84.35,0.3449999913573265,0.4599999897181988,0.4599999897181988,1.0299999751150608,38.27499882597476,0.0,0,BIHAR_2024_09_27,2024-09-27,NRSC_Sentinel1A
26.849998,84.45,0.3449999988079071,0.4749999977648258,0.5299999974668026,1.5649999920278788,34.41999909281731,0.0,0,BIHAR_2024_09_27,2024-09-27,NRSC_Sentinel1A
26.849998,84.549995,0.3399999886751175,0.4849999845027923,0.7449999712407589,2.9649999672546983,36.004999618045986,0.0,0,BIHAR_2024_09_27,2024-09-27,NRSC_Sentinel1A
26.849998,84.65,0.3249999955296516,0.4649999924004078,0.8699999786913395,4.349999990314245,39.40999938827008,0.0,0,BIHAR_2024_09_27,2024-09-27,NRSC_Sentinel1A
26.849998,84.75,0.2499999925494194,0.479999984614551,0.5899999840185046,6.539999837987125,30.999999438412488,0.0,0,BIHAR_2024_09_27,2024-09-27,NRSC_Sentinel1A
26.849998,84.85,0.0749999983236193,0.2849999917671084,0.4749999893829226,7.259999829344451,26.88999918662012,0.0,0,BIHAR_2024_09_27,2024-09-27,NRSC_Sentinel1A
26.849998,84.95,0.2599999867379665,0.409999986179173,0.5649999836459756,11.219999671913683,30.36499920953065,0.0,0,BIHAR_2024_09_27,2024-09-27,NRSC_Sentinel1A
26.849998,85.049995,0.2549999952316284,0.4449999909847975,0.6449999827891588,13.984999617561698,32.2549992967397,0.0,0,BIHAR_2024_09_27,2024-09-27,NRSC_Sentinel1A
26.849998,85.15,0.2449999898672104,0.5049999803304672,0.8649999797344208,15.56999996677041,38.189999517053366,0.0,0,BIHAR_2024_09_27,2024-09-27,NRSC_Sentinel1A
26.849998,85.25,0.044999998062849,0.3799999840557575,0.5599999763071537,13.814999725669622,38.53499935660511,0.0,0,BIHAR_2024_09_27,2024-09-27,NRSC_Sentinel1A
26.849998,85.35,0.1199999935925006,0.474999975413084,0.7899999730288982,11.86999977659434,38.414999469183385,0.0,0,BIHAR_2024_09_27,2024-09-27,NRSC_Sentinel1A
26.849998,85.45,0.1949999928474426,0.5199999883770943,0.6299999877810478,14.27999982237816,38.77499933540821,0.0,0,BIHAR_2024_09_27,2024-09-27,NRSC_Sentinel1A
26.849998,85.549995,0.1549999937415123,0.4199999831616878,0.4899999834597111,17.68999917432666,43.16499858722091,0.0,0,BIHAR_2024_09_27,2024-09-27,NRSC_Sentinel1A
26.849998,85.65,0.1449999958276748,0.4299999848008156,0.5049999803304672,11.129999570548534,31.469999190419912,0.0,0,BIHAR_2024_09_27,2024-09-27,NRSC_Sentinel1A
26.849998,85.75,0.1599999964237213,1.9849999994039536,2.189999997615814,10.469999849796295,33.17499928921461,0.0,0,BIHAR_2024_09_27,2024-09-27,NRSC_Sentinel1A
26.849998,85.85,0.1299999952316284,1.790000021457672,2.2250000163912773,8.389999844133854,39.98999921232462,0.0,0,BIHAR_2024_09_27,2024-09-27,NRSC_Sentinel1A
26.849998,85.95,0.1349999941885471,1.8699999265372755,2.4849998988211155,8.939999755471945,41.59999905154109,0.0,0,BIHAR_2024_09_27,2024-09-27,NRSC_Sentinel1A
26.849998,86.049995,0.1299999952316284,0.3549999892711639,1.4049999713897705,10.14499968290329,50.73499855399132,0.0,0,BIHAR_2024_09_27,2024-09-27,NRSC_Sentinel1A
26.849998,86.15,0.1099999994039535,0.1749999970197677,1.6799999624490738,14.429999470710754,57.0149984061718,0.0,0,BIHAR_2024_09_27,2024-09-27,NRSC_Sentinel1A
26.849998,86.25,0.0999999940395355,0.1749999895691871,2.434999965131283,17.744999445974827,62.62499820441008,0.0,0,BIHAR_2024_09_27,2024-09-27,NRSC_Sentinel1A
26.849998,86.35,0.0,0.2199999913573265,3.0849998965859413,22.219999201595783,77.70999790728092,0.0,0,BIHAR_2024_09_27,2024-09-27,NRSC_Sentinel1A
26.849998,86.45,0.0749999955296516,0.2349999919533729,4.069999851286411,29.82999960333109,81.35499808192253,0.0,0,BIHAR_2024_09_27,2024-09-27,NRSC_Sentinel1A
26.849998,86.549995,0.0949999988079071,0.3899999931454658,4.249999918043613,35.57999882847071,92.6649977490306,0.0,0,BIHAR_2024_09_27,2024-09-27,NRSC_Sentinel1A
26.849998,86.65,0.3799999952316284,3.839999943971634,11.014999896287918,42.21999904513359,102.71499773859978,0.0,0,BIHAR_2024_09_27,2024-09-27,NRSC_Sentinel1A
26.849998,86.75,0.4050000011920929,3.2399999797344208,7.879999846220016,35.02999892830849,103.33499762415886,0.0,0,BIHAR_2024_09_27,2024-09-27,NRSC_Sentinel1A
26.849998,86.85,0.1099999938160181,2.574999900534749,10.814999612048268,35.33499917574227,95.56499836035071,0.0,0,BIHAR_2024_09_27,2024-09-27,NRSC_Sentinel1A
26.849998,86.95,0.1549999974668026,1.254999989643693,20.519999558106065,44.49999918974936,100.5849973205477,0.0,0,BIHAR_2024_09_27,2024-09-27,NRSC_Sentinel1A
26.849998,87.049995,0.2049999982118606,0.7199999988079071,14.86999934911728,36.619999051094055,83.80999809503555,0.0,0,BIHAR_2024_09_27,2024-09-27,NRSC_Sentinel1A
26.849998,87.15,1.0099999904632568,1.629999965429306,16.82999986410141,36.45499938726425,87.66499820817262,0.0,0,BIHAR_2024_09_27,2024-09-27,NRSC_Sentinel1A
26.849998,87.25,0.2199999988079071,1.149999976158142,9.82999974489212,29.044999301433563,84.09999776817858,0.0,0,BIHAR_2024_09_27,2024-09-27,NRSC_Sentinel1A
26.849998,87.35,0.0700000002980232,0.9949999526143074,8.454999752342701,24.02499958127737,70.6899987384677,0.0,0,BIHAR_2024_09_27,2024-09-27,NRSC_Sentinel1A
26.849998,87.45,0.5249999761581421,3.909999847412109,16.11499959230423,28.68499956279993,61.71499843150377,0.0,0,BIHAR_2024_09_27,2024-09-27,NRSC_Sentinel1A
26.849998,87.549995,1.580000013113022,5.079999923706055,20.25499951839447,33.179999336600304,67.50999830663204,0.0,0,BIHAR_2024_09_27,2024-09-27,NRSC_Sentinel1A
26.849998,87.65,2.6799999475479126,7.319999814033508,23.15499949455261,39.49999928474426,76.34499835968018,0.0,0,BIHAR_2024_09_27,2024-09-27,NRSC_Sentinel1A
26.849998,87.75,2.419999897480011,6.789999842643738,20.639999508857727,34.78999906778336,69.13999828696251,0.0,0,BIHAR_2024_09_27,2024-09-27,NRSC_Sentinel1A
26.849998,87.85,3.119999885559082,7.354999840259552,18.21499937772751,32.014999091625214,69.1699982881546,0.0,0,BIHAR_2024_09_27,2024-09-27,NRSC_Sentinel1A
26.849998,87.95,4.684999942779541,8.224999904632568,17.78499972820282,34.7949994802475,64.51499882340431,0.0,0,BIHAR_2024_09_27,2024-09-27,NRSC_Sentinel1A
26.849998,88.049995,3.5999999344348907,6.179999858140945,17.82499960064888,36.99999895691872,64.60499796271324,0.0,0,BIHAR_2024_09_27,2024-09-27,NRSC_Sentinel1A
26.849998,88.15,3.519999921321869,6.014999836683273,18.004999607801437,41.70999917387962,69.0249987244606,0.0,0,BIHAR_2024_09_27,2024-09-27,NRSC_Sentinel1A
26.849998,88.25,1.5099999606609344,4.669999927282333,16.71999952197075,44.13999864459038,72.53999798744917,0.0,0,BIHAR_2024_09_27,2024-09-27,NRSC_Sentinel1A
26.849998,88.35,0.2949999943375587,3.464999981224537,13.104999728500845,38.55999941378832,64.5949986577034,0.0,0,BIHAR_2024_09_27,2024-09-27,NRSC_Sentinel1A
26.849998,88.45,0.1799999922513961,2.019999995827675,11.745000019669533,35.634999349713326,57.9099987745285,0.0,0,BIHAR_2024_09_27,2024-09-27,NRSC_Sentinel1A
26.949999,83.049995,0.0,0.0,0.0,0.2799999862909317,32.17999900691211,0.0,0,BIHAR_2024_09_27,2024-09-27,NRSC_Sentinel1A
26.949999,83.15,0.0,0.0,0.0,0.3500000014901161,33.704999174922705,0.0,0,BIHAR_2024_09_27,2024-09-27,NRSC_Sentinel1A
26.949999,83.25,0.0,0.0,0.0,0.4949999786913395,40.77999931946397,0.0,0,BIHAR_2024_09_27,2024-09-27,NRSC_Sentinel1A
26.949999,83.35,0.0,0.0,0.0,0.6949999779462814,39.264998722821474,0.0,0,BIHAR_2024_09_27,2024-09-27,NRSC_Sentinel1A
26.949999,83.45,0.0649999976158142,0.0649999976158142,0.0649999976158142,0.6849999688565731,39.1399993263185,0.0,0,BIHAR_2024_09_27,2024-09-27,NRSC_Sentinel1A
26.949999,83.549995,0.089999996125698,0.089999996125698,0.089999996125698,0.6749999672174454,42.25499951839447,0.0,0,BIHAR_2024_09_27,2024-09-27,NRSC_Sentinel1A
26.949999,83.65,0.0799999982118606,0.0799999982118606,0.0799999982118606,1.0199999809265137,39.40999938547611,0.0,0,BIHAR_2024_09_27,2024-09-27,NRSC_Sentinel1A
26.949999,83.75,0.1049999967217445,0.1049999967217445,0.1049999967217445,0.8949999883770943,36.58999947831035,0.0,0,BIHAR_2024_09_27,2024-09-27,NRSC_Sentinel1A
26.949999,83.85,0.125,0.4299999922513962,0.4299999922513962,0.934999980032444,33.03999915719032,0.0,0,BIHAR_2024_09_27,2024-09-27,NRSC_Sentinel1A
26.949999,83.95,0.1399999968707561,0.3549999967217445,0.3549999967217445,1.2149999625980854,36.0449991337955,0.0,0,BIHAR_2024_09_27,2024-09-27,NRSC_Sentinel1A
26.949999,84.049995,0.1349999979138374,0.2699999958276748,0.2699999958276748,2.274999938905239,38.83999920729548,0.0,0,BIHAR_2024_09_27,2024-09-27,NRSC_Sentinel1A
26.949999,84.15,0.1849999949336052,0.2349999919533729,0.2349999919533729,2.399999924004078,38.60999921057373,0.0,0,BIHAR_2024_09_27,2024-09-27,NRSC_Sentinel1A
26.949999,84.25,0.369999997317791,0.3799999970942735,0.3799999970942735,1.8349999729543924,36.364998795092106,0.0,0,BIHAR_2024_09_27,2024-09-27,NRSC_Sentinel1A
26.949999,84.35,0.3699999749660492,0.469999972730875,0.469999972730875,1.1249999729916451,32.92999945022166,0.0,0,BIHAR_2024_09_27,2024-09-27,NRSC_Sentinel1A
26.949999,84.45,0.2749999910593033,0.3899999894201755,0.3899999894201755,0.8749999729916453,34.27499913144857,0.0,0,BIHAR_2024_09_27,2024-09-27,NRSC_Sentinel1A
26.949999,84.549995,0.3349999859929085,0.5249999836087227,0.7649999745190144,1.969999941065908,33.12499904539436,0.0,0,BIHAR_2024_09_27,2024-09-27,NRSC_Sentinel1A
26.949999,84.65,0.1299999952316284,0.2249999921768903,0.7149999784305692,3.469999865628779,31.999999162741005,0.0,0,BIHAR_2024_09_27,2024-09-27,NRSC_Sentinel1A
26.949999,84.75,0.0699999993667006,0.2349999947473406,0.3499999893829226,6.554999907501042,29.42499908152968,0.0,0,BIHAR_2024_09_27,2024-09-27,NRSC_Sentinel1A
26.949999,84.85,0.125,0.2949999943375587,0.6349999830126762,7.17999979108572,25.6249995585531,0.0,0,BIHAR_2024_09_27,2024-09-27,NRSC_Sentinel1A
26.949999,84.95,0.1199999973177909,0.254999996162951,0.449999988079071,12.599999949336052,29.754999531432983,0.0,0,BIHAR_2024_09_27,2024-09-27,NRSC_Sentinel1A
26.949999,85.049995,0.2100000008940696,0.3999999947845936,0.8149999864399433,17.524999532848597,36.00999915972352,0.0,0,BIHAR_2024_09_27,2024-09-27,NRSC_Sentinel1A
26.949999,85.15,0.2949999943375587,0.7499999850988388,1.2849999722093344,18.939999708905816,40.68999937362969,0.0,0,BIHAR_2024_09_27,2024-09-27,NRSC_Sentinel1A
26.949999,85.25,0.1149999946355819,0.7499999925494194,1.0799999851733446,12.90999966673553,40.54499906115234,0.0,0,BIHAR_2024_09_27,2024-09-27,NRSC_Sentinel1A
26.949999,85.35,0.169999998062849,0.824999988079071,1.0749999843537807,12.114999800920486,46.59499901533127,0.0,0,BIHAR_2024_09_27,2024-09-27,NRSC_Sentinel1A
26.949999,85.45,0.2299999967217445,0.7449999786913395,1.0349999722093344,13.719999502412977,43.404998598620296,0.0,0,BIHAR_2024_09_27,2024-09-27,NRSC_Sentinel1A
26.949999,85.549995,0.1449999958276748,0.4599999934434891,0.5099999904632568,16.504999667406082,42.874998934566975,0.0,0,BIHAR_2024_09_27,2024-09-27,NRSC_Sentinel1A
26.949999,85.65,0.1499999947845935,0.4899999834597111,0.5499999821186066,12.839999690651894,36.279998905956745,0.0,0,BIHAR_2024_09_27,2024-09-27,NRSC_Sentinel1A
26.949999,85.75,0.1349999941885471,2.7649999298155308,2.979999923147261,11.999999695457518,36.6699991831556,0.0,0,BIHAR_2024_09_27,2024-09-27,NRSC_Sentinel1A
26.949999,85.85,0.1049999967217445,2.3350000083446503,2.580000001937151,24.529999557882547,55.339999083429575,0.0,0,BIHAR_2024_09_27,2024-09-27,NRSC_Sentinel1A
26.949999,85.95,0.1149999983608722,2.9299999326467514,3.2249999195337296,27.8549990747124,56.214998671785,0.0,0,BIHAR_2024_09_27,2024-09-27,NRSC_Sentinel1A
26.949999,86.049995,0.0700000002980232,0.3249999955296516,0.8749999850988388,26.89999945927412,57.68499893415719,0.0,0,BIHAR_2024_09_27,2024-09-27,NRSC_Sentinel1A
26.949999,86.15,0.0,0.125,0.8449999764561653,8.344999678432941,40.05499931424856,0.0,0,BIHAR_2024_09_27,2024-09-27,NRSC_Sentinel1A
26.949999,86.25,0.0749999955296516,0.1399999931454658,2.129999987781048,12.734999634325504,48.80499891191721,0.0,0,BIHAR_2024_09_27,2024-09-27,NRSC_Sentinel1A
26.949999,86.35,0.0850000008940696,0.569999985396862,3.629999928176403,19.474999643862247,60.96499873138964,0.0,0,BIHAR_2024_09_27,2024-09-27,NRSC_Sentinel1A
26.949999,86.45,0.0649999976158142,0.5049999728798866,5.414999850094318,27.999999545514584,70.7399984896183,0.0,0,BIHAR_2024_09_27,2024-09-27,NRSC_Sentinel1A
26.949999,86.549995,0.0850000008940696,0.9499999806284904,5.934999726712704,33.219998978078365,75.92499762587249,0.0,0,BIHAR_2024_09_27,2024-09-27,NRSC_Sentinel1A
26.949999,86.65,0.0999999940395355,1.5599999846890569,8.27499992866069,36.14999933261424,78.55499843973666,0.0,0,BIHAR_2024_09_27,2024-09-27,NRSC_Sentinel1A
26.949999,86.75,0.0949999988079071,0.9799999594688416,5.489999860525131,27.74999937415123,68.89499843120575,0.0,0,BIHAR_2024_09_27,2024-09-27,NRSC_Sentinel1A
26.949999,86.85,0.1049999967217445,1.084999956190586,6.80999980121851,30.63499949127436,70.2899986281991,0.0,0,BIHAR_2024_09_27,2024-09-27,NRSC_Sentinel1A
26.949999,86.95,0.0999999940395355,0.625,15.370000183582306,48.81999921798706,80.34999844618142,0.0,0,BIHAR_2024_09_27,2024-09-27,NRSC_Sentinel1A
26.949999,87.049995,0.0249999985098838,0.3350000008940696,18.449999384582043,43.0449985191226,87.59499739855528,0.0,0,BIHAR_2024_09_27,2024-09-27,NRSC_Sentinel1A
26.949999,87.15,0.1649999916553497,0.4649999737739563,18.34499964118004,41.58999910950661,91.89999875426292,0.0,0,BIHAR_2024_09_27,2024-09-27,NRSC_Sentinel1A
26.949999,87.25,0.5299999713897705,1.579999953508377,9.859999746084211,34.26499918103218,89.29499802459031,0.0,0,BIHAR_2024_09_27,2024-09-27,NRSC_Sentinel1A
26.949999,87.35,0.4399999976158142,1.494999979622662,10.264999900944533,32.18499988783151,88.13999891746789,0.0,0,BIHAR_2024_09_27,2024-09-27,NRSC_Sentinel1A
26.949999,87.45,0.4649999812245369,2.559999898076057,15.244999721646307,31.18999958783388,70.74499882757664,0.0,0,BIHAR_2024_09_27,2024-09-27,NRSC_Sentinel1A
26.949999,87.549995,0.1999999973922968,2.0849999859929085,15.0249996855855,26.809999465942383,56.099998727440834,0.0,0,BIHAR_2024_09_27,2024-09-27,NRSC_Sentinel1A
26.949999,87.65,1.870000004768372,4.044999957084656,13.289999663829803,23.12499939650297,49.16499876230955,0.0,0,BIHAR_2024_09_27,2024-09-27,NRSC_Sentinel1A
26.949999,87.75,2.9800000190734863,5.289999932050705,13.759999603033066,22.314999401569366,47.199998900294304,0.0,0,BIHAR_2024_09_27,2024-09-27,NRSC_Sentinel1A
26.949999,87.85,8.78999948501587,13.389999270439148,24.30999910831452,32.539998918771744,64.98999804258347,0.0,0,BIHAR_2024_09_27,2024-09-27,NRSC_Sentinel1A
26.949999,87.95,4.375,7.96999990940094,18.16499972343445,33.674999594688416,67.97999902069569,0.0,0,BIHAR_2024_09_27,2024-09-27,NRSC_Sentinel1A
26.949999,88.049995,2.394999921321869,6.539999753236771,17.309999376535416,34.649998873472214,73.5849980711937,0.0,0,BIHAR_2024_09_27,2024-09-27,NRSC_Sentinel1A
26.949999,88.15,5.449999928474426,8.489999890327454,18.639999628067017,41.52999877929688,77.07499793171883,0.0,0,BIHAR_2024_09_27,2024-09-27,NRSC_Sentinel1A
26.949999,88.25,4.224999904632568,7.299999862909317,17.484999626874924,40.32499876618385,73.07999786734581,0.0,0,BIHAR_2024_09_27,2024-09-27,NRSC_Sentinel1A
26.949999,88.35,1.0049999952316284,2.724999928846956,11.11499967612326,34.219998920336366,65.14499791897833,0.0,0,BIHAR_2024_09_27,2024-09-27,NRSC_Sentinel1A
26.949999,88.45,0.7800000011920929,4.294999986886978,13.774999886751177,34.959999054670334,58.249998327344656,0.0,0,BIHAR_2024_09_27,2024-09-27,NRSC_Sentinel1A
27.05,83.049995,0.0,0.0,0.0,0.5999999828636646,24.34499950241297,0.0,0,BIHAR_2024_09_27,2024-09-27,NRSC_Sentinel1A
27.05,83.15,0.0,0.0,0.0,0.5699999909847975,27.25499931164086,0.0,0,BIHAR_2024_09_27,2024-09-27,NRSC_Sentinel1A
27.05,83.25,0.0,0.0,0.0,0.6399999707937241,28.749999552965164,0.0,0,BIHAR_2024_09_27,2024-09-27,NRSC_Sentinel1A
27.05,83.35,0.0,0.0999999940395355,0.0999999940395355,0.674999974668026,34.349999368190765,0.0,0,BIHAR_2024_09_27,2024-09-27,NRSC_Sentinel1A
27.05,83.45,0.0,0.0949999988079071,0.0949999988079071,0.6399999894201756,31.35499896109104,0.0,0,BIHAR_2024_09_27,2024-09-27,NRSC_Sentinel1A
27.05,83.549995,0.0399999991059303,0.125,0.125,0.5699999965727329,37.51499914377928,0.0,0,BIHAR_2024_09_27,2024-09-27,NRSC_Sentinel1A
27.05,83.65,0.0350000001490116,0.1749999970197677,0.1749999970197677,0.5749999843537807,37.84499913826585,0.0,0,BIHAR_2024_09_27,2024-09-27,NRSC_Sentinel1A
27.05,83.75,0.044999998062849,0.2249999865889549,0.2249999865889549,0.7949999636039138,36.539999476633966,0.0,0,BIHAR_2024_09_27,2024-09-27,NRSC_Sentinel1A
27.05,83.85,0.0799999963492155,0.9299999754875898,0.9299999754875898,1.3999999491497874,33.86999945528805,0.0,0,BIHAR_2024_09_27,2024-09-27,NRSC_Sentinel1A
27.05,83.95,0.1549999937415123,0.3499999940395355,0.3499999940395355,0.5999999884516001,34.10999883990735,0.0,0,BIHAR_2024_09_27,2024-09-27,NRSC_Sentinel1A
27.05,84.049995,0.1400000005960464,0.3149999976158142,0.3149999976158142,0.5549999922513962,34.62499935925007,0.0,0,BIHAR_2024_09_27,2024-09-27,NRSC_Sentinel1A
27.05,84.15,0.2999999970197677,0.3899999931454658,0.3899999931454658,0.9349999725818634,37.569999154657125,0.0,0,BIHAR_2024_09_27,2024-09-27,NRSC_Sentinel1A
27.05,84.25,0.3499999865889549,0.439999982714653,0.439999982714653,0.6249999776482582,34.76499968767166,0.0,0,BIHAR_2024_09_27,2024-09-27,NRSC_Sentinel1A
27.05,84.35,0.3299999795854091,0.5349999703466892,0.5349999703466892,0.6449999660253525,31.56999900564552,0.0,0,BIHAR_2024_09_27,2024-09-27,NRSC_Sentinel1A
27.05,84.45,0.3550000041723251,0.5649999976158142,0.5649999976158142,0.7449999898672104,30.739999271929264,0.0,0,BIHAR_2024_09_27,2024-09-27,NRSC_Sentinel1A
27.05,84.549995,0.2299999892711639,0.3749999878928065,0.509999985806644,0.9349999716505408,25.53499953262508,0.0,0,BIHAR_2024_09_27,2024-09-27,NRSC_Sentinel1A
27.05,84.65,0.0549999997019767,0.1999999955296516,0.5149999856948853,3.0099999541416764,29.21499943174421,0.0,0,BIHAR_2024_09_27,2024-09-27,NRSC_Sentinel1A
27.05,84.75,0.0499999970197677,0.279999990016222,0.4999999813735485,5.119999997317791,25.47999926749617,0.0,0,BIHAR_2024_09_27,2024-09-27,NRSC_Sentinel1A
27.05,84.85,0.1049999967217445,0.2899999879300594,0.6649999767541885,4.834999833256006,22.9949991106987,0.0,0,BIHAR_2024_09_27,2024-09-27,NRSC_Sentinel1A
27.05,84.95,0.1299999989569187,0.3299999944865703,0.7549999840557575,11.030000001192091,25.73499969486147,0.0,0,BIHAR_2024_09_27,2024-09-27,NRSC_Sentinel1A
27.05,85.049995,0.2399999946355819,0.3699999935925007,0.8249999806284904,25.48499972373247,41.63999925740063,0.0,0,BIHAR_2024_09_27,2024-09-27,NRSC_Sentinel1A
27.05,85.15,0.2599999904632568,1.1399999633431437,1.604999952018261,20.99499926716089,39.48999873548746,0.0,0,BIHAR_2024_09_27,2024-09-27,NRSC_Sentinel1A
27.05,85.25,0.159999992698431,1.3549999706447124,1.7249999679625034,11.699999753385782,29.83499920740724,0.0,0,BIHAR_2024_09_27,2024-09-27,NRSC_Sentinel1A
27.05,85.35,0.2249999977648258,1.7599999494850636,2.349999938160181,11.764999616891146,49.01499896124005,0.0,0,BIHAR_2024_09_27,2024-09-27,NRSC_Sentinel1A
27.05,85.45,0.2250000014901161,1.3149999752640724,2.269999928772449,14.339999683201311,60.69999900460243,0.0,0,BIHAR_2024_09_27,2024-09-27,NRSC_Sentinel1A
27.05,85.549995,0.1199999935925006,1.1499999649822712,1.499999951571226,14.61999986693263,61.06499851495028,0.0,0,BIHAR_2024_09_27,2024-09-27,NRSC_Sentinel1A
27.05,85.65,0.0949999950826168,1.06999995931983,1.4099999479949474,13.544999491423368,58.13499877974391,0.0,0,BIHAR_2024_09_27,2024-09-27,NRSC_Sentinel1A
27.05,85.75,0.044999998062849,2.559999994933605,2.9799999967217445,16.434999652206898,51.8549989014864,0.0,0,BIHAR_2024_09_27,2024-09-27,NRSC_Sentinel1A
27.05,85.85,0.0149999996647238,2.529999970458448,3.174999955110252,18.354999410919845,68.69999791961163,0.0,0,BIHAR_2024_09_27,2024-09-27,NRSC_Sentinel1A
27.05,85.95,0.0,2.159999921917916,2.2999999187886715,14.644999641925097,71.89499812200665,0.0,0,BIHAR_2024_09_27,2024-09-27,NRSC_Sentinel1A
27.05,86.049995,0.0,0.6599999889731407,0.934999980032444,6.854999825358391,44.73499880358577,0.0,0,BIHAR_2024_09_27,2024-09-27,NRSC_Sentinel1A
27.05,86.15,0.0700000002980232,0.1299999989569187,0.28999999538064,5.904999922960997,31.21999941393733,0.0,0,BIHAR_2024_09_27,2024-09-27,NRSC_Sentinel1A
27.05,86.25,0.0700000002980232,0.3049999894574284,1.65999994892627,9.59999977517873,36.01499925274402,0.0,0,BIHAR_2024_09_27,2024-09-27,NRSC_Sentinel1A
27.05,86.35,0.1399999968707561,0.3899999931454658,3.679999900050461,14.774999369867146,48.79499850142747,0.0,0,BIHAR_2024_09_27,2024-09-27,NRSC_Sentinel1A
27.05,86.45,0.1449999939650297,0.4049999918788671,6.894999912008643,25.939999198541045,65.39999835006893,0.0,0,BIHAR_2024_09_27,2024-09-27,NRSC_Sentinel1A
27.05,86.549995,0.0799999982118606,0.1599999964237213,6.254999876022339,28.709999442100525,68.65499887242913,0.0,0,BIHAR_2024_09_27,2024-09-27,NRSC_Sentinel1A
27.05,86.65,0.2599999867379665,0.7999999709427357,8.48499970510602,28.75499914959073,64.68999834731221,0.0,0,BIHAR_2024_09_27,2024-09-27,NRSC_Sentinel1A
27.05,86.75,0.0899999979883432,0.7549999766051769,4.94999985024333,19.67999954149127,47.30999905988574,0.0,0,BIHAR_2024_09_27,2024-09-27,NRSC_Sentinel1A
27.05,86.85,0.4949999898672104,1.384999968111515,4.894999921321869,20.804999738931656,45.174999082461,0.0,0,BIHAR_2024_09_27,2024-09-27,NRSC_Sentinel1A
27.05,86.95,0.6600000113248825,2.384999975562096,4.319999970495701,32.74999938160181,53.96499902755022,0.0,0,BIHAR_2024_09_27,2024-09-27,NRSC_Sentinel1A
27.05,87.049995,0.1449999921023845,1.6649999506771564,8.944999568164349,34.29999917000532,58.844998471438885,0.0,0,BIHAR_2024_09_27,2024-09-27,NRSC_Sentinel1A
27.05,87.15,0.2399999946355819,1.8249999582767489,8.88999979197979,33.8399993032217,67.39499847590923,0.0,0,BIHAR_2024_09_27,2024-09-27,NRSC_Sentinel1A
27.05,87.25,0.2499999850988388,1.4549999684095385,8.039999842643738,28.374999403953552,67.54499827232212,0.0,0,BIHAR_2024_09_27,2024-09-27,NRSC_Sentinel1A
27.05,87.35,0.9599999487400056,2.8199999257922173,12.27999972552061,32.2699995264411,105.10499799251556,0.0,0,BIHAR_2024_09_27,2024-09-27,NRSC_Sentinel1A
27.05,87.45,3.6799999475479126,6.989999949932098,17.689999759197235,33.39499941468239,93.35499770380557,0.0,0,BIHAR_2024_09_27,2024-09-27,NRSC_Sentinel1A
27.05,87.549995,2.024999976158142,4.029999911785126,8.539999842643738,22.994999557733536,76.1599988937378,0.0,0,BIHAR_2024_09_27,2024-09-27,NRSC_Sentinel1A
27.05,87.65,4.559999942779541,8.09999993443489,11.31999982893467,28.70499947667122,72.89999859035015,0.0,0,BIHAR_2024_09_27,2024-09-27,NRSC_Sentinel1A
27.05,87.75,7.77999997138977,13.844999849796295,16.749999821186066,29.724999599158764,65.86499858647585,0.0,0,BIHAR_2024_09_27,2024-09-27,NRSC_Sentinel1A
27.05,87.85,5.424999713897705,10.089999556541445,16.13499939441681,28.924998998641968,66.93499779701233,0.0,0,BIHAR_2024_09_27,2024-09-27,NRSC_Sentinel1A
27.05,87.95,4.249999761581421,6.979999586939812,12.019999369978905,28.48499868810177,61.3749977350235,0.0,0,BIHAR_2024_09_27,2024-09-27,NRSC_Sentinel1A
27.05,88.049995,1.030000001192093,2.21500001102686,8.669999815523624,21.24999947845936,65.91999863367528,0.0,0,BIHAR_2024_09_27,2024-09-27,NRSC_Sentinel1A
27.05,88.15,0.5499999821186066,0.8349999831989408,7.43499976862222,24.069999639876187,67.24999872315675,0.0,0,BIHAR_2024_09_27,2024-09-27,NRSC_Sentinel1A
27.05,88.25,2.234999895095825,2.434999883174896,7.56499981880188,26.429999470710754,55.71999883279205,0.0,0,BIHAR_2024_09_27,2024-09-27,NRSC_Sentinel1A
27.05,88.35,2.1899998784065247,3.2249998720362782,7.729999807663262,25.68499929923564,54.70999868679792,0.0,0,BIHAR_2024_09_27,2024-09-27,NRSC_Sentinel1A
27.05,88.45,2.289999842643738,5.569999754428864,12.97499978542328,31.28999936580658,69.99999836273491,0.0,0,BIHAR_2024_09_27,2024-09-27,NRSC_Sentinel1A
27.15,83.049995,0.0,0.0,0.0,0.4349999837577343,22.094999614171684,0.0,0,BIHAR_2024_09_27,2024-09-27,NRSC_Sentinel1A
27.15,83.15,0.0,0.0,0.0,0.2649999894201755,24.05499951913953,0.0,0,BIHAR_2024_09_27,2024-09-27,NRSC_Sentinel1A
27.15,83.25,0.0,0.0,0.0,0.2849999954923987,24.674999373033643,0.0,0,BIHAR_2024_09_27,2024-09-27,NRSC_Sentinel1A
27.15,83.35,0.0,0.0850000008940696,0.1550000011920929,0.4849999928846955,31.474999922327697,0.0,0,BIHAR_2024_09_27,2024-09-27,NRSC_Sentinel1A
27.15,83.45,0.0,0.0850000008940696,0.2649999931454658,0.4899999881163239,34.37499933782965,0.0,0,BIHAR_2024_09_27,2024-09-27,NRSC_Sentinel1A
27.15,83.549995,0.0,0.1150000002235174,0.2899999972432852,0.5149999903514981,41.04999890644103,0.0,0,BIHAR_2024_09_27,2024-09-27,NRSC_Sentinel1A
27.15,83.65,0.0,1.3949999809265137,1.4549999795854092,1.6449999744072556,36.2199991652742,0.0,0,BIHAR_2024_09_27,2024-09-27,NRSC_Sentinel1A
27.15,83.75,0.0,0.8649999778717756,0.8649999778717756,1.0299999732524157,35.78999931551516,0.0,0,BIHAR_2024_09_27,2024-09-27,NRSC_Sentinel1A
27.15,83.85,0.089999996125698,1.6399999894201756,1.699999988079071,1.909999984316528,35.69499925803393,0.0,0,BIHAR_2024_09_27,2024-09-27,NRSC_Sentinel1A
27.15,83.95,0.9100000075995922,1.130000000819564,1.1850000005215406,1.2950000008568168,32.369999195449054,0.0,0,BIHAR_2024_09_27,2024-09-27,NRSC_Sentinel1A
27.15,84.049995,0.559999980032444,0.8849999755620956,0.9749999716877936,1.1099999696016312,32.16999962925911,0.0,0,BIHAR_2024_09_27,2024-09-27,NRSC_Sentinel1A
27.15,84.15,0.4749999791383743,0.7149999737739563,0.794999971985817,1.349999944679439,35.33499893080443,0.0,0,BIHAR_2024_09_27,2024-09-27,NRSC_Sentinel1A
27.15,84.25,0.4149999767541885,0.6399999707937241,0.7199999690055847,1.1899999547749758,30.64999909885228,0.0,0,BIHAR_2024_09_27,2024-09-27,NRSC_Sentinel1A
27.15,84.35,0.3599999994039535,0.5899999961256981,0.5899999961256981,0.6399999931454659,30.78999934345484,0.0,0,BIHAR_2024_09_27,2024-09-27,NRSC_Sentinel1A
27.15,84.45,0.1399999931454658,0.2649999894201755,0.2649999894201755,0.3149999864399433,26.67999927327037,0.0,0,BIHAR_2024_09_27,2024-09-27,NRSC_Sentinel1A
27.15,84.549995,0.089999996125698,0.1849999949336052,0.4049999937415123,0.4949999898672104,25.75499955005944,0.0,0,BIHAR_2024_09_27,2024-09-27,NRSC_Sentinel1A
27.15,84.65,0.089999996125698,0.2349999891594052,0.5399999776855111,1.5599999334663153,26.68499919772148,0.0,0,BIHAR_2024_09_27,2024-09-27,NRSC_Sentinel1A
27.15,84.75,0.1400000005960464,0.2499999962747097,0.4949999935925007,2.5949999261647463,21.4749996047467,0.0,0,BIHAR_2024_09_27,2024-09-27,NRSC_Sentinel1A
27.15,84.85,0.20499999076128,0.3299999870359897,0.674999974668026,3.444999896921217,20.249999624677,0.0,0,BIHAR_2024_09_27,2024-09-27,NRSC_Sentinel1A
27.15,84.95,0.3549999929964542,0.5099999867379665,0.7149999812245369,7.409999862313271,18.76999954879284,0.0,0,BIHAR_2024_09_27,2024-09-27,NRSC_Sentinel1A
27.15,85.049995,0.4499999806284904,0.6649999730288982,1.009999953210354,17.7999994084239,27.954999116249382,0.0,0,BIHAR_2024_09_27,2024-09-27,NRSC_Sentinel1A
27.15,85.15,0.2799999862909317,1.149999976158142,1.5499999672174454,17.304999515414238,35.63999903947115,0.0,0,BIHAR_2024_09_27,2024-09-27,NRSC_Sentinel1A
27.15,85.25,0.1999999955296516,1.2699999883770945,1.844999976456165,12.259999804198742,32.884999215602875,0.0,0,BIHAR_2024_09_27,2024-09-27,NRSC_Sentinel1A
27.15,85.35,0.1999999955296516,1.3699999675154686,2.329999951645732,12.179999632760882,44.489998733624816,0.0,0,BIHAR_2024_09_27,2024-09-27,NRSC_Sentinel1A
27.15,85.45,0.1899999901652336,1.4099999740719795,3.1649999544024467,12.149999760091305,56.7849987372756,0.0,0,BIHAR_2024_09_27,2024-09-27,NRSC_Sentinel1A
27.15,85.549995,0.1200000010430812,1.1299999468028543,2.30499991774559,13.229999467730522,64.09499805420637,0.0,0,BIHAR_2024_09_27,2024-09-27,NRSC_Sentinel1A
27.15,85.65,0.1399999968707561,1.2099999748170376,2.8649999294430017,17.47499959357083,60.85499835200608,0.0,0,BIHAR_2024_09_27,2024-09-27,NRSC_Sentinel1A
27.15,85.75,0.0999999959021806,1.589999916031957,3.339999919757247,20.26499946974218,81.36999835632741,0.0,0,BIHAR_2024_09_27,2024-09-27,NRSC_Sentinel1A
27.15,85.85,0.1299999952316284,1.649999998509884,2.7199999894946814,17.369999637827277,63.89999817870557,0.0,0,BIHAR_2024_09_27,2024-09-27,NRSC_Sentinel1A
27.15,85.95,0.0,1.3049999177455902,1.609999899752438,8.90499981958419,53.61499902326614,0.0,0,BIHAR_2024_09_27,2024-09-27,NRSC_Sentinel1A
27.15,86.049995,0.1049999967217445,0.8199999704957008,0.9299999698996544,7.549999848008156,42.31999909132719,0.0,0,BIHAR_2024_09_27,2024-09-27,NRSC_Sentinel1A
27.15,86.15,0.2099999897181987,0.2849999852478504,0.3349999822676182,5.269999884068966,34.59499926865101,0.0,0,BIHAR_2024_09_27,2024-09-27,NRSC_Sentinel1A
27.15,86.25,0.2299999967217445,0.3549999911338091,2.234999919310212,8.444999704137444,39.81999891810119,0.0,0,BIHAR_2024_09_27,2024-09-27,NRSC_Sentinel1A
27.15,86.35,0.3299999833106994,0.6399999745190144,5.039999831467867,14.179999578744171,45.224998630583286,0.0,0,BIHAR_2024_09_27,2024-09-27,NRSC_Sentinel1A
27.15,86.45,0.209999993443489,0.5449999794363976,9.26999994367361,23.829999558627605,61.2499985396862,0.0,0,BIHAR_2024_09_27,2024-09-27,NRSC_Sentinel1A
27.15,86.549995,0.7449999675154686,1.059999953955412,7.94999972358346,35.64999881759286,69.29499769583344,0.0,0,BIHAR_2024_09_27,2024-09-27,NRSC_Sentinel1A
27.15,86.65,0.9099999591708184,1.859999917447567,14.18499980121851,41.89499955624342,71.2749984934926,0.0,0,BIHAR_2024_09_27,2024-09-27,NRSC_Sentinel1A
27.15,86.75,1.4949999451637268,2.669999897480011,7.419999837875366,23.93999944627285,47.02999869734049,0.0,0,BIHAR_2024_09_27,2024-09-27,NRSC_Sentinel1A
27.15,86.85,0.3849999904632568,1.209999963641167,5.139999970793724,20.11499957740307,40.93999886512756,0.0,0,BIHAR_2024_09_27,2024-09-27,NRSC_Sentinel1A
27.15,86.95,1.1449999809265137,3.0099999606609344,4.439999930560589,26.66999977082014,44.55499931424856,0.0,0,BIHAR_2024_09_27,2024-09-27,NRSC_Sentinel1A
27.15,87.049995,0.5200000032782555,2.084999971091748,3.059999944642186,33.884998919442296,52.08999818749726,0.0,0,BIHAR_2024_09_27,2024-09-27,NRSC_Sentinel1A
27.15,87.15,0.209999993443489,0.209999993443489,8.314999759197235,39.4899990260601,55.68999902158976,0.0,0,BIHAR_2024_09_27,2024-09-27,NRSC_Sentinel1A
27.15,87.25,0.8249999582767487,0.8899999558925629,6.809999883174896,27.15499925613404,45.98999893665314,0.0,0,BIHAR_2024_09_27,2024-09-27,NRSC_Sentinel1A
27.15,87.35,4.93999981880188,6.309999763965607,12.449999570846558,31.42499901354313,80.32499768584967,0.0,0,BIHAR_2024_09_27,2024-09-27,NRSC_Sentinel1A
27.15,87.45,1.7249999344348907,2.134999915957451,7.769999757409096,24.44999907910824,94.74999724328518,0.0,0,BIHAR_2024_09_27,2024-09-27,NRSC_Sentinel1A
27.15,87.549995,2.149999976158142,2.9699999541044235,5.41999988257885,24.174999222159386,93.79499776661396,0.0,0,BIHAR_2024_09_27,2024-09-27,NRSC_Sentinel1A
27.15,87.65,2.149999976158142,3.9549999833107,5.644999951124191,23.4749995470047,102.8999971151352,0.0,0,BIHAR_2024_09_27,2024-09-27,NRSC_Sentinel1A
27.15,87.75,4.71999990940094,11.144999742507936,13.064999669790268,35.44999951124191,111.5849975682795,0.0,0,BIHAR_2024_09_27,2024-09-27,NRSC_Sentinel1A
27.15,87.85,5.464999914169312,11.379999697208405,15.629999563097954,55.73499892652035,107.65499810501932,0.0,0,BIHAR_2024_09_27,2024-09-27,NRSC_Sentinel1A
27.15,87.95,1.6949999928474426,4.724999874830246,7.949999749660492,19.60499951243401,56.13499891757965,0.0,0,BIHAR_2024_09_27,2024-09-27,NRSC_Sentinel1A
27.15,88.049995,0.2799999937415123,0.7699999958276749,4.564999908208847,15.7949997484684,56.409998796880245,0.0,0,BIHAR_2024_09_27,2024-09-27,NRSC_Sentinel1A
27.15,88.15,0.2649999903514981,0.6499999845400453,5.089999833144248,28.3499992871657,78.82999820355326,0.0,0,BIHAR_2024_09_27,2024-09-27,NRSC_Sentinel1A
27.15,88.25,2.7449999153614044,2.7449999153614044,6.2399998642504215,36.1249996162951,65.21499928086996,0.0,0,BIHAR_2024_09_27,2024-09-27,NRSC_Sentinel1A
27.15,88.35,2.620000004768372,3.165000006556511,6.324999965727329,26.59499941766262,54.7799983844161,0.0,0,BIHAR_2024_09_27,2024-09-27,NRSC_Sentinel1A
27.15,88.45,1.9149999022483823,3.1299998871982098,8.659999918192625,23.614999685436487,51.92999898083508,0.0,0,BIHAR_2024_09_27,2024-09-27,NRSC_Sentinel1A
27.25,83.049995,0.0,0.0,0.0,0.6849999837577343,17.33499958179891,0.0,0,BIHAR_2024_09_27,2024-09-27,NRSC_Sentinel1A
27.25,83.15,0.0,0.0,0.0,0.3649999909102916,18.334999562241137,0.0,0,BIHAR_2024_09_27,2024-09-27,NRSC_Sentinel1A
27.25,83.25,0.0,0.0,0.0,0.16499999538064,25.21499938890338,0.0,0,BIHAR_2024_09_27,2024-09-27,NRSC_Sentinel1A
27.25,83.35,0.0,0.1899999976158142,0.2999999970197677,0.4399999901652336,21.999999432824552,0.0,0,BIHAR_2024_09_27,2024-09-27,NRSC_Sentinel1A
27.25,83.45,0.0,0.16499999538064,0.3349999897181988,0.4299999857321381,33.484998827800155,0.0,0,BIHAR_2024_09_27,2024-09-27,NRSC_Sentinel1A
27.25,83.549995,0.0,0.8699999498203397,1.2199999438598752,1.319999939762056,39.769998922012746,0.0,0,BIHAR_2024_09_27,2024-09-27,NRSC_Sentinel1A
27.25,83.65,0.0,1.1349999951198697,1.619999979622662,1.724999980069697,35.89999915007502,0.0,0,BIHAR_2024_09_27,2024-09-27,NRSC_Sentinel1A
27.25,83.75,0.0,1.1049999594688416,1.654999956488609,1.769999953918159,35.464998996816576,0.0,0,BIHAR_2024_09_27,2024-09-27,NRSC_Sentinel1A
27.25,83.85,0.3999999761581421,1.0549999848008156,1.3649999797344208,1.4699999801814556,36.529999408870935,0.0,0,BIHAR_2024_09_27,2024-09-27,NRSC_Sentinel1A
27.25,83.95,0.2349999994039535,0.5349999852478504,0.8349999748170376,0.94999997317791,35.51499880850315,0.0,0,BIHAR_2024_09_27,2024-09-27,NRSC_Sentinel1A
27.25,84.049995,0.6549999862909317,1.084999978542328,1.4449999667704103,2.0249999528750777,34.259999237023294,0.0,0,BIHAR_2024_09_27,2024-09-27,NRSC_Sentinel1A
27.25,84.15,0.7349999845027924,1.139999981969595,1.3849999718368051,1.9199999617412689,32.844999397173524,0.0,0,BIHAR_2024_09_27,2024-09-27,NRSC_Sentinel1A
27.25,84.25,1.2399999797344208,1.799999956972897,1.969999951310456,2.4399999398738146,31.65999915637076,0.0,0,BIHAR_2024_09_27,2024-09-27,NRSC_Sentinel1A
27.25,84.35,0.4049999862909317,0.7899999842047691,1.0649999734014273,1.0649999734014273,28.204999366775155,0.0,0,BIHAR_2024_09_27,2024-09-27,NRSC_Sentinel1A
27.25,84.45,0.1549999937415123,0.3349999897181988,0.5799999833106995,0.5799999833106995,24.91999951470644,0.0,0,BIHAR_2024_09_27,2024-09-27,NRSC_Sentinel1A
27.25,84.549995,0.1399999931454658,0.324999988079071,0.919999971985817,0.919999971985817,30.92999894917012,0.0,0,BIHAR_2024_09_27,2024-09-27,NRSC_Sentinel1A
27.25,84.65,0.1950000002980232,0.3349999934434891,0.9049999788403512,1.3699999675154686,23.784999310970303,0.0,0,BIHAR_2024_09_27,2024-09-27,NRSC_Sentinel1A
27.25,84.75,0.2649999931454658,0.4449999891221523,0.8849999867379665,1.459999969229102,23.07499974314124,0.0,0,BIHAR_2024_09_27,2024-09-27,NRSC_Sentinel1A
27.25,84.85,0.6150000095367432,0.8400000035762787,1.3049999922513962,2.579999944195152,19.58499958924949,0.0,0,BIHAR_2024_09_27,2024-09-27,NRSC_Sentinel1A
27.25,84.95,1.1500000283122065,1.480000015348196,1.6900000050663948,5.319999895989895,20.39499957393855,0.0,0,BIHAR_2024_09_27,2024-09-27,NRSC_Sentinel1A
27.25,85.049995,1.3299999572336674,1.809999953955412,2.2099999468773603,10.124999655410647,31.77499943785369,0.0,0,BIHAR_2024_09_27,2024-09-27,NRSC_Sentinel1A
27.25,85.15,0.7799999937415123,2.384999997913837,3.0949999913573265,19.30999957770109,41.83999904617667,0.0,0,BIHAR_2024_09_27,2024-09-27,NRSC_Sentinel1A
27.25,85.25,0.4649999998509884,1.989999946206808,2.969999935477972,15.234999742358925,39.71999894827604,0.0,0,BIHAR_2024_09_27,2024-09-27,NRSC_Sentinel1A
27.25,85.35,0.3049999922513962,1.5649999678134918,3.2349999099969864,10.489999786019323,51.95999848842621,0.0,0,BIHAR_2024_09_27,2024-09-27,NRSC_Sentinel1A
27.25,85.45,0.2699999958276748,1.32499997317791,4.984999895095825,10.559999741613863,59.95999916642904,0.0,0,BIHAR_2024_09_27,2024-09-27,NRSC_Sentinel1A
27.25,85.549995,0.2049999944865703,1.8449999503791328,5.614999990910292,14.10499994084239,66.76499826833606,0.0,0,BIHAR_2024_09_27,2024-09-27,NRSC_Sentinel1A
27.25,85.65,0.0999999977648258,1.8399999774992464,5.8449998535215855,17.919999860227108,78.44499822705984,0.0,0,BIHAR_2024_09_27,2024-09-27,NRSC_Sentinel1A
27.25,85.75,0.1349999941885471,1.2049999572336674,3.5149999298155308,13.294999804347754,86.66999885067344,0.0,0,BIHAR_2024_09_27,2024-09-27,NRSC_Sentinel1A
27.25,85.85,0.1349999904632568,0.7149999774992466,2.5549999000504613,14.13499974552542,78.49999760929495,0.0,0,BIHAR_2024_09_27,2024-09-27,NRSC_Sentinel1A
27.25,85.95,0.0299999993294477,0.4049999956041574,0.8599999835714698,9.58499967958778,62.03999856021255,0.0,0,BIHAR_2024_09_27,2024-09-27,NRSC_Sentinel1A
27.25,86.049995,0.1099999994039535,0.399999987334013,0.6699999757111073,6.199999917298555,48.534999180585146,0.0,0,BIHAR_2024_09_27,2024-09-27,NRSC_Sentinel1A
27.25,86.15,0.4299999997019768,1.034999996423721,1.1499999910593033,5.359999962151051,27.60499929264188,0.0,0,BIHAR_2024_09_27,2024-09-27,NRSC_Sentinel1A
27.25,86.25,1.334999978542328,1.8049999624490736,3.3399999290704727,9.819999791681768,41.05499865859747,0.0,0,BIHAR_2024_09_27,2024-09-27,NRSC_Sentinel1A
27.25,86.35,1.914999961853028,2.549999937415123,5.359999880194664,13.804999761283398,48.109999041073024,0.0,0,BIHAR_2024_09_27,2024-09-27,NRSC_Sentinel1A
27.25,86.45,2.394999921321869,2.999999903142452,9.93499966710806,31.30999891459942,68.17999804019928,0.0,0,BIHAR_2024_09_27,2024-09-27,NRSC_Sentinel1A
27.25,86.549995,2.259999990463257,2.9499999657273293,10.954999782145023,29.89999947696924,66.60499919205904,0.0,0,BIHAR_2024_09_27,2024-09-27,NRSC_Sentinel1A
27.25,86.65,1.1649999916553495,1.8699999675154688,13.51999967545271,38.85999923199415,73.37999869138002,0.0,0,BIHAR_2024_09_27,2024-09-27,NRSC_Sentinel1A
27.25,86.75,1.309999942779541,2.1099999099969864,8.234999746084213,24.359999388456345,54.28999863378704,0.0,0,BIHAR_2024_09_27,2024-09-27,NRSC_Sentinel1A
27.25,86.85,1.034999966621399,1.9999999329447744,8.449999697506428,23.74999917298556,49.10999839473516,0.0,0,BIHAR_2024_09_27,2024-09-27,NRSC_Sentinel1A
27.25,86.95,0.8999999910593033,0.95499999076128,2.589999921619892,21.44499934464693,41.41499895043671,0.0,0,BIHAR_2024_09_27,2024-09-27,NRSC_Sentinel1A
27.25,87.049995,1.6749999225139618,1.7499999180436134,3.654999829828739,26.32999906688929,34.039998941123486,0.0,0,BIHAR_2024_09_27,2024-09-27,NRSC_Sentinel1A
27.25,87.15,1.60999995470047,1.7499999552965164,8.009999856352806,47.70999903976917,66.41499864216894,0.0,0,BIHAR_2024_09_27,2024-09-27,NRSC_Sentinel1A
27.25,87.25,6.979999780654907,9.299999758601189,15.49999950826168,48.09499882161617,65.1649985909462,0.0,0,BIHAR_2024_09_27,2024-09-27,NRSC_Sentinel1A
27.25,87.35,8.53499984741211,12.16499975323677,17.244999706745148,35.91999948769808,60.06499918457121,0.0,0,BIHAR_2024_09_27,2024-09-27,NRSC_Sentinel1A
27.25,87.45,1.7249999642372131,2.5999999344348907,7.344999819993973,19.29999962449073,65.00499832816422,0.0,0,BIHAR_2024_09_27,2024-09-27,NRSC_Sentinel1A
27.25,87.549995,3.454999804496765,5.479999750852585,7.584999665617943,19.67499952763319,76.32499836105853,0.0,0,BIHAR_2024_09_27,2024-09-27,NRSC_Sentinel1A
27.25,87.65,2.8899999260902405,6.194999873638153,7.134999871253967,22.48499958217144,71.79999738931656,0.0,0,BIHAR_2024_09_27,2024-09-27,NRSC_Sentinel1A
27.25,87.75,1.6850000023841858,4.664999961853027,5.669999957084656,26.79499927163124,80.23999838344753,0.0,0,BIHAR_2024_09_27,2024-09-27,NRSC_Sentinel1A
27.25,87.85,2.574999868869781,3.929999873042106,6.929999828338623,16.204999666661024,57.98499858006835,0.0,0,BIHAR_2024_09_27,2024-09-27,NRSC_Sentinel1A
27.25,87.95,0.3949999855831265,0.5649999799206853,3.084999960847199,13.154999648220835,52.20999885816127,0.0,0,BIHAR_2024_09_27,2024-09-27,NRSC_Sentinel1A
27.25,88.049995,0.4649999924004078,0.8449999764561653,4.954999871551991,18.469999738037583,48.14999910444021,0.0,0,BIHAR_2024_09_27,2024-09-27,NRSC_Sentinel1A
27.25,88.15,0.2649999856948852,0.5649999752640724,6.149999715387821,21.984999634325504,56.634998977184296,0.0,0,BIHAR_2024_09_27,2024-09-27,NRSC_Sentinel1A
27.25,88.25,0.7650000005960464,0.8049999997019768,5.839999787509441,18.824999414384365,55.65499857440591,0.0,0,BIHAR_2024_09_27,2024-09-27,NRSC_Sentinel1A
27.25,88.35,0.6700000166893005,0.8150000125169754,5.724999986588955,24.48999961465597,69.31499899551272,0.0,0,BIHAR_2024_09_27,2024-09-27,NRSC_Sentinel1A
27.25,88.45,0.6050000041723251,0.7599999960511923,6.624999752268195,23.21499918960035,59.89999824762344,0.0,0,BIHAR_2024_09_27,2024-09-27,NRSC_Sentinel1A
27.349998,83.049995,0.0,0.0,0.0,0.4799999855458736,16.149999517947435,0.0,0,BIHAR_2024_09_27,2024-09-27,NRSC_Sentinel1A
27.349998,83.15,0.0,0.0,0.0,0.3499999977648258,18.16499961912632,0.0,0,BIHAR_2024_09_27,2024-09-27,NRSC_Sentinel1A
27.349998,83.25,0.0,0.0749999955296516,0.0749999955296516,0.4049999937415123,21.954999834299088,0.0,0,BIHAR_2024_09_27,2024-09-27,NRSC_Sentinel1A
27.349998,83.35,0.0,0.0,0.2949999943375587,0.45499999076128,21.95999977737665,0.0,0,BIHAR_2024_09_27,2024-09-27,NRSC_Sentinel1A
27.349998,83.45,0.0,0.0,0.3849999867379665,0.7149999840185046,28.724999289028347,0.0,0,BIHAR_2024_09_27,2024-09-27,NRSC_Sentinel1A
27.349998,83.549995,0.0,0.0,0.819999985396862,1.0799999861046672,29.56499910913408,0.0,0,BIHAR_2024_09_27,2024-09-27,NRSC_Sentinel1A
27.349998,83.65,0.0,0.159999992698431,0.9049999862909316,1.2049999739974735,28.47499950043857,0.0,0,BIHAR_2024_09_27,2024-09-27,NRSC_Sentinel1A
27.349998,83.75,0.0,0.6499999957159162,1.4099999712780118,1.514999970793724,28.60999907553196,0.0,0,BIHAR_2024_09_27,2024-09-27,NRSC_Sentinel1A
27.349998,83.85,0.0,0.45499999076128,0.9549999833106996,1.0749999806284904,30.22499952465296,0.0,0,BIHAR_2024_09_27,2024-09-27,NRSC_Sentinel1A
27.349998,83.95,0.2149999886751175,0.524999987334013,0.984999980777502,1.129999978467822,30.434999089688063,0.0,0,BIHAR_2024_09_27,2024-09-27,NRSC_Sentinel1A
27.349998,84.049995,0.6649999916553497,1.2199999913573265,1.7649999856948853,1.899999983608723,30.679999321699142,0.0,0,BIHAR_2024_09_27,2024-09-27,NRSC_Sentinel1A
27.349998,84.15,0.689999982714653,1.9399999752640724,2.40499996766448,2.544999962672591,31.70499941892922,0.0,0,BIHAR_2024_09_27,2024-09-27,NRSC_Sentinel1A
27.349998,84.25,0.7800000011920929,2.749999977648258,3.584999967366457,3.629999965429306,34.81999906152487,0.0,0,BIHAR_2024_09_27,2024-09-27,NRSC_Sentinel1A
27.349998,84.35,0.2749999910593033,0.9149999842047692,1.8699999675154688,1.8699999675154688,32.82999940216541,0.0,0,BIHAR_2024_09_27,2024-09-27,NRSC_Sentinel1A
27.349998,84.45,0.1499999947845935,0.3599999882280826,1.1649999506771564,1.1649999506771564,28.234999516047537,0.0,0,BIHAR_2024_09_27,2024-09-27,NRSC_Sentinel1A
27.349998,84.549995,0.1349999979138374,0.2499999925494194,1.4549999479204416,1.4549999479204416,28.25499925389886,0.0,0,BIHAR_2024_09_27,2024-09-27,NRSC_Sentinel1A
27.349998,84.65,0.2499999888241291,0.5799999833106995,1.4199999421834946,2.06499994546175,43.4699990041554,0.0,0,BIHAR_2024_09_27,2024-09-27,NRSC_Sentinel1A
27.349998,84.75,0.494999997317791,0.9599999897181988,1.879999961704016,2.454999940469861,46.74499947670847,0.0,0,BIHAR_2024_09_27,2024-09-27,NRSC_Sentinel1A
27.349998,84.85,0.7899999544024467,1.1699999421834946,1.7199999243021011,2.50999990478158,28.154999271035194,0.0,0,BIHAR_2024_09_27,2024-09-27,NRSC_Sentinel1A
27.349998,84.95,1.3100000098347664,1.7000000029802322,1.989999994635582,3.619999965652824,31.86499952338636,0.0,0,BIHAR_2024_09_27,2024-09-27,NRSC_Sentinel1A
27.349998,85.049995,1.9350000023841856,2.859999943524599,3.114999942481518,7.774999856948851,37.43499879539013,0.0,0,BIHAR_2024_09_27,2024-09-27,NRSC_Sentinel1A
27.349998,85.15,1.5649999789893627,3.754999931901693,4.149999918416143,15.214999662712216,48.79499848000705,0.0,0,BIHAR_2024_09_27,2024-09-27,NRSC_Sentinel1A
27.349998,85.25,1.089999996125698,2.844999946653843,3.984999924898148,17.224999397993088,49.36499875038862,0.0,0,BIHAR_2024_09_27,2024-09-27,NRSC_Sentinel1A
27.349998,85.35,0.8499999940395355,2.209999993443489,3.5699999406933784,11.70499972254038,50.45999855548144,0.0,0,BIHAR_2024_09_27,2024-09-27,NRSC_Sentinel1A
27.349998,85.45,0.5399999842047691,2.494999922811985,4.5149998888373375,8.469999745488167,47.654999420046806,0.0,0,BIHAR_2024_09_27,2024-09-27,NRSC_Sentinel1A
27.349998,85.549995,0.2799999862909317,3.1549998968839645,5.369999811053276,10.124999701976776,61.38499888777733,0.0,0,BIHAR_2024_09_27,2024-09-27,NRSC_Sentinel1A
27.349998,85.65,0.1349999979138374,2.4649999514222145,5.094999887049198,14.644999493844807,70.84999762941152,0.0,0,BIHAR_2024_09_27,2024-09-27,NRSC_Sentinel1A
27.349998,85.75,0.169999998062849,1.7399999909102917,3.65499996766448,14.054999757558107,72.84999753907323,0.0,0,BIHAR_2024_09_27,2024-09-27,NRSC_Sentinel1A
27.349998,85.85,0.1599999945610761,0.9749999772757292,2.6249998938292265,17.979999417439103,57.949998492375016,0.0,0,BIHAR_2024_09_27,2024-09-27,NRSC_Sentinel1A
27.349998,85.95,0.2149999961256981,0.5649999864399433,1.1299999691545963,15.65999937430024,46.93499881029129,0.0,0,BIHAR_2024_09_27,2024-09-27,NRSC_Sentinel1A
27.349998,86.049995,0.3349999859929085,0.7349999696016312,1.074999975040555,9.484999821521342,33.27999902050942,0.0,0,BIHAR_2024_09_27,2024-09-27,NRSC_Sentinel1A
27.349998,86.15,0.6449999660253525,1.9899999350309368,2.604999914765358,6.349999837577343,24.784999592229724,0.0,0,BIHAR_2024_09_27,2024-09-27,NRSC_Sentinel1A
27.349998,86.25,1.10999995470047,2.39499993622303,4.344999864697456,13.204999778419731,30.839999370276928,0.0,0,BIHAR_2024_09_27,2024-09-27,NRSC_Sentinel1A
27.349998,86.35,1.919999897480011,3.434999879449606,6.569999750703573,17.304999385029078,37.17999900877476,0.0,0,BIHAR_2024_09_27,2024-09-27,NRSC_Sentinel1A
27.349998,86.45,3.474999785423279,5.079999715089798,9.424999624490738,27.334999226033688,51.6149989143014,0.0,0,BIHAR_2024_09_27,2024-09-27,NRSC_Sentinel1A
27.349998,86.549995,3.3549998998641968,4.424999877810478,9.329999849200249,34.97499965131283,55.91499941796064,0.0,0,BIHAR_2024_09_27,2024-09-27,NRSC_Sentinel1A
27.349998,86.65,1.7299999594688416,2.7099999338388443,7.029999926686287,41.43999917805195,68.48499898612499,0.0,0,BIHAR_2024_09_27,2024-09-27,NRSC_Sentinel1A
27.349998,86.75,2.0149999260902405,3.3199998885393143,10.384999826550484,28.939999520778656,62.35499897040427,0.0,0,BIHAR_2024_09_27,2024-09-27,NRSC_Sentinel1A
27.349998,86.85,1.4549999833106997,2.64999994635582,10.74999998509884,30.639999136328697,57.33499836921692,0.0,0,BIHAR_2024_09_27,2024-09-27,NRSC_Sentinel1A
27.349998,86.95,0.9949999749660492,1.4849999658763409,6.459999781101942,24.624999325722456,40.40499890036881,0.0,0,BIHAR_2024_09_27,2024-09-27,NRSC_Sentinel1A
27.349998,87.049995,2.019999921321869,3.8249998688697815,8.069999739527702,28.59499912057072,50.66499881539494,0.0,0,BIHAR_2024_09_27,2024-09-27,NRSC_Sentinel1A
27.349998,87.15,2.924999952316284,5.089999914169312,8.614999860525131,30.73999884724617,51.89499869942665,0.0,0,BIHAR_2024_09_27,2024-09-27,NRSC_Sentinel1A
27.349998,87.25,7.8349997997283936,10.799999684095384,17.489999443292618,38.294998958706856,66.27499812096357,0.0,0,BIHAR_2024_09_27,2024-09-27,NRSC_Sentinel1A
27.349998,87.35,2.189999938011169,2.554999940097332,12.024999909102917,28.96499974280596,63.23499919474125,0.0,0,BIHAR_2024_09_27,2024-09-27,NRSC_Sentinel1A
27.349998,87.45,6.589999675750732,9.5649995803833,13.344999372959135,27.07499884068966,79.65499861352146,0.0,0,BIHAR_2024_09_27,2024-09-27,NRSC_Sentinel1A
27.349998,87.549995,2.879999935626984,3.884999945759773,6.04499988257885,21.52499970793724,56.204998560249805,0.0,0,BIHAR_2024_09_27,2024-09-27,NRSC_Sentinel1A
27.349998,87.65,2.8600000143051147,4.06999995559454,4.424999952316284,19.2549994904548,53.38499917276204,0.0,0,BIHAR_2024_09_27,2024-09-27,NRSC_Sentinel1A
27.349998,87.75,2.759999871253968,3.934999849647284,4.244999836198986,18.74499923270196,60.89499829988927,0.0,0,BIHAR_2024_09_27,2024-09-27,NRSC_Sentinel1A
27.349998,87.85,1.6899998784065249,1.974999874830246,3.2199998646974564,12.11499959230423,66.72499825805426,0.0,0,BIHAR_2024_09_27,2024-09-27,NRSC_Sentinel1A
27.349998,87.95,0.6649999693036079,0.6649999693036079,2.304999925196171,10.98999967891723,55.319998738355935,0.0,0,BIHAR_2024_09_27,2024-09-27,NRSC_Sentinel1A
27.349998,88.049995,0.4949999935925007,0.4949999935925007,3.574999887496233,13.324999775737524,48.249999064952135,0.0,0,BIHAR_2024_09_27,2024-09-27,NRSC_Sentinel1A
27.349998,88.15,0.3549999892711639,0.3549999892711639,4.329999834299088,17.364999517798424,45.61999887228012,0.0,0,BIHAR_2024_09_27,2024-09-27,NRSC_Sentinel1A
27.349998,88.25,0.5599999837577343,0.6249999813735485,6.134999882429838,19.794999595731497,52.90999857708812,0.0,0,BIHAR_2024_09_27,2024-09-27,NRSC_Sentinel1A
27.349998,88.35,0.5499999783933163,0.6149999760091305,6.059999790042639,18.634999442845583,54.39499895274639,0.0,0,BIHAR_2024_09_27,2024-09-27,NRSC_Sentinel1A
27.349998,88.45,0.5349999740719795,0.6449999734759331,5.98499995842576,17.43499967828393,47.51499933097512,0.0,0,BIHAR_2024_09_27,2024-09-27,NRSC_Sentinel1A
27.449999,83.049995,0.0,0.0,0.0,0.3299999870359897,7.39499989990145,0.0,0,BIHAR_2024_09_27,2024-09-27,NRSC_Sentinel1A
27.449999,83.15,0.0,0.0649999976158142,0.0649999976158142,0.4149999842047691,8.454999722540379,0.0,0,BIHAR_2024_09_27,2024-09-27,NRSC_Sentinel1A
27.449999,83.25,0.0,0.0599999986588954,0.0599999986588954,0.4299999848008156,13.074999801814556,0.0,0,BIHAR_2024_09_27,2024-09-27,NRSC_Sentinel1A
27.449999,83.35,0.0,0.0,0.125,0.6599999889731407,14.579999588429928,0.0,0,BIHAR_2024_09_27,2024-09-27,NRSC_Sentinel1A
27.449999,83.45,0.0,0.0749999955296516,0.1599999964237213,0.9149999991059304,21.169999577105045,0.0,0,BIHAR_2024_09_27,2024-09-27,NRSC_Sentinel1A
27.449999,83.549995,0.0,0.0799999982118606,0.0799999982118606,0.5899999886751175,18.86999961733818,0.0,0,BIHAR_2024_09_27,2024-09-27,NRSC_Sentinel1A
27.449999,83.65,0.0,0.3649999834597111,0.604999978095293,1.0549999587237835,23.539999154396355,0.0,0,BIHAR_2024_09_27,2024-09-27,NRSC_Sentinel1A
27.449999,83.75,0.0,0.2699999958276748,0.8749999776482582,1.079999971203506,17.56499952543527,0.0,0,BIHAR_2024_09_27,2024-09-27,NRSC_Sentinel1A
27.449999,83.85,0.0,0.3449999839067459,1.074999963864684,1.2049999572336674,20.189999656751752,0.0,0,BIHAR_2024_09_27,2024-09-27,NRSC_Sentinel1A
27.449999,83.95,0.1949999928474426,0.4349999874830246,1.0649999752640724,1.2149999719113111,23.509999270550907,0.0,0,BIHAR_2024_09_27,2024-09-27,NRSC_Sentinel1A
27.449999,84.049995,0.2100000008940696,0.6450000032782555,1.5849999971687794,1.744999993592501,24.35499920975417,0.0,0,BIHAR_2024_09_27,2024-09-27,NRSC_Sentinel1A
27.449999,84.15,0.1649999991059303,0.759999968111515,1.5649999380111694,1.7199999336153269,28.094999546185136,0.0,0,BIHAR_2024_09_27,2024-09-27,NRSC_Sentinel1A
27.449999,84.25,0.1199999935925006,0.4399999864399433,3.754999876022339,3.889999870210886,30.999999255873263,0.0,0,BIHAR_2024_09_27,2024-09-27,NRSC_Sentinel1A
27.449999,84.35,0.1149999946355819,0.3099999874830246,2.249999977648258,2.374999973922968,31.334999587386847,0.0,0,BIHAR_2024_09_27,2024-09-27,NRSC_Sentinel1A
27.449999,84.45,0.2599999867379665,0.3099999837577343,1.469999972730875,1.469999972730875,26.1849995162338,0.0,0,BIHAR_2024_09_27,2024-09-27,NRSC_Sentinel1A
27.449999,84.549995,0.1299999952316284,0.2299999892711639,2.239999957382679,2.419999949634075,23.58999943826348,0.0,0,BIHAR_2024_09_27,2024-09-27,NRSC_Sentinel1A
27.449999,84.65,0.2049999963492155,0.5299999993294477,1.829999977722764,2.6149999666959047,43.67499889060855,0.0,0,BIHAR_2024_09_27,2024-09-27,NRSC_Sentinel1A
27.449999,84.75,0.3349999822676182,0.7599999755620956,2.0649999603629112,2.854999934323132,45.14999930001795,0.0,0,BIHAR_2024_09_27,2024-09-27,NRSC_Sentinel1A
27.449999,84.85,0.4749999977648258,1.0449999757111073,1.8299999609589577,2.719999922439456,22.599999556317925,0.0,0,BIHAR_2024_09_27,2024-09-27,NRSC_Sentinel1A
27.449999,84.95,0.699999962002039,1.159999955445528,1.724999936297536,3.564999895170331,27.704998994246125,0.0,0,BIHAR_2024_09_27,2024-09-27,NRSC_Sentinel1A
27.449999,85.049995,1.399999976158142,2.104999966919422,2.559999962337315,4.784999932162464,37.91999937128276,0.0,0,BIHAR_2024_09_27,2024-09-27,NRSC_Sentinel1A
27.449999,85.15,2.4349998645484447,3.589999821037054,3.904999823309481,8.494999692775309,36.17499923799187,0.0,0,BIHAR_2024_09_27,2024-09-27,NRSC_Sentinel1A
27.449999,85.25,2.354999952018261,3.744999937713146,4.779999893158674,15.214999612420796,49.86499872431159,0.0,0,BIHAR_2024_09_27,2024-09-27,NRSC_Sentinel1A
27.449999,85.35,0.989999994635582,2.8199999183416367,4.144999861717224,12.224999710917473,42.79999851621688,0.0,0,BIHAR_2024_09_27,2024-09-27,NRSC_Sentinel1A
27.449999,85.45,0.4799999892711639,3.084999918937683,4.82499985396862,8.949999697506428,38.03499903250486,0.0,0,BIHAR_2024_09_27,2024-09-27,NRSC_Sentinel1A
27.449999,85.549995,0.2749999910593033,2.7599999606609344,4.744999885559082,9.739999771118164,45.39499875344336,0.0,0,BIHAR_2024_09_27,2024-09-27,NRSC_Sentinel1A
27.449999,85.65,0.0699999965727329,2.049999985843897,4.574999932199717,12.704999793320894,46.78499952703714,0.0,0,BIHAR_2024_09_27,2024-09-27,NRSC_Sentinel1A
27.449999,85.75,0.1799999922513961,1.6099999248981476,3.5099998861551285,11.819999616593122,42.72499880194664,0.0,0,BIHAR_2024_09_27,2024-09-27,NRSC_Sentinel1A
27.449999,85.85,0.159999992698431,0.9649999551475048,2.3149999119341373,12.459999844431875,45.99499887228012,0.0,0,BIHAR_2024_09_27,2024-09-27,NRSC_Sentinel1A
27.449999,85.95,0.2649999856948852,0.9849999528378248,1.9499999238178127,14.085000115446746,39.83499966003001,0.0,0,BIHAR_2024_09_27,2024-09-27,NRSC_Sentinel1A
27.449999,86.049995,0.2799999862909317,1.3349999822676182,2.094999972730875,16.53000007942319,41.51499940082431,0.0,0,BIHAR_2024_09_27,2024-09-27,NRSC_Sentinel1A
27.449999,86.15,1.254999965429306,3.2949999384582043,4.794999901205301,13.3199995867908,38.64499905332923,0.0,0,BIHAR_2024_09_27,2024-09-27,NRSC_Sentinel1A
27.449999,86.25,1.2449999451637268,2.7249999344348907,6.179999858140945,13.979999620467424,38.06999915093184,0.0,0,BIHAR_2024_09_27,2024-09-27,NRSC_Sentinel1A
27.449999,86.35,1.2299999594688416,2.8999999165534973,5.704999811947346,14.409999527037144,56.94999880343676,0.0,0,BIHAR_2024_09_27,2024-09-27,NRSC_Sentinel1A
27.449999,86.45,1.5649999976158142,3.319999977946281,5.884999915957451,24.164999209344387,43.784998739138246,0.0,0,BIHAR_2024_09_27,2024-09-27,NRSC_Sentinel1A
27.449999,86.549995,1.9549999833107,3.474999964237213,6.314999975264072,25.344999408349395,39.99999887589365,0.0,0,BIHAR_2024_09_27,2024-09-27,NRSC_Sentinel1A
27.449999,86.65,2.2799999117851257,3.969999834895134,6.764999710023403,34.88499902933836,68.34999798983335,0.0,0,BIHAR_2024_09_27,2024-09-27,NRSC_Sentinel1A
27.449999,86.75,2.639999866485596,3.954999804496765,8.834999591112137,28.874999195337296,46.29499903693795,0.0,0,BIHAR_2024_09_27,2024-09-27,NRSC_Sentinel1A
27.449999,86.85,1.9399999380111688,3.0549999475479126,10.15499983727932,36.564998883754015,50.2949984446168,0.0,0,BIHAR_2024_09_27,2024-09-27,NRSC_Sentinel1A
27.449999,86.95,1.334999978542328,2.229999963194132,7.129999864846468,29.85499893501401,42.71999856084585,0.0,0,BIHAR_2024_09_27,2024-09-27,NRSC_Sentinel1A
27.449999,87.049995,1.899999976158142,3.519999921321869,6.859999924898148,23.754999458789825,77.27999862655997,0.0,0,BIHAR_2024_09_27,2024-09-27,NRSC_Sentinel1A
27.449999,87.15,2.48499995470047,4.559999912977219,7.099999874830246,26.049999713897705,85.69499830901623,0.0,0,BIHAR_2024_09_27,2024-09-27,NRSC_Sentinel1A
27.449999,87.25,9.699999809265137,21.87999939918518,25.984999284148216,40.63499863445759,56.1049982374534,0.0,0,BIHAR_2024_09_27,2024-09-27,NRSC_Sentinel1A
27.449999,87.35,13.69999933242798,45.15499830245972,53.43499821424484,67.36499787867069,85.46999764442444,0.0,0,BIHAR_2024_09_27,2024-09-27,NRSC_Sentinel1A
27.449999,87.45,5.669999837875366,35.709999084472656,41.96999883651733,55.009998470544815,84.94499791134149,0.0,0,BIHAR_2024_09_27,2024-09-27,NRSC_Sentinel1A
27.449999,87.549995,0.7899999618530273,0.7899999618530273,2.8999998569488525,13.469999821856618,34.88999995030463,0.0,0,BIHAR_2024_09_27,2024-09-27,NRSC_Sentinel1A
27.449999,87.65,1.155000001192093,1.155000001192093,1.6749999821186066,11.879999719560146,24.469999447464943,0.0,0,BIHAR_2024_09_27,2024-09-27,NRSC_Sentinel1A
27.449999,87.75,4.149999976158142,5.129999980330467,5.49499998241663,16.15999960899353,51.68499924708158,0.0,0,BIHAR_2024_09_27,2024-09-27,NRSC_Sentinel1A
27.449999,87.85,1.4649999737739563,1.4649999737739563,2.119999945163727,9.4849997125566,47.35999915935099,0.0,0,BIHAR_2024_09_27,2024-09-27,NRSC_Sentinel1A
27.449999,87.95,1.2449999749660492,1.2449999749660492,2.264999955892563,9.514999841339886,35.35999890137464,0.0,0,BIHAR_2024_09_27,2024-09-27,NRSC_Sentinel1A
27.449999,88.049995,0.9349999874830246,1.084999978542328,5.434999778866768,14.984999671578407,42.79999916255474,0.0,0,BIHAR_2024_09_27,2024-09-27,NRSC_Sentinel1A
27.449999,88.15,1.5750000178813934,1.6300000175833702,4.984999947249889,18.01999944448471,44.48999881185591,0.0,0,BIHAR_2024_09_27,2024-09-27,NRSC_Sentinel1A
27.449999,88.25,0.8349999934434891,2.2099999338388443,5.19499983638525,15.309999525547028,35.70999898016453,0.0,0,BIHAR_2024_09_27,2024-09-27,NRSC_Sentinel1A
27.449999,88.35,0.5949999652802944,0.5949999652802944,7.104999866336584,17.664999667555094,27.559999423101544,0.0,0,BIHAR_2024_09_27,2024-09-27,NRSC_Sentinel1A
27.449999,88.45,0.505000002682209,0.5600000023841858,6.11999985575676,14.844999712891877,24.634999637492,0.0,0,BIHAR_2024_09_27,2024-09-27,NRSC_Sentinel1A
27.55,83.049995,0.0,0.0,0.0,0.2299999948590994,6.079999800771475,0.0,0,BIHAR_2024_09_27,2024-09-27,NRSC_Sentinel1A
27.55,83.15,0.0,0.0,0.0,0.2499999888241291,5.864999867044389,0.0,0,BIHAR_2024_09_27,2024-09-27,NRSC_Sentinel1A
27.55,83.25,0.0,0.0,0.0,0.2849999889731407,5.7849998511374,0.0,0,BIHAR_2024_09_27,2024-09-27,NRSC_Sentinel1A
27.55,83.35,0.0,0.0,0.0,0.3699999880045652,7.209999868646264,0.0,0,BIHAR_2024_09_27,2024-09-27,NRSC_Sentinel1A
27.55,83.45,0.0,0.0649999976158142,0.0649999976158142,0.3449999950826168,11.599999744445086,0.0,0,BIHAR_2024_09_27,2024-09-27,NRSC_Sentinel1A
27.55,83.549995,0.0,0.0599999986588954,0.0599999986588954,0.3449999978765845,10.914999841712415,0.0,0,BIHAR_2024_09_27,2024-09-27,NRSC_Sentinel1A
27.55,83.65,0.0,0.1349999979138374,0.3449999988079071,1.209999985061586,14.004999700933697,0.0,0,BIHAR_2024_09_27,2024-09-27,NRSC_Sentinel1A
27.55,83.75,0.0,0.1499999947845935,0.7899999916553497,1.229999971576035,13.3749994719401,0.0,0,BIHAR_2024_09_27,2024-09-27,NRSC_Sentinel1A
27.55,83.85,0.0,0.3149999938905239,0.9299999736249448,1.434999953955412,13.434999722987412,0.0,0,BIHAR_2024_09_27,2024-09-27,NRSC_Sentinel1A
27.55,83.95,0.0,0.2299999892711639,0.8299999684095383,1.3299999656155703,17.25999982934445,0.0,0,BIHAR_2024_09_27,2024-09-27,NRSC_Sentinel1A
27.55,84.049995,0.0099999997764825,0.1650000009685754,0.7499999981373549,1.739999953657389,17.564999617636204,0.0,0,BIHAR_2024_09_27,2024-09-27,NRSC_Sentinel1A
27.55,84.15,0.0099999997764825,0.1650000009685754,0.6999999787658453,1.504999985918403,38.759999107569456,0.0,0,BIHAR_2024_09_27,2024-09-27,NRSC_Sentinel1A
27.55,84.25,0.0049999998882412,0.059999999590218,2.6450000489130616,3.850000054575503,24.334999399259686,0.0,0,BIHAR_2024_09_27,2024-09-27,NRSC_Sentinel1A
27.55,84.35,0.0649999976158142,0.0649999976158142,2.4600000083446503,2.655000004917383,24.534999798052013,0.0,0,BIHAR_2024_09_27,2024-09-27,NRSC_Sentinel1A
27.55,84.45,0.044999998062849,0.2199999950826168,2.104999925941229,2.2599999234080315,22.979999486356974,0.0,0,BIHAR_2024_09_27,2024-09-27,NRSC_Sentinel1A
27.55,84.549995,0.0350000001490116,0.2450000010430812,3.064999919384718,3.50999990478158,43.06499879434705,0.0,0,BIHAR_2024_09_27,2024-09-27,NRSC_Sentinel1A
27.55,84.65,0.0399999991059303,0.4349999837577343,2.109999932348728,2.8649999275803566,67.32499858923256,0.0,0,BIHAR_2024_09_27,2024-09-27,NRSC_Sentinel1A
27.55,84.75,0.0799999982118606,0.4749999921768904,2.314999951049685,3.08499993942678,65.16499906498939,0.0,0,BIHAR_2024_09_27,2024-09-27,NRSC_Sentinel1A
27.55,84.85,0.2250000014901161,0.6049999818205833,1.8849999606609344,2.6999999415129423,29.81999918073416,0.0,0,BIHAR_2024_09_27,2024-09-27,NRSC_Sentinel1A
27.55,84.95,0.2749999947845936,0.6249999888241291,1.459999967366457,2.599999953992665,32.794998903758824,0.0,0,BIHAR_2024_09_27,2024-09-27,NRSC_Sentinel1A
27.55,85.049995,1.0899999476969242,1.6599999405443668,2.2799999341368675,3.499999923631549,38.59499846957624,0.0,0,BIHAR_2024_09_27,2024-09-27,NRSC_Sentinel1A
27.55,85.15,3.834999855607748,4.519999828189611,4.959999825805426,7.309999775141478,34.56499909982085,0.0,0,BIHAR_2024_09_27,2024-09-27,NRSC_Sentinel1A
27.55,85.25,4.694999977946281,5.754999935626984,6.6549999313429,12.38499986846,42.334999305196106,0.0,0,BIHAR_2024_09_27,2024-09-27,NRSC_Sentinel1A
27.55,85.35,1.109999928623438,3.049999836832285,4.149999815970659,10.519999664276838,29.5399995110929,0.0,0,BIHAR_2024_09_27,2024-09-27,NRSC_Sentinel1A
27.55,85.45,0.2800000011920929,2.4749999046325684,4.064999848604202,9.03499972820282,39.89499866962433,0.0,0,BIHAR_2024_09_27,2024-09-27,NRSC_Sentinel1A
27.55,85.549995,0.0949999988079071,1.81999996304512,3.2549999207258224,8.51499978452921,44.19999869912863,0.0,0,BIHAR_2024_09_27,2024-09-27,NRSC_Sentinel1A
27.55,85.65,0.0399999991059303,1.6349999383091929,3.3949999138712883,10.099999777972698,44.9999990388751,0.0,0,BIHAR_2024_09_27,2024-09-27,NRSC_Sentinel1A
27.55,85.75,0.0849999971687793,1.1949999667704103,2.6099999584257603,10.58999988809228,44.97499901428819,0.0,0,BIHAR_2024_09_27,2024-09-27,NRSC_Sentinel1A
27.55,85.85,0.1549999937415123,1.0199999809265137,1.914999943226576,8.924999751150608,40.77999902516604,0.0,0,BIHAR_2024_09_27,2024-09-27,NRSC_Sentinel1A
27.55,85.95,0.1199999973177909,0.924999974668026,1.7949999626725912,9.32499966584146,39.25499945692718,0.0,0,BIHAR_2024_09_27,2024-09-27,NRSC_Sentinel1A
27.55,86.049995,0.2999999858438968,1.5599999763071537,3.7049999348819256,10.564999889582396,28.779999480582774,0.0,0,BIHAR_2024_09_27,2024-09-27,NRSC_Sentinel1A
27.55,86.15,0.3549999892711639,2.3899999260902405,5.484999880194664,12.059999635443091,35.40499877743423,0.0,0,BIHAR_2024_09_27,2024-09-27,NRSC_Sentinel1A
27.55,86.25,0.824999988079071,2.294999912381172,5.2599998116493225,15.569999633356929,36.71499891206622,0.0,0,BIHAR_2024_09_27,2024-09-27,NRSC_Sentinel1A
27.55,86.35,1.2699999511241913,2.7999998927116394,4.559999853372574,14.749999523162842,53.5999986846,0.0,0,BIHAR_2024_09_27,2024-09-27,NRSC_Sentinel1A
27.55,86.45,1.5399999618530271,3.229999929666519,4.074999913573265,21.97999945282936,51.5049983561039,0.0,0,BIHAR_2024_09_27,2024-09-27,NRSC_Sentinel1A
27.55,86.549995,2.2149999737739563,3.814999923110008,4.484999899752438,21.739999358542264,40.64499891642481,0.0,0,BIHAR_2024_09_27,2024-09-27,NRSC_Sentinel1A
27.55,86.65,2.569999933242798,6.159999847412109,8.674999691545963,29.81999889761209,53.85999854840338,0.0,0,BIHAR_2024_09_27,2024-09-27,NRSC_Sentinel1A
27.55,86.75,3.09499990940094,7.214999794960022,9.924999848008156,27.874999299645424,50.20499851740897,0.0,0,BIHAR_2024_09_27,2024-09-27,NRSC_Sentinel1A
27.55,86.85,2.559999942779541,6.584999918937683,11.604999907314776,40.75999850779772,64.0999978594482,0.0,0,BIHAR_2024_09_27,2024-09-27,NRSC_Sentinel1A
27.55,86.95,3.174999952316284,7.214999794960022,9.074999704957008,32.57999883592129,59.81499783694744,0.0,0,BIHAR_2024_09_27,2024-09-27,NRSC_Sentinel1A
27.55,87.049995,4.174999952316284,11.339999675750732,13.184999600052834,33.144999369978905,84.7599986512214,0.0,0,BIHAR_2024_09_27,2024-09-27,NRSC_Sentinel1A
27.55,87.15,5.519999980926514,13.404999732971191,15.314999714493752,30.59999941661954,67.90999847277999,0.0,0,BIHAR_2024_09_27,2024-09-27,NRSC_Sentinel1A
27.55,87.25,5.499999761581421,13.844999551773071,15.694999489933252,28.06999905686825,62.59999819006771,0.0,0,BIHAR_2024_09_27,2024-09-27,NRSC_Sentinel1A
27.55,87.35,7.785000085830688,27.40499997138977,31.70499989390373,41.114999663084745,88.84499859251082,0.0,0,BIHAR_2024_09_27,2024-09-27,NRSC_Sentinel1A
27.55,87.45,10.835000038146973,32.73499917984009,36.72999905794859,47.9499987103045,98.00499740615489,0.0,0,BIHAR_2024_09_27,2024-09-27,NRSC_Sentinel1A
27.55,87.549995,4.75,7.324999958276749,8.32999993301928,17.119999887421727,63.6449988540262,0.0,0,BIHAR_2024_09_27,2024-09-27,NRSC_Sentinel1A
27.55,87.65,2.725000023841858,3.694999992847442,4.214999973773956,11.189999669790268,36.44499905407429,0.0,0,BIHAR_2024_09_27,2024-09-27,NRSC_Sentinel1A
27.55,87.75,5.629999876022339,11.024999737739565,11.684999726712704,17.709999483078718,38.89499916601926,0.0,0,BIHAR_2024_09_27,2024-09-27,NRSC_Sentinel1A
27.55,87.85,2.764999866485596,4.6399997770786285,5.224999763071537,8.584999684244394,27.974998963996768,0.0,0,BIHAR_2024_09_27,2024-09-27,NRSC_Sentinel1A
27.55,87.95,4.134999990463257,6.810000032186508,7.560000015422702,11.934999961405993,33.13499926775694,0.0,0,BIHAR_2024_09_27,2024-09-27,NRSC_Sentinel1A
27.55,88.049995,4.194999933242798,6.689999878406525,10.309999737888576,14.10499964095652,26.629999465309083,0.0,0,BIHAR_2024_09_27,2024-09-27,NRSC_Sentinel1A
27.55,88.15,1.2449999451637268,2.204999938607216,2.539999919012189,7.514999831095338,21.71999950148165,0.0,0,BIHAR_2024_09_27,2024-09-27,NRSC_Sentinel1A
27.55,88.25,1.0999999642372131,2.069999948143959,4.414999902248383,8.309999763965607,19.49499936774373,0.0,0,BIHAR_2024_09_27,2024-09-27,NRSC_Sentinel1A
27.55,88.35,1.73499995470047,2.2599999271333218,6.259999800473452,12.009999684989452,20.054999475367367,0.0,0,BIHAR_2024_09_27,2024-09-27,NRSC_Sentinel1A
27.55,88.45,1.284999966621399,1.654999956488609,3.684999916702509,12.364999774843454,22.37999947182834,0.0,0,BIHAR_2024_09_27,2024-09-27,NRSC_Sentinel1A
27.65,83.049995,0.0,0.0,0.0,0.0799999982118606,2.6349999187514186,0.0,0,BIHAR_2024_09_27,2024-09-27,NRSC_Sentinel1A
27.65,83.15,0.0,0.0,0.0,0.0299999993294477,4.289999848231673,0.0,0,BIHAR_2024_09_27,2024-09-27,NRSC_Sentinel1A
27.65,83.25,0.0,0.0,0.0,0.0699999965727329,4.86999983061105,0.0,0,BIHAR_2024_09_27,2024-09-27,NRSC_Sentinel1A
27.65,83.35,0.0,0.0,0.0,0.1899999976158142,6.164999848231673,0.0,0,BIHAR_2024_09_27,2024-09-27,NRSC_Sentinel1A
27.65,83.45,0.0,0.0,0.0,0.2549999980255961,6.75499982573092,0.0,0,BIHAR_2024_09_27,2024-09-27,NRSC_Sentinel1A
27.65,83.549995,0.0,0.0,0.0,0.1849999912083149,8.319999789819121,0.0,0,BIHAR_2024_09_27,2024-09-27,NRSC_Sentinel1A
27.65,83.65,0.0,0.0149999996647238,0.3149999966844916,1.5549999624490738,10.624999728053808,0.0,0,BIHAR_2024_09_27,2024-09-27,NRSC_Sentinel1A
27.65,83.75,0.0,0.0700000002980232,0.5949999839067459,1.2749999659135938,13.459999619051814,0.0,0,BIHAR_2024_09_27,2024-09-27,NRSC_Sentinel1A
27.65,83.85,0.0,0.0700000002980232,0.4599999841302633,2.134999983012676,13.599999777041376,0.0,0,BIHAR_2024_09_27,2024-09-27,NRSC_Sentinel1A
27.65,83.95,0.0,0.0799999982118606,0.4149999879300594,2.1799999736249447,14.91999962925911,0.0,0,BIHAR_2024_09_27,2024-09-27,NRSC_Sentinel1A
27.65,84.049995,0.0,0.0350000001490116,0.3749999962747097,2.5799999460577965,15.41499973461032,0.0,0,BIHAR_2024_09_27,2024-09-27,NRSC_Sentinel1A
27.65,84.15,0.0,0.0350000001490116,0.4749999828636646,2.43999994173646,31.70999974012375,0.0,0,BIHAR_2024_09_27,2024-09-27,NRSC_Sentinel1A
27.65,84.25,0.0,0.0649999976158142,3.284999966621399,5.1649999264627695,21.834999471902847,0.0,0,BIHAR_2024_09_27,2024-09-27,NRSC_Sentinel1A
27.65,84.35,0.0,0.0399999991059303,5.2700000405311584,6.105000017210841,25.189999546855688,0.0,0,BIHAR_2024_09_27,2024-09-27,NRSC_Sentinel1A
27.65,84.45,0.0499999970197677,0.3649999797344208,3.239999935030937,4.55499991029501,20.36999960616231,0.0,0,BIHAR_2024_09_27,2024-09-27,NRSC_Sentinel1A
27.65,84.549995,0.0399999991059303,0.2649999931454658,2.559999898076057,5.019999869167805,48.18999889027327,0.0,0,BIHAR_2024_09_27,2024-09-27,NRSC_Sentinel1A
27.65,84.65,0.0299999993294477,0.3599999900907278,2.8399999495595694,4.694999873638153,69.17999820131809,0.0,0,BIHAR_2024_09_27,2024-09-27,NRSC_Sentinel1A
27.65,84.75,0.0849999990314245,0.4399999883025884,5.629999741911888,7.564999710768461,66.36999884434044,0.0,0,BIHAR_2024_09_27,2024-09-27,NRSC_Sentinel1A
27.65,84.85,0.0799999982118606,0.3799999915063381,2.454999953508377,3.994999896734953,58.08499925211072,0.0,0,BIHAR_2024_09_27,2024-09-27,NRSC_Sentinel1A
27.65,84.95,0.1299999952316284,0.4599999897181988,1.779999952763319,2.6799999410286546,46.26499886158854,0.0,0,BIHAR_2024_09_27,2024-09-27,NRSC_Sentinel1A
27.65,85.049995,0.3150000013411045,0.6949999816715717,1.7099999524652958,2.5599999306723475,49.63999881129712,0.0,0,BIHAR_2024_09_27,2024-09-27,NRSC_Sentinel1A
27.65,85.15,0.5499999895691872,1.0649999752640724,1.7549999579787254,2.8249999191612005,44.61999883316457,0.0,0,BIHAR_2024_09_27,2024-09-27,NRSC_Sentinel1A
27.65,85.25,0.5249999798834324,1.1399999596178532,2.084999930113554,4.7649998515844345,45.13499875366688,0.0,0,BIHAR_2024_09_27,2024-09-27,NRSC_Sentinel1A
27.65,85.35,0.2750000059604645,1.0199999958276749,1.9799999743700027,7.799999766051769,42.67999931424856,0.0,0,BIHAR_2024_09_27,2024-09-27,NRSC_Sentinel1A
27.65,85.45,0.1999999955296516,1.2650000005960464,2.6149999797344208,7.0249998569488525,50.754998952150345,0.0,0,BIHAR_2024_09_27,2024-09-27,NRSC_Sentinel1A
27.65,85.549995,0.0749999955296516,1.3049999363720417,2.394999887794256,6.229999791830778,46.86499857529998,0.0,0,BIHAR_2024_09_27,2024-09-27,NRSC_Sentinel1A
27.65,85.65,0.0049999998882412,1.099999968893826,2.3449999364092946,5.75499985832721,43.38499904889613,0.0,0,BIHAR_2024_09_27,2024-09-27,NRSC_Sentinel1A
27.65,85.75,0.0299999993294477,0.9649999868124725,2.04999995790422,7.179999915882945,49.87499981932342,0.0,0,BIHAR_2024_09_27,2024-09-27,NRSC_Sentinel1A
27.65,85.85,0.0549999997019767,0.7999999895691872,1.5249999687075615,6.69999985024333,52.504998844116926,0.0,0,BIHAR_2024_09_27,2024-09-27,NRSC_Sentinel1A
27.65,85.95,0.0749999955296516,1.2249999567866323,1.9649999290704727,7.269999772310257,44.39499895274639,0.0,0,BIHAR_2024_09_27,2024-09-27,NRSC_Sentinel1A
27.65,86.049995,0.1049999948590993,1.5049999710172417,3.3499998804181814,7.659999730065465,36.32999880798161,0.0,0,BIHAR_2024_09_27,2024-09-27,NRSC_Sentinel1A
27.65,86.15,0.1749999951571226,2.4349999856203794,5.189999831840396,7.969999764114618,44.33999900892377,0.0,0,BIHAR_2024_09_27,2024-09-27,NRSC_Sentinel1A
27.65,86.25,0.8100000023841858,4.184999942779541,7.374999843537807,13.849999736994503,49.0999992005527,0.0,0,BIHAR_2024_09_27,2024-09-27,NRSC_Sentinel1A
27.65,86.35,1.2449999451637268,4.804999768733978,6.469999715685844,15.72499953210354,55.07999896630645,0.0,0,BIHAR_2024_09_27,2024-09-27,NRSC_Sentinel1A
27.65,86.45,1.4199999570846558,5.324999928474426,6.429999907501042,21.264999558217824,42.28999931272119,0.0,0,BIHAR_2024_09_27,2024-09-27,NRSC_Sentinel1A
27.65,86.549995,2.175000011920929,5.284999966621399,6.1949999602511525,18.51499962899834,38.25999904517085,0.0,0,BIHAR_2024_09_27,2024-09-27,NRSC_Sentinel1A
27.65,86.65,3.274999976158142,6.119999945163727,7.484999909996986,23.159999353811145,42.504999071359634,0.0,0,BIHAR_2024_09_27,2024-09-27,NRSC_Sentinel1A
27.65,86.75,0.9999999701976776,3.639999926090241,5.044999904930592,24.479999301955104,42.424998911097646,0.0,0,BIHAR_2024_09_27,2024-09-27,NRSC_Sentinel1A
27.65,86.85,1.4249999523162842,4.25999990105629,6.934999860823154,30.129999443888664,48.26499906927347,0.0,0,BIHAR_2024_09_27,2024-09-27,NRSC_Sentinel1A
27.65,86.95,3.024999976158142,6.93999981880188,8.70999975502491,31.15999884158373,57.55999835208058,0.0,0,BIHAR_2024_09_27,2024-09-27,NRSC_Sentinel1A
27.65,87.049995,3.414999961853028,6.349999874830246,7.954999819397926,31.709999304264784,61.104998141527176,0.0,0,BIHAR_2024_09_27,2024-09-27,NRSC_Sentinel1A
27.65,87.15,3.299999952316284,6.349999845027924,7.604999825358391,22.974999386817217,53.889998603612185,0.0,0,BIHAR_2024_09_27,2024-09-27,NRSC_Sentinel1A
27.65,87.25,1.8749999850988388,4.874999955296516,6.2849999368190765,20.514999713748693,51.94999931752682,0.0,0,BIHAR_2024_09_27,2024-09-27,NRSC_Sentinel1A
27.65,87.35,2.814999938011169,14.40999972820282,17.329999692738056,28.42999916896224,38.24999881349504,0.0,0,BIHAR_2024_09_27,2024-09-27,NRSC_Sentinel1A
27.65,87.45,5.069999933242798,17.50499963760376,20.124999542720616,35.4099989105016,79.90999842621386,0.0,0,BIHAR_2024_09_27,2024-09-27,NRSC_Sentinel1A
27.65,87.549995,7.014999628067017,19.58999943733216,21.279999427497387,30.869999192655087,69.09499822370708,0.0,0,BIHAR_2024_09_27,2024-09-27,NRSC_Sentinel1A
27.65,87.65,1.1850000023841858,3.5899999141693115,3.954999901354313,13.22999968379736,56.00499866344035,0.0,0,BIHAR_2024_09_27,2024-09-27,NRSC_Sentinel1A
27.65,87.75,1.4999999403953552,4.269999921321869,4.784999921917915,9.20499984640628,32.68499930668622,0.0,0,BIHAR_2024_09_27,2024-09-27,NRSC_Sentinel1A
27.65,87.85,2.5999999046325684,4.569999873638153,4.7799998708069324,6.289999827742577,25.26999954134226,0.0,0,BIHAR_2024_09_27,2024-09-27,NRSC_Sentinel1A
27.65,87.95,4.4049999713897705,7.059999883174896,7.119999881833792,10.269999796524644,29.639999406412244,0.0,0,BIHAR_2024_09_27,2024-09-27,NRSC_Sentinel1A
27.65,88.049995,4.874999761581421,6.464999668300152,7.294999651610851,12.294999518431723,23.98999912571162,0.0,0,BIHAR_2024_09_27,2024-09-27,NRSC_Sentinel1A
27.65,88.15,1.524999976158142,2.619999945163727,3.7799999117851257,6.854999855160713,16.344999687746167,0.0,0,BIHAR_2024_09_27,2024-09-27,NRSC_Sentinel1A
27.65,88.25,1.7499999403953552,3.064999893307686,3.879999857395888,6.8549997713416815,15.409999636933208,0.0,0,BIHAR_2024_09_27,2024-09-27,NRSC_Sentinel1A
27.65,88.35,4.334999918937683,6.539999887347221,7.134999878704548,12.474999683909118,19.18999964743853,0.0,0,BIHAR_2024_09_27,2024-09-27,NRSC_Sentinel1A
27.65,88.45,2.0399999022483826,4.3999998569488525,5.299999836832285,11.804999679327013,26.59999947529286,0.0,0,BIHAR_2024_09_27,2024-09-27,NRSC_Sentinel1A
27.75,83.049995,0.0,0.0,0.0350000001490116,0.0350000001490116,2.774999927729368,0.0,0,BIHAR_2024_09_27,2024-09-27,NRSC_Sentinel1A
27.75,83.15,0.0,0.0,0.0,0.0299999993294477,3.304999902844429,0.0,0,BIHAR_2024_09_27,2024-09-27,NRSC_Sentinel1A
27.75,83.25,0.0,0.0,0.0,0.0299999993294477,5.099999818950892,0.0,0,BIHAR_2024_09_27,2024-09-27,NRSC_Sentinel1A
27.75,83.35,0.0,0.0,0.0,0.1249999925494194,6.744999814778566,0.0,0,BIHAR_2024_09_27,2024-09-27,NRSC_Sentinel1A
27.75,83.45,0.0,0.0,0.0599999986588954,0.1799999922513961,6.65499986615032,0.0,0,BIHAR_2024_09_27,2024-09-27,NRSC_Sentinel1A
27.75,83.549995,0.0,0.0,0.0549999997019767,0.1699999962002039,8.71499989926815,0.0,0,BIHAR_2024_09_27,2024-09-27,NRSC_Sentinel1A
27.75,83.65,0.0,0.0299999993294477,0.2699999865144491,1.2249999660998585,10.044999650679529,0.0,0,BIHAR_2024_09_27,2024-09-27,NRSC_Sentinel1A
27.75,83.75,0.0,0.0,0.1049999967217445,1.7899999422952533,17.4499996509403,0.0,0,BIHAR_2024_09_27,2024-09-27,NRSC_Sentinel1A
27.75,83.85,0.0,0.044999998062849,0.1149999983608722,2.819999950006604,15.734999511390924,0.0,0,BIHAR_2024_09_27,2024-09-27,NRSC_Sentinel1A
27.75,83.95,0.0,0.044999998062849,0.1349999941885471,2.4149999283254147,18.54499951004982,0.0,0,BIHAR_2024_09_27,2024-09-27,NRSC_Sentinel1A
27.75,84.049995,0.0,0.0,0.0899999951943755,3.284999988041818,18.96999954245985,0.0,0,BIHAR_2024_09_27,2024-09-27,NRSC_Sentinel1A
27.75,84.15,0.0,0.054999996908009,0.3499999931082129,2.8799999197945,37.44999828841537,0.0,0,BIHAR_2024_09_27,2024-09-27,NRSC_Sentinel1A
27.75,84.25,0.0,0.0399999991059303,3.4599998369812965,6.324999755248427,24.69999904185533,0.0,0,BIHAR_2024_09_27,2024-09-27,NRSC_Sentinel1A
27.75,84.35,0.0350000001490116,0.0350000001490116,2.079999838024378,9.444999422878029,32.55499856825918,0.0,0,BIHAR_2024_09_27,2024-09-27,NRSC_Sentinel1A
27.75,84.45,0.0350000001490116,0.2749999947845936,2.0699999518692493,8.134999748319387,23.024999482557178,0.0,0,BIHAR_2024_09_27,2024-09-27,NRSC_Sentinel1A
27.75,84.549995,0.0649999976158142,0.2649999931454658,2.174999922513962,7.754999697208403,48.73499890137464,0.0,0,BIHAR_2024_09_27,2024-09-27,NRSC_Sentinel1A
27.75,84.65,0.0599999986588954,0.169999998062849,3.84999992325902,7.569999769330025,57.87499921489507,0.0,0,BIHAR_2024_09_27,2024-09-27,NRSC_Sentinel1A
27.75,84.75,0.0649999976158142,0.2049999982118606,5.084999993443489,8.554999958723783,56.029998537153006,0.0,0,BIHAR_2024_09_27,2024-09-27,NRSC_Sentinel1A
27.75,84.85,0.1449999958276748,0.4299999810755253,5.054999832063913,7.534999791532755,50.22999929077923,0.0,0,BIHAR_2024_09_27,2024-09-27,NRSC_Sentinel1A
27.75,84.95,0.2999999858438968,0.6199999712407589,2.344999957829714,3.90499993879348,42.47499927598983,0.0,0,BIHAR_2024_09_27,2024-09-27,NRSC_Sentinel1A
27.75,85.049995,0.2549999877810478,0.6449999734759331,2.224999941885472,3.204999922774732,41.079999341629446,0.0,0,BIHAR_2024_09_27,2024-09-27,NRSC_Sentinel1A
27.75,85.15,0.1449999995529651,0.5049999952316284,1.324999962002039,2.1799999428913,65.1999985082075,0.0,0,BIHAR_2024_09_27,2024-09-27,NRSC_Sentinel1A
27.75,85.25,0.069999998435378,0.3949999902397394,1.4549999553710222,2.5099999215453863,72.32499887607992,0.0,0,BIHAR_2024_09_27,2024-09-27,NRSC_Sentinel1A
27.75,85.35,0.1199999991804361,0.4499999973922968,1.6149999778717756,3.349999925121665,76.25999783538282,0.0,0,BIHAR_2024_09_27,2024-09-27,NRSC_Sentinel1A
27.75,85.45,0.0399999991059303,0.4099999852478504,5.199999909847975,8.174999851733446,67.55999820306897,0.0,0,BIHAR_2024_09_27,2024-09-27,NRSC_Sentinel1A
27.75,85.549995,0.0,0.6749999821186066,3.389999955892563,7.199999898672104,51.674998961389065,0.0,0,BIHAR_2024_09_27,2024-09-27,NRSC_Sentinel1A
27.75,85.65,0.0399999991059303,0.7999999932944775,3.814999934285879,7.734999801963568,58.03499872609973,0.0,0,BIHAR_2024_09_27,2024-09-27,NRSC_Sentinel1A
27.75,85.75,0.089999996125698,0.7499999813735485,2.044999931007624,6.249999780207872,58.11499797180295,0.0,0,BIHAR_2024_09_27,2024-09-27,NRSC_Sentinel1A
27.75,85.85,0.0799999982118606,0.7599999746307731,1.5649999594315886,6.569999820552766,65.11999795492738,0.0,0,BIHAR_2024_09_27,2024-09-27,NRSC_Sentinel1A
27.75,85.95,0.1049999967217445,1.364999920129776,2.1149999033659697,7.949999777600169,64.16499748639762,0.0,0,BIHAR_2024_09_27,2024-09-27,NRSC_Sentinel1A
27.75,86.049995,0.0400000000372529,1.6149999285116792,2.5149998972192407,7.704999783076346,48.78499882016331,0.0,0,BIHAR_2024_09_27,2024-09-27,NRSC_Sentinel1A
27.75,86.15,0.2899999842047691,1.1649999767541883,2.159999966621399,6.254999831318855,37.87499924749136,0.0,0,BIHAR_2024_09_27,2024-09-27,NRSC_Sentinel1A
27.75,86.25,0.2449999973177909,2.5199998822063208,3.8349998462945214,9.46499965339899,51.2149981930852,0.0,0,BIHAR_2024_09_27,2024-09-27,NRSC_Sentinel1A
27.75,86.35,0.0649999994784593,2.8549999315291643,3.5949999149888754,12.234999796375632,52.12499890290201,0.0,0,BIHAR_2024_09_27,2024-09-27,NRSC_Sentinel1A
27.75,86.45,0.2599999979138374,1.9149999395012856,2.4799999222159386,18.47499977797269,26.62499960139393,0.0,0,BIHAR_2024_09_27,2024-09-27,NRSC_Sentinel1A
27.75,86.549995,0.6299999952316284,1.7599999606609344,3.0149999409914017,18.12499925494194,25.674998874776065,0.0,0,BIHAR_2024_09_27,2024-09-27,NRSC_Sentinel1A
27.75,86.65,1.1399999558925629,2.254999950528145,4.169999912381172,23.73999963700772,40.11499949544668,0.0,0,BIHAR_2024_09_27,2024-09-27,NRSC_Sentinel1A
27.75,86.75,0.6199999898672104,1.4349999725818634,2.184999957680702,20.5799997150898,35.249999372288585,0.0,0,BIHAR_2024_09_27,2024-09-27,NRSC_Sentinel1A
27.75,86.85,1.324999988079071,2.809999942779541,3.5549999102950096,36.24499901384115,49.7399986423552,0.0,0,BIHAR_2024_09_27,2024-09-27,NRSC_Sentinel1A
27.75,86.95,2.209999978542328,4.944999873638153,6.979999825358391,32.41999956779182,36.62999943178147,0.0,0,BIHAR_2024_09_27,2024-09-27,NRSC_Sentinel1A
27.75,87.049995,3.569999933242798,8.129999697208405,10.67499965429306,41.20499891787768,57.2249985197559,0.0,0,BIHAR_2024_09_27,2024-09-27,NRSC_Sentinel1A
27.75,87.15,2.509999990463257,7.029999792575836,9.214999750256538,38.82999886572361,90.1799978595227,0.0,0,BIHAR_2024_09_27,2024-09-27,NRSC_Sentinel1A
27.75,87.25,1.5399999618530271,7.584999859333038,9.85999982059002,37.75000004470349,90.86499887704848,0.0,0,BIHAR_2024_09_27,2024-09-27,NRSC_Sentinel1A
27.75,87.35,4.59499990940094,27.024999737739563,34.23999962210655,56.18499878048897,66.70499865151942,0.0,0,BIHAR_2024_09_27,2024-09-27,NRSC_Sentinel1A
27.75,87.45,1.7249999642372131,5.024999916553497,8.319999776780605,34.54999913275242,42.60499904118478,0.0,0,BIHAR_2024_09_27,2024-09-27,NRSC_Sentinel1A
27.75,87.549995,1.524999976158142,4.374999940395355,6.549999907612801,20.079999648034573,27.079999482259154,0.0,0,BIHAR_2024_09_27,2024-09-27,NRSC_Sentinel1A
27.75,87.65,1.1849999725818634,2.0049999319016933,3.2499999068677425,17.274999734014273,21.844999602995813,0.0,0,BIHAR_2024_09_27,2024-09-27,NRSC_Sentinel1A
27.75,87.75,2.3449999690055847,3.2299999594688416,4.474999941885471,8.20499987155199,12.834999768063426,0.0,0,BIHAR_2024_09_27,2024-09-27,NRSC_Sentinel1A
27.75,87.85,1.2349999845027924,1.5599999725818634,1.7849999628961086,3.1449999371543527,15.704999862238765,0.0,0,BIHAR_2024_09_27,2024-09-27,NRSC_Sentinel1A
27.75,87.95,1.5549999475479126,1.7999999448657036,1.9699999392032623,5.854999884031713,30.629999436438084,0.0,0,BIHAR_2024_09_27,2024-09-27,NRSC_Sentinel1A
27.75,88.049995,2.0199999809265137,2.5799999833106995,4.864999920129776,11.76999980956316,15.46999969240278,0.0,0,BIHAR_2024_09_27,2024-09-27,NRSC_Sentinel1A
27.75,88.15,2.939999938011169,5.8999998569488525,7.654999792575836,10.719999700784683,15.504999578930438,0.0,0,BIHAR_2024_09_27,2024-09-27,NRSC_Sentinel1A
27.75,88.25,2.475000023841858,4.879999965429306,5.064999966882169,8.699999964796007,15.664999748580158,0.0,0,BIHAR_2024_09_27,2024-09-27,NRSC_Sentinel1A
27.75,88.35,2.7799999713897705,4.7849999368190765,5.289999917149544,15.064999740570784,27.409999553114176,0.0,0,BIHAR_2024_09_27,2024-09-27,NRSC_Sentinel1A
27.75,88.45,3.509999871253968,8.019999973475933,8.559999965131283,13.994999751448631,45.20999878458679,0.0,0,BIHAR_2024_09_27,2024-09-27,NRSC_Sentinel1A
27.849998,83.049995,0.0,0.0,0.1599999945610761,0.1599999945610761,3.84999985806644,0.0,0,BIHAR_2024_09_27,2024-09-27,NRSC_Sentinel1A
27.849998,83.15,0.0,0.0,0.0099999997764825,0.0399999991059303,5.049999852664769,0.0,0,BIHAR_2024_09_27,2024-09-27,NRSC_Sentinel1A
27.849998,83.25,0.0,0.0,0.0,0.0299999993294477,7.184999825432897,0.0,0,BIHAR_2024_09_27,2024-09-27,NRSC_Sentinel1A
27.849998,83.35,0.0,0.0,0.0,0.1499999966472387,8.899999795481563,0.0,0,BIHAR_2024_09_27,2024-09-27,NRSC_Sentinel1A
27.849998,83.45,0.0,0.0,0.0,0.9449999742209912,11.004999786615372,0.0,0,BIHAR_2024_09_27,2024-09-27,NRSC_Sentinel1A
27.849998,83.549995,0.0,0.0,0.0499999970197677,0.904999990016222,19.834999576210976,0.0,0,BIHAR_2024_09_27,2024-09-27,NRSC_Sentinel1A
27.849998,83.65,0.0,0.0,0.1349999904632568,2.6899999398738146,17.359999623149633,0.0,0,BIHAR_2024_09_27,2024-09-27,NRSC_Sentinel1A
27.849998,83.75,0.0,0.0,0.0599999986588954,2.129999994300306,19.64499970711768,0.0,0,BIHAR_2024_09_27,2024-09-27,NRSC_Sentinel1A
27.849998,83.85,0.044999998062849,0.1299999952316284,0.1899999938905239,3.799999864771962,22.62999984249473,0.0,0,BIHAR_2024_09_27,2024-09-27,NRSC_Sentinel1A
27.849998,83.95,0.0299999993294477,0.1399999968707561,0.2049999944865703,3.8349998500198126,27.78999970667064,0.0,0,BIHAR_2024_09_27,2024-09-27,NRSC_Sentinel1A
27.849998,84.049995,0.0,0.1049999976530671,0.1699999952688813,4.454999894835055,28.404999629594386,0.0,0,BIHAR_2024_09_27,2024-09-27,NRSC_Sentinel1A
27.849998,84.15,0.0,0.079999997280538,0.1399999959394335,4.729999813251197,41.244998750276864,0.0,0,BIHAR_2024_09_27,2024-09-27,NRSC_Sentinel1A
27.849998,84.25,0.0,0.0849999971687793,0.1399999968707561,9.234999559819698,30.95499947667122,0.0,0,BIHAR_2024_09_27,2024-09-27,NRSC_Sentinel1A
27.849998,84.35,0.0599999986588954,0.0999999977648258,0.2149999961256981,11.449999801814556,32.26499954611063,0.0,0,BIHAR_2024_09_27,2024-09-27,NRSC_Sentinel1A
27.849998,84.45,0.0449999999254941,0.189999995753169,0.554999990388751,8.694999916478992,25.95999930612743,0.0,0,BIHAR_2024_09_27,2024-09-27,NRSC_Sentinel1A
27.849998,84.549995,0.0299999993294477,0.1799999978393316,0.5349999852478504,9.324999856762588,43.81499931123108,0.0,0,BIHAR_2024_09_27,2024-09-27,NRSC_Sentinel1A
27.849998,84.65,0.0,0.0700000002980232,0.6049999818205833,7.60499994456768,45.30999957025051,0.0,0,BIHAR_2024_09_27,2024-09-27,NRSC_Sentinel1A
27.849998,84.75,0.0299999993294477,0.1049999948590993,1.2700000014156103,8.779999846592546,54.33999914862216,0.0,0,BIHAR_2024_09_27,2024-09-27,NRSC_Sentinel1A
27.849998,84.85,0.0999999977648258,0.41499999538064,1.8749999813735485,6.399999905377626,45.21499863639474,0.0,0,BIHAR_2024_09_27,2024-09-27,NRSC_Sentinel1A
27.849998,84.95,0.1600000001490116,0.4799999929964542,1.52499995008111,5.339999759569764,43.54499918408692,0.0,0,BIHAR_2024_09_27,2024-09-27,NRSC_Sentinel1A
27.849998,85.049995,0.0799999982118606,0.4299999810755253,1.539999943226576,3.4799998458474874,55.32499833218753,0.0,0,BIHAR_2024_09_27,2024-09-27,NRSC_Sentinel1A
27.849998,85.15,0.0299999993294477,0.3149999920278787,1.2699999827891588,2.3599999397993088,56.31499848514795,0.0,0,BIHAR_2024_09_27,2024-09-27,NRSC_Sentinel1A
27.849998,85.25,0.0549999978393316,0.2249999884516,1.3599999826401472,2.199999983422458,62.96999884303659,0.0,0,BIHAR_2024_09_27,2024-09-27,NRSC_Sentinel1A
27.849998,85.35,0.0249999994412064,0.1800000006332993,1.2399999722838402,2.7299999482929707,65.31499852612615,0.0,0,BIHAR_2024_09_27,2024-09-27,NRSC_Sentinel1A
27.849998,85.45,0.0099999997764825,0.1699999962002039,4.200000004842877,7.774999896064401,59.04999884404242,0.0,0,BIHAR_2024_09_27,2024-09-27,NRSC_Sentinel1A
27.849998,85.549995,0.0,0.4099999964237213,5.720000073313713,8.950000062584877,60.67499889433384,0.0,0,BIHAR_2024_09_27,2024-09-27,NRSC_Sentinel1A
27.849998,85.65,0.0249999985098838,0.4849999882280826,4.69499983265996,8.309999767690897,78.0149978287518,0.0,0,BIHAR_2024_09_27,2024-09-27,NRSC_Sentinel1A
27.849998,85.75,0.0149999996647238,0.5149999791756272,4.499999889172614,8.309999824501574,67.01999829802662,0.0,0,BIHAR_2024_09_27,2024-09-27,NRSC_Sentinel1A
27.849998,85.85,0.0299999993294477,0.4599999766796827,2.099999940022826,6.759999873116612,66.54499881900847,0.0,0,BIHAR_2024_09_27,2024-09-27,NRSC_Sentinel1A
27.849998,85.95,0.0499999970197677,1.1949999667704103,2.06499994546175,9.254999704658983,64.64499881118536,0.0,0,BIHAR_2024_09_27,2024-09-27,NRSC_Sentinel1A
27.849998,86.049995,0.0999999996274709,1.0499999653548002,1.6599999479949474,5.899999815970659,46.81999862194061,0.0,0,BIHAR_2024_09_27,2024-09-27,NRSC_Sentinel1A
27.849998,86.15,0.2499999925494194,0.9449999816715716,1.4099999647587538,3.484999927692116,32.87499911617488,0.0,0,BIHAR_2024_09_27,2024-09-27,NRSC_Sentinel1A
27.849998,86.25,0.0649999994784593,1.1349999736994505,1.6249999552965164,5.504999853670597,25.124999351799488,0.0,0,BIHAR_2024_09_27,2024-09-27,NRSC_Sentinel1A
27.849998,86.35,0.1449999958276748,1.4349999576807022,2.2149999253451824,7.059999797493219,18.869999635964632,0.0,0,BIHAR_2024_09_27,2024-09-27,NRSC_Sentinel1A
27.849998,86.45,0.2999999895691871,1.7099999263882637,2.579999908804893,12.634999841451643,20.56999960821122,0.0,0,BIHAR_2024_09_27,2024-09-27,NRSC_Sentinel1A
27.849998,86.549995,0.6649999767541885,1.6849999576807022,2.6699999421834946,17.164999410510063,23.0099992454052,0.0,0,BIHAR_2024_09_27,2024-09-27,NRSC_Sentinel1A
27.849998,86.65,0.7399999797344208,2.0599999725818634,3.144999951124192,35.87999972701073,41.614999626763165,0.0,0,BIHAR_2024_09_27,2024-09-27,NRSC_Sentinel1A
27.849998,86.75,0.9349999725818634,2.4749999344348907,2.9649999141693115,35.24999883770943,41.549998729489744,0.0,0,BIHAR_2024_09_27,2024-09-27,NRSC_Sentinel1A
27.849998,86.85,0.9999999813735484,4.094999890774488,4.75499988719821,66.59499768540263,73.26999748498201,0.0,0,BIHAR_2024_09_27,2024-09-27,NRSC_Sentinel1A
27.849998,86.95,2.509999930858612,6.884999752044678,9.039999686181543,64.44499798864126,71.78999771922827,0.0,0,BIHAR_2024_09_27,2024-09-27,NRSC_Sentinel1A
27.849998,87.049995,2.2150000035762787,7.299999922513962,9.789999850094318,52.42499888688326,58.19499874394387,0.0,0,BIHAR_2024_09_27,2024-09-27,NRSC_Sentinel1A
27.849998,87.15,1.294999971985817,7.059999838471413,10.409999742172658,43.48999862279743,49.02999852132052,0.0,0,BIHAR_2024_09_27,2024-09-27,NRSC_Sentinel1A
27.849998,87.25,0.8249999731779099,8.549999818205833,12.419999722391369,45.289998684078455,49.88499857857824,0.0,0,BIHAR_2024_09_27,2024-09-27,NRSC_Sentinel1A
27.849998,87.35,0.7849999889731407,6.719999842345715,13.649999640882015,49.36999926716089,54.13999920152128,0.0,0,BIHAR_2024_09_27,2024-09-27,NRSC_Sentinel1A
27.849998,87.45,0.6799999848008156,6.189999766647816,12.424999482929708,62.854998879134655,69.89499879162759,0.0,0,BIHAR_2024_09_27,2024-09-27,NRSC_Sentinel1A
27.849998,87.549995,0.3699999898672104,4.4599998742342,7.804999873042107,33.684999376535416,47.02499884366989,0.0,0,BIHAR_2024_09_27,2024-09-27,NRSC_Sentinel1A
27.849998,87.65,0.6249999701976776,1.7599999755620956,3.60499994456768,25.84499934315681,35.294999037869275,0.0,0,BIHAR_2024_09_27,2024-09-27,NRSC_Sentinel1A
27.849998,87.75,3.375,4.844999998807907,7.509999915957451,11.164999851956964,20.53999961167574,0.0,0,BIHAR_2024_09_27,2024-09-27,NRSC_Sentinel1A
27.849998,87.85,3.3899999856948853,5.989999994635582,7.019999980926514,9.674999942071736,18.18999983277172,0.0,0,BIHAR_2024_09_27,2024-09-27,NRSC_Sentinel1A
27.849998,87.95,2.269999921321869,2.6299999058246613,3.514999859035015,7.284999819472432,14.994999697431922,0.0,0,BIHAR_2024_09_27,2024-09-27,NRSC_Sentinel1A
27.849998,88.049995,1.589999943971634,2.1549999192357063,5.114999853074551,12.46499965339899,19.214999441057444,0.0,0,BIHAR_2024_09_27,2024-09-27,NRSC_Sentinel1A
27.849998,88.15,4.555000066757202,8.839999914169312,10.904999881982803,19.954999409616,23.444999292492867,0.0,0,BIHAR_2024_09_27,2024-09-27,NRSC_Sentinel1A
27.849998,88.25,2.734999895095825,6.269999802112579,7.784999758005142,17.44999936968088,19.139999309554696,0.0,0,BIHAR_2024_09_27,2024-09-27,NRSC_Sentinel1A
27.849998,88.35,1.909999966621399,2.8699999302625656,3.26999993622303,10.699999753385782,13.549999739974735,0.0,0,BIHAR_2024_09_27,2024-09-27,NRSC_Sentinel1A
27.849998,88.45,2.4549999237060547,3.259999893605709,4.129999838769436,7.00999977439642,19.81999960541725,0.0,0,BIHAR_2024_09_27,2024-09-27,NRSC_Sentinel1A
27.949999,83.049995,0.0,0.0,0.2649999912828207,0.3899999894201755,6.3399998135864735,0.0,0,BIHAR_2024_09_27,2024-09-27,NRSC_Sentinel1A
27.949999,83.15,0.0,0.0,0.1150000002235174,0.275000000372529,5.7899998147040606,0.0,0,BIHAR_2024_09_27,2024-09-27,NRSC_Sentinel1A
27.949999,83.25,0.0,0.0,0.0399999991059303,0.1699999943375587,7.439999841153622,0.0,0,BIHAR_2024_09_27,2024-09-27,NRSC_Sentinel1A
27.949999,83.35,0.0,0.0,0.0399999991059303,0.1249999962747097,13.454999960958958,0.0,0,BIHAR_2024_09_27,2024-09-27,NRSC_Sentinel1A
27.949999,83.45,0.0,0.3949999809265136,0.4299999810755253,0.9349999632686375,11.714999694377184,0.0,0,BIHAR_2024_09_27,2024-09-27,NRSC_Sentinel1A
27.949999,83.549995,0.0,0.044999998062849,0.0799999982118606,1.1199999637901783,22.259999408386648,0.0,0,BIHAR_2024_09_27,2024-09-27,NRSC_Sentinel1A
27.949999,83.65,0.0299999993294477,0.439999995753169,0.4699999950826168,2.4849999574944377,34.20499886292964,0.0,0,BIHAR_2024_09_27,2024-09-27,NRSC_Sentinel1A
27.949999,83.75,0.0199999995529651,0.2349999882280826,0.2599999867379665,2.639999907463789,45.94499934464693,0.0,0,BIHAR_2024_09_27,2024-09-27,NRSC_Sentinel1A
27.949999,83.85,0.0399999991059303,0.1899999938905239,0.1899999938905239,3.4799999529495835,43.5949987815693,0.0,0,BIHAR_2024_09_27,2024-09-27,NRSC_Sentinel1A
27.949999,83.95,0.0249999985098838,0.1799999959766864,0.1799999959766864,3.484999871812761,44.61499871686101,0.0,0,BIHAR_2024_09_27,2024-09-27,NRSC_Sentinel1A
27.949999,84.049995,0.0049999998882412,0.1499999957159161,0.1499999957159161,3.499999976716936,33.539999331347644,0.0,0,BIHAR_2024_09_27,2024-09-27,NRSC_Sentinel1A
27.949999,84.15,0.0,0.1299999952316284,0.1299999952316284,3.4549998929724097,43.03499916568399,0.0,0,BIHAR_2024_09_27,2024-09-27,NRSC_Sentinel1A
27.949999,84.25,0.0399999991059303,0.1699999943375587,0.1699999943375587,7.894999861717224,37.09499957412481,0.0,0,BIHAR_2024_09_27,2024-09-27,NRSC_Sentinel1A
27.949999,84.35,0.0499999970197677,0.089999996125698,0.2599999941885471,11.839999729767442,31.434999176301066,0.0,0,BIHAR_2024_09_27,2024-09-27,NRSC_Sentinel1A
27.949999,84.45,0.0350000001490116,0.1199999973177909,0.3249999918043613,10.524999778717756,26.104999381117523,0.0,0,BIHAR_2024_09_27,2024-09-27,NRSC_Sentinel1A
27.949999,84.549995,0.0499999988824129,0.0999999959021806,0.3899999875575304,14.609999598935246,35.40999906603247,0.0,0,BIHAR_2024_09_27,2024-09-27,NRSC_Sentinel1A
27.949999,84.65,0.0149999996647238,0.1249999953433871,0.4099999936297536,9.234999720938504,50.61999859567732,0.0,0,BIHAR_2024_09_27,2024-09-27,NRSC_Sentinel1A
27.949999,84.75,0.0249999985098838,0.2499999925494194,0.6549999788403511,10.275000087916853,44.47999941371381,0.0,0,BIHAR_2024_09_27,2024-09-27,NRSC_Sentinel1A
27.949999,84.85,0.0199999995529651,0.4099999852478504,1.0199999529868364,6.869999842718244,33.96999932080507,0.0,0,BIHAR_2024_09_27,2024-09-27,NRSC_Sentinel1A
27.949999,84.95,0.0,0.3349999971687794,0.6649999814108014,4.494999901391566,46.55499866697937,0.0,0,BIHAR_2024_09_27,2024-09-27,NRSC_Sentinel1A
27.949999,85.049995,0.0,0.2349999919533729,0.684999980032444,3.999999920837581,44.65499891526997,0.0,0,BIHAR_2024_09_27,2024-09-27,NRSC_Sentinel1A
27.949999,85.15,0.0,0.189999995753169,0.794999985024333,2.2749999295920134,56.80999888852239,0.0,0,BIHAR_2024_09_27,2024-09-27,NRSC_Sentinel1A
27.949999,85.25,0.0,0.0249999985098838,0.8499999865889549,2.1899999445304275,60.77999893482775,0.0,0,BIHAR_2024_09_27,2024-09-27,NRSC_Sentinel1A
27.949999,85.35,0.0,0.0,0.7549999617040157,2.774999878369272,60.36499903257936,0.0,0,BIHAR_2024_09_27,2024-09-27,NRSC_Sentinel1A
27.949999,85.45,0.0,0.0,1.2649999558925629,3.424999945797026,60.12999912444502,0.0,0,BIHAR_2024_09_27,2024-09-27,NRSC_Sentinel1A
27.949999,85.549995,0.0,0.1299999952316284,2.134999997913837,4.664999924600124,71.98999797552824,0.0,0,BIHAR_2024_09_27,2024-09-27,NRSC_Sentinel1A
27.949999,85.65,0.0,0.2949999906122684,2.334999948740005,5.224999833852053,70.38999788835645,0.0,0,BIHAR_2024_09_27,2024-09-27,NRSC_Sentinel1A
27.949999,85.75,0.0199999995529651,0.3699999824166298,4.18499993532896,7.464999835006893,64.41499857138842,0.0,0,BIHAR_2024_09_27,2024-09-27,NRSC_Sentinel1A
27.949999,85.85,0.0,0.359999980777502,1.77499995008111,5.51999990362674,65.37999862153083,0.0,0,BIHAR_2024_09_27,2024-09-27,NRSC_Sentinel1A
27.949999,85.95,0.0350000001490116,0.7649999745190144,1.7599999541416764,4.3549998896196485,53.97999815735966,0.0,0,BIHAR_2024_09_27,2024-09-27,NRSC_Sentinel1A
27.949999,86.049995,0.0549999997019767,0.6599999852478504,1.6599999628961086,2.519999929703772,34.4799994090572,0.0,0,BIHAR_2024_09_27,2024-09-27,NRSC_Sentinel1A
27.949999,86.15,0.3299999833106994,0.9149999655783176,1.429999953135848,2.18999995291233,25.09999948740005,0.0,0,BIHAR_2024_09_27,2024-09-27,NRSC_Sentinel1A
27.949999,86.25,0.0199999995529651,0.7549999766051769,1.3099999576807022,3.3249999061226845,15.50499951094389,0.0,0,BIHAR_2024_09_27,2024-09-27,NRSC_Sentinel1A
27.949999,86.35,0.1949999928474426,1.0349999889731407,1.8749999776482584,4.979999917559326,13.914999685250224,0.0,0,BIHAR_2024_09_27,2024-09-27,NRSC_Sentinel1A
27.949999,86.45,0.4449999928474426,1.274999976158142,2.0949999690055847,6.819999878294766,12.954999715089798,0.0,0,BIHAR_2024_09_27,2024-09-27,NRSC_Sentinel1A
27.949999,86.549995,0.7149999588727951,4.434999898076057,5.234999880194664,12.68999980390072,16.05499971471727,0.0,0,BIHAR_2024_09_27,2024-09-27,NRSC_Sentinel1A
27.949999,86.65,0.8849999606609344,6.974999874830246,8.02999983727932,15.849999770522118,19.644999688491225,0.0,0,BIHAR_2024_09_27,2024-09-27,NRSC_Sentinel1A
27.949999,86.75,1.1399999856948853,7.399999856948851,9.049999861046672,18.994999589398503,24.44499945733696,0.0,0,BIHAR_2024_09_27,2024-09-27,NRSC_Sentinel1A
27.949999,86.85,1.5649999976158142,5.304999887943268,6.584999859333038,45.21999898552895,51.92999886535108,0.0,0,BIHAR_2024_09_27,2024-09-27,NRSC_Sentinel1A
27.949999,86.95,1.084999993443489,5.174999788403511,7.0599997863173485,47.09999846667051,54.46999823208898,0.0,0,BIHAR_2024_09_27,2024-09-27,NRSC_Sentinel1A
27.949999,87.049995,0.9499999806284904,5.714999847114086,7.9549998212605715,34.91999946720898,40.324999366886914,0.0,0,BIHAR_2024_09_27,2024-09-27,NRSC_Sentinel1A
27.949999,87.15,0.7249999940395355,5.189999967813492,8.219999946653843,38.32499916106463,43.02499902714044,0.0,0,BIHAR_2024_09_27,2024-09-27,NRSC_Sentinel1A
27.949999,87.25,0.5949999690055847,6.049999833106995,9.664999693632126,44.45499902963638,51.90499885287136,0.0,0,BIHAR_2024_09_27,2024-09-27,NRSC_Sentinel1A
27.949999,87.35,0.3149999901652336,5.704999856650829,10.854999713599682,62.51499821990728,72.07999803777784,0.0,0,BIHAR_2024_09_27,2024-09-27,NRSC_Sentinel1A
27.949999,87.45,0.4299999922513962,5.869999811053276,20.00499938428402,80.61999846994877,91.50999808497728,0.0,0,BIHAR_2024_09_27,2024-09-27,NRSC_Sentinel1A
27.949999,87.549995,0.4249999746680259,6.489999912679195,18.66499969549477,43.6899990607053,56.07499860692769,0.0,0,BIHAR_2024_09_27,2024-09-27,NRSC_Sentinel1A
27.949999,87.65,0.2299999967217445,3.424999989569187,7.519999921321869,27.694999560713768,38.399999304674566,0.0,0,BIHAR_2024_09_27,2024-09-27,NRSC_Sentinel1A
27.949999,87.75,0.949999988079071,3.2249999344348907,6.999999843537808,11.66499974578619,21.09999948740005,0.0,0,BIHAR_2024_09_27,2024-09-27,NRSC_Sentinel1A
27.949999,87.85,1.1549999713897705,2.909999944269657,4.084999911487103,6.234999820590019,14.724999614059923,0.0,0,BIHAR_2024_09_27,2024-09-27,NRSC_Sentinel1A
27.949999,87.95,1.1149999797344208,1.5349999740719795,3.15499996393919,6.4099998995661736,14.36499976273626,0.0,0,BIHAR_2024_09_27,2024-09-27,NRSC_Sentinel1A
27.949999,88.049995,0.6399999856948853,0.8349999785423279,1.964999966323376,5.48499992210418,9.609999847598374,0.0,0,BIHAR_2024_09_27,2024-09-27,NRSC_Sentinel1A
27.949999,88.15,3.084999918937683,5.854999855160713,6.39999982714653,12.74499982316047,18.25499969441444,0.0,0,BIHAR_2024_09_27,2024-09-27,NRSC_Sentinel1A
27.949999,88.25,2.3949999809265137,3.189999938011169,3.574999935925007,13.614999920129776,15.14499989990145,0.0,0,BIHAR_2024_09_27,2024-09-27,NRSC_Sentinel1A
27.949999,88.35,0.6849999949336052,0.7799999937415123,1.069999985396862,8.499999932944775,12.064999848604202,0.0,0,BIHAR_2024_09_27,2024-09-27,NRSC_Sentinel1A
27.949999,88.45,0.7799999713897705,2.3299999237060547,2.849999897181988,6.954999729990959,13.139999613165855,0.0,0,BIHAR_2024_09_27,2024-09-27,NRSC_Sentinel1A
28.05,83.049995,0.0,0.0,0.2249999893829226,2.2149999542161822,9.589999812655153,0.0,0,BIHAR_2024_09_27,2024-09-27,NRSC_Sentinel1A
28.05,83.15,0.0,0.0,0.1799999959766864,1.099999975413084,16.82499964814633,0.0,0,BIHAR_2024_09_27,2024-09-27,NRSC_Sentinel1A
28.05,83.25,0.0,0.3200000002980232,0.4749999996274709,1.8899999801069496,11.83999975118786,0.0,0,BIHAR_2024_09_27,2024-09-27,NRSC_Sentinel1A
28.05,83.35,0.0,0.3599999994039535,0.4899999955669045,0.994999990798533,16.069999624043703,0.0,0,BIHAR_2024_09_27,2024-09-27,NRSC_Sentinel1A
28.05,83.45,0.0299999993294477,0.3849999886006117,0.6199999870732427,1.699999963864684,22.039999417960644,0.0,0,BIHAR_2024_09_27,2024-09-27,NRSC_Sentinel1A
28.05,83.549995,0.0499999988824129,0.4699999894946813,0.4699999894946813,3.0899998862296343,27.56499932892621,0.0,0,BIHAR_2024_09_27,2024-09-27,NRSC_Sentinel1A
28.05,83.65,0.0499999988824129,0.4699999820441007,0.5499999802559614,2.554999911226332,44.37499932292849,0.0,0,BIHAR_2024_09_27,2024-09-27,NRSC_Sentinel1A
28.05,83.75,0.0599999986588954,0.2999999895691871,0.3499999865889549,3.674999917857349,40.50999924726784,0.0,0,BIHAR_2024_09_27,2024-09-27,NRSC_Sentinel1A
28.05,83.85,0.0249999985098838,0.1799999959766864,0.2299999929964542,3.864999938756228,43.029998638667166,0.0,0,BIHAR_2024_09_27,2024-09-27,NRSC_Sentinel1A
28.05,83.95,0.0,0.1499999985098838,0.1499999985098838,3.314999860711396,42.674998708069324,0.0,0,BIHAR_2024_09_27,2024-09-27,NRSC_Sentinel1A
28.05,84.049995,0.0,0.2199999913573265,0.2649999894201755,4.939999943599105,61.91499896533787,0.0,0,BIHAR_2024_09_27,2024-09-27,NRSC_Sentinel1A
28.05,84.15,0.0,0.2099999971687793,0.2099999971687793,5.874999864958227,70.25999866332859,0.0,0,BIHAR_2024_09_27,2024-09-27,NRSC_Sentinel1A
28.05,84.25,0.0299999993294477,0.2099999915808439,0.2949999887496233,12.959999515675008,68.2699980577454,0.0,0,BIHAR_2024_09_27,2024-09-27,NRSC_Sentinel1A
28.05,84.35,0.0299999993294477,0.1049999967217445,0.3049999885261059,22.449999567121267,67.00999785587192,0.0,0,BIHAR_2024_09_27,2024-09-27,NRSC_Sentinel1A
28.05,84.45,0.0399999991059303,0.1449999958276748,0.4099999815225601,19.900000035762787,55.254999071359634,0.0,0,BIHAR_2024_09_27,2024-09-27,NRSC_Sentinel1A
28.05,84.549995,0.0499999970197677,0.1749999970197677,0.3049999922513962,17.924999721348286,55.26999857276678,0.0,0,BIHAR_2024_09_27,2024-09-27,NRSC_Sentinel1A
28.05,84.65,0.0199999995529651,0.1749999970197677,0.2499999953433871,12.24499950837344,49.96499838214368,0.0,0,BIHAR_2024_09_27,2024-09-27,NRSC_Sentinel1A
28.05,84.75,0.0,0.309999980032444,0.4299999810755253,12.71999951824546,50.45499887317419,0.0,0,BIHAR_2024_09_27,2024-09-27,NRSC_Sentinel1A
28.05,84.85,0.0,0.3799999952316284,0.6549999937415123,8.874999891966581,58.48499915841967,0.0,0,BIHAR_2024_09_27,2024-09-27,NRSC_Sentinel1A
28.05,84.95,0.0,0.2799999937415123,0.4049999928101897,6.489999844692648,58.16499846149236,0.0,0,BIHAR_2024_09_27,2024-09-27,NRSC_Sentinel1A
28.05,85.049995,0.0,0.2499999962747097,0.6499999845400453,5.519999890588224,56.8199985018,0.0,0,BIHAR_2024_09_27,2024-09-27,NRSC_Sentinel1A
28.05,85.15,0.0,0.2249999903142452,0.6349999755620956,3.1549999080598354,66.36499858275056,0.0,0,BIHAR_2024_09_27,2024-09-27,NRSC_Sentinel1A
28.05,85.25,0.0,0.0,0.6599999945610762,3.2849998688325286,65.4249985134229,0.0,0,BIHAR_2024_09_27,2024-09-27,NRSC_Sentinel1A
28.05,85.35,0.0,0.0,0.5649999724701047,1.849999935366213,61.48999834153801,0.0,0,BIHAR_2024_09_27,2024-09-27,NRSC_Sentinel1A
28.05,85.45,0.0,0.0,0.4649999961256981,2.0949999522417784,69.21499778144062,0.0,0,BIHAR_2024_09_27,2024-09-27,NRSC_Sentinel1A
28.05,85.549995,0.0,0.0,0.4849999891594052,2.464999926276505,56.97999845165759,0.0,0,BIHAR_2024_09_27,2024-09-27,NRSC_Sentinel1A
28.05,85.65,0.0,0.5149999856948853,1.2899999618530271,4.369999925605953,52.934999416582286,0.0,0,BIHAR_2024_09_27,2024-09-27,NRSC_Sentinel1A
28.05,85.75,0.1349999904632568,0.6999999731779099,2.089999958872795,8.63499985076487,43.89499901235104,0.0,0,BIHAR_2024_09_27,2024-09-27,NRSC_Sentinel1A
28.05,85.85,0.0,0.554999977350235,1.7249999344348907,4.5299998708069324,34.484999392181635,0.0,0,BIHAR_2024_09_27,2024-09-27,NRSC_Sentinel1A
28.05,85.95,0.0,1.0499999802559614,2.6449999529868364,4.179999893531203,24.21999935247004,0.0,0,BIHAR_2024_09_27,2024-09-27,NRSC_Sentinel1A
28.05,86.049995,0.2199999988079071,1.084999978542328,2.8049999475479126,4.209999901242554,26.10999912954867,0.0,0,BIHAR_2024_09_27,2024-09-27,NRSC_Sentinel1A
28.05,86.15,0.0,0.9149999748915434,1.6599999722093344,2.1199999637901783,9.484999846667051,0.0,0,BIHAR_2024_09_27,2024-09-27,NRSC_Sentinel1A
28.05,86.25,0.2449999898672104,1.6049999445676804,2.069999933242798,2.6099999211728573,5.744999811053276,0.0,0,BIHAR_2024_09_27,2024-09-27,NRSC_Sentinel1A
28.05,86.35,0.6549999862909317,2.484999969601631,3.144999958574772,5.3549999371171,8.059999859891832,0.0,0,BIHAR_2024_09_27,2024-09-27,NRSC_Sentinel1A
28.05,86.45,1.2549999952316284,3.129999965429306,3.6899999380111694,8.099999781697989,12.2849996201694,0.0,0,BIHAR_2024_09_27,2024-09-27,NRSC_Sentinel1A
28.05,86.549995,1.6349999383091929,7.859999783337116,8.704999767243862,14.954999715089798,19.499999668449163,0.0,0,BIHAR_2024_09_27,2024-09-27,NRSC_Sentinel1A
28.05,86.65,1.1949999779462814,3.2449999004602432,3.4899998903274536,7.444999800994992,9.024999763816597,0.0,0,BIHAR_2024_09_27,2024-09-27,NRSC_Sentinel1A
28.05,86.75,0.8150000125169754,2.580000028014183,2.7900000289082527,10.22000004351139,12.88000002130866,0.0,0,BIHAR_2024_09_27,2024-09-27,NRSC_Sentinel1A
28.05,86.85,0.2699999809265136,2.5549999326467514,2.859999924898148,12.279999613761902,15.484999556094408,0.0,0,BIHAR_2024_09_27,2024-09-27,NRSC_Sentinel1A
28.05,86.95,0.1049999967217445,2.674999937415123,3.2749999156221747,14.429999663494527,19.09499953780324,0.0,0,BIHAR_2024_09_27,2024-09-27,NRSC_Sentinel1A
28.05,87.049995,0.2449999898672104,3.749999955296517,6.114999875426292,28.144999586045746,35.92999957129359,0.0,0,BIHAR_2024_09_27,2024-09-27,NRSC_Sentinel1A
28.05,87.15,0.5149999931454659,5.429999835789204,8.13999978452921,31.24499902874232,43.529999130405486,0.0,0,BIHAR_2024_09_27,2024-09-27,NRSC_Sentinel1A
28.05,87.25,0.6649999991059303,5.734999932348728,8.939999856054783,29.21499928086996,50.454999312758446,0.0,0,BIHAR_2024_09_27,2024-09-27,NRSC_Sentinel1A
28.05,87.35,0.4100000038743019,4.669999815523624,8.279999740421772,30.88499899953604,46.09999864734709,0.0,0,BIHAR_2024_09_27,2024-09-27,NRSC_Sentinel1A
28.05,87.45,0.324999988079071,4.479999899864197,19.59499955177307,63.46499967575073,77.8549994006753,0.0,0,BIHAR_2024_09_27,2024-09-27,NRSC_Sentinel1A
28.05,87.549995,0.1900000013411045,3.854999903589487,9.01499978080392,31.4849994070828,40.32499926164746,0.0,0,BIHAR_2024_09_27,2024-09-27,NRSC_Sentinel1A
28.05,87.65,0.0,1.094999961555004,2.254999976605177,19.584999699145555,29.35499946773052,0.0,0,BIHAR_2024_09_27,2024-09-27,NRSC_Sentinel1A
28.05,87.75,0.7000000104308128,1.8449999690055847,3.4099999517202377,10.66499975323677,20.829999651759863,0.0,0,BIHAR_2024_09_27,2024-09-27,NRSC_Sentinel1A
28.05,87.85,0.1849999949336052,0.9649999737739564,1.9499999284744265,6.58999977260828,17.079999439418316,0.0,0,BIHAR_2024_09_27,2024-09-27,NRSC_Sentinel1A
28.05,87.95,0.1700000017881393,0.2449999973177909,0.7849999964237213,3.409999907016754,7.6199998408555984,0.0,0,BIHAR_2024_09_27,2024-09-27,NRSC_Sentinel1A
28.05,88.049995,0.449999988079071,0.449999988079071,0.6349999904632568,3.3749999403953552,6.794999860227108,0.0,0,BIHAR_2024_09_27,2024-09-27,NRSC_Sentinel1A
28.05,88.15,0.4899999797344208,0.5949999764561653,0.759999968111515,3.454999908804893,6.059999845921993,0.0,0,BIHAR_2024_09_27,2024-09-27,NRSC_Sentinel1A
28.05,88.25,0.4849999845027923,0.5899999812245369,0.6249999813735485,5.744999807327986,9.119999704882504,0.0,0,BIHAR_2024_09_27,2024-09-27,NRSC_Sentinel1A
28.05,88.35,0.3050000071525574,0.3050000071525574,0.3050000071525574,4.9000000059604645,9.91999983228743,0.0,0,BIHAR_2024_09_27,2024-09-27,NRSC_Sentinel1A
28.05,88.45,0.2149999886751175,1.4799999445676804,1.5699999406933784,4.354999847710133,7.339999858289957,0.0,0,BIHAR_2024_09_27,2024-09-27,NRSC_Sentinel1A
28.15,83.049995,0.0,0.0,0.1199999973177909,2.4549999684095383,12.21999984420836,0.0,0,BIHAR_2024_09_27,2024-09-27,NRSC_Sentinel1A
28.15,83.15,0.0,0.0,0.0649999976158142,2.114999941550195,14.509999590925872,0.0,0,BIHAR_2024_09_27,2024-09-27,NRSC_Sentinel1A
28.15,83.25,0.0,0.16499999538064,0.4099999852478504,1.814999967813492,16.269999492913485,0.0,0,BIHAR_2024_09_27,2024-09-27,NRSC_Sentinel1A
28.15,83.35,0.0,0.0249999985098838,0.3199999928474426,1.0749999769032,14.954999670386314,0.0,0,BIHAR_2024_09_27,2024-09-27,NRSC_Sentinel1A
28.15,83.45,0.0199999995529651,0.0199999995529651,0.2699999846518039,1.1399999745190144,20.884999666363,0.0,0,BIHAR_2024_09_27,2024-09-27,NRSC_Sentinel1A
28.15,83.549995,0.0,0.0,0.1149999946355819,2.264999959617853,31.859999410808086,0.0,0,BIHAR_2024_09_27,2024-09-27,NRSC_Sentinel1A
28.15,83.65,0.0,0.0,0.0749999955296516,2.894999962300062,41.60499863047153,0.0,0,BIHAR_2024_09_27,2024-09-27,NRSC_Sentinel1A
28.15,83.75,0.0,0.0799999963492155,0.1449999958276748,3.044999905861914,36.17000000551343,0.0,0,BIHAR_2024_09_27,2024-09-27,NRSC_Sentinel1A
28.15,83.85,0.0,0.1799999941140413,0.2299999929964542,2.784999932162464,38.94499887898564,0.0,0,BIHAR_2024_09_27,2024-09-27,NRSC_Sentinel1A
28.15,83.95,0.0,0.1949999965727329,0.2449999935925007,2.974999974481761,39.91499916743487,0.0,0,BIHAR_2024_09_27,2024-09-27,NRSC_Sentinel1A
28.15,84.049995,0.0299999993294477,0.2449999917298555,0.3349999887868762,3.43999991286546,45.44999862276018,0.0,0,BIHAR_2024_09_27,2024-09-27,NRSC_Sentinel1A
28.15,84.15,0.0299999993294477,0.16499999538064,0.2249999931082129,12.384999639354646,54.21999921929091,0.0,0,BIHAR_2024_09_27,2024-09-27,NRSC_Sentinel1A
28.15,84.25,0.0399999991059303,0.1799999978393316,0.28999999538064,20.74499972164631,62.73999904096127,0.0,0,BIHAR_2024_09_27,2024-09-27,NRSC_Sentinel1A
28.15,84.35,0.0350000001490116,0.2499999962747097,0.4099999889731407,23.214998979121447,58.399998281151056,0.0,0,BIHAR_2024_09_27,2024-09-27,NRSC_Sentinel1A
28.15,84.45,0.0249999985098838,0.0999999977648258,0.2399999909102916,19.21999964863062,55.654999114573,0.0,0,BIHAR_2024_09_27,2024-09-27,NRSC_Sentinel1A
28.15,84.549995,0.044999998062849,0.284999992698431,0.3149999920278787,19.394999846816063,59.91499923169613,0.0,0,BIHAR_2024_09_27,2024-09-27,NRSC_Sentinel1A
28.15,84.65,0.0249999985098838,0.1599999889731407,0.2249999884516,19.38499971292913,68.49499905668199,0.0,0,BIHAR_2024_09_27,2024-09-27,NRSC_Sentinel1A
28.15,84.75,0.0,0.2299999892711639,0.3149999864399433,19.694999573752284,70.44499885849655,0.0,0,BIHAR_2024_09_27,2024-09-27,NRSC_Sentinel1A
28.15,84.85,0.0299999993294477,0.2649999838322401,0.3549999799579382,12.094999454915524,64.799998216331,0.0,0,BIHAR_2024_09_27,2024-09-27,NRSC_Sentinel1A
28.15,84.95,0.0299999993294477,0.1949999909847974,0.1999999908730387,7.789999924600124,53.77999912202358,0.0,0,BIHAR_2024_09_27,2024-09-27,NRSC_Sentinel1A
28.15,85.049995,0.0,0.1749999970197677,0.2549999952316284,7.079999756067991,53.309998806566,0.0,0,BIHAR_2024_09_27,2024-09-27,NRSC_Sentinel1A
28.15,85.15,0.0,0.1749999970197677,0.2899999944493174,2.3299999870359898,55.10499909892678,0.0,0,BIHAR_2024_09_27,2024-09-27,NRSC_Sentinel1A
28.15,85.25,0.0,0.0299999993294477,0.3049999885261059,2.4049999387934804,54.7299990626052,0.0,0,BIHAR_2024_09_27,2024-09-27,NRSC_Sentinel1A
28.15,85.35,0.0,0.0350000001490116,0.3949999865144491,1.5199999529868364,57.58499947376549,0.0,0,BIHAR_2024_09_27,2024-09-27,NRSC_Sentinel1A
28.15,85.45,0.0,0.0,0.0999999940395355,0.9699999652802944,51.63499882444739,0.0,0,BIHAR_2024_09_27,2024-09-27,NRSC_Sentinel1A
28.15,85.549995,0.0099999997764825,0.0099999997764825,0.2699999902397394,1.1799999689683318,44.0299994116649,0.0,0,BIHAR_2024_09_27,2024-09-27,NRSC_Sentinel1A
28.15,85.65,0.0549999978393316,0.5049999859184027,0.8949999716132879,1.8249999517574904,38.82999897841364,0.0,0,BIHAR_2024_09_27,2024-09-27,NRSC_Sentinel1A
28.15,85.75,0.1799999922513961,0.7249999940395355,1.709999963641167,2.214999955147505,30.55499939993024,0.0,0,BIHAR_2024_09_27,2024-09-27,NRSC_Sentinel1A
28.15,85.85,0.0299999993294477,0.5049999784678221,1.3449999671429396,1.709999960847199,26.81499923299998,0.0,0,BIHAR_2024_09_27,2024-09-27,NRSC_Sentinel1A
28.15,85.95,0.0399999991059303,0.979999966919422,2.024999927729368,2.219999920576811,20.559999376535416,0.0,0,BIHAR_2024_09_27,2024-09-27,NRSC_Sentinel1A
28.15,86.049995,0.0,0.944999985396862,2.1299999626353383,2.469999951310456,16.99999960232526,0.0,0,BIHAR_2024_09_27,2024-09-27,NRSC_Sentinel1A
28.15,86.15,0.0049999998882412,1.0750000001862643,1.7799999983981252,2.074999995529652,6.839999874122441,0.0,0,BIHAR_2024_09_27,2024-09-27,NRSC_Sentinel1A
28.15,86.25,0.2799999974668026,2.27499995008111,2.5949999429285526,3.7049999088048935,7.614999797195196,0.0,0,BIHAR_2024_09_27,2024-09-27,NRSC_Sentinel1A
28.15,86.35,0.5949999988079071,3.314999967813492,3.674999974668026,4.139999956823885,7.044999864883721,0.0,0,BIHAR_2024_09_27,2024-09-27,NRSC_Sentinel1A
28.15,86.45,1.0249999724328518,4.634999927133322,5.069999907165766,5.729999892413616,8.38999984972179,0.0,0,BIHAR_2024_09_27,2024-09-27,NRSC_Sentinel1A
28.15,86.549995,1.71500001847744,6.159999892115593,6.694999873638153,7.404999854043126,11.104999798350036,0.0,0,BIHAR_2024_09_27,2024-09-27,NRSC_Sentinel1A
28.15,86.65,1.394999921321869,3.78999987244606,3.889999866485596,5.599999845027924,10.294999700039623,0.0,0,BIHAR_2024_09_27,2024-09-27,NRSC_Sentinel1A
28.15,86.75,0.7699999809265137,2.299999922513962,2.4449999183416367,5.324999805539846,9.309999715536833,0.0,0,BIHAR_2024_09_27,2024-09-27,NRSC_Sentinel1A
28.15,86.85,0.0999999940395355,2.1199999153614044,3.2949998676776886,7.109999693930149,9.489999623037876,0.0,0,BIHAR_2024_09_27,2024-09-27,NRSC_Sentinel1A
28.15,86.95,0.0799999982118606,2.059999957680702,3.189999923110008,8.124999769032001,10.249999713152649,0.0,0,BIHAR_2024_09_27,2024-09-27,NRSC_Sentinel1A
28.15,87.049995,0.0,3.164999961853028,5.5849998742342,22.374999433755875,26.87499936297536,0.0,0,BIHAR_2024_09_27,2024-09-27,NRSC_Sentinel1A
28.15,87.15,0.0,5.539999842643738,7.849999837577343,51.5699982047081,59.6749978447333,0.0,0,BIHAR_2024_09_27,2024-09-27,NRSC_Sentinel1A
28.15,87.25,0.3349999785423279,6.184999763965607,9.559999713674188,32.099999783560634,42.14499936439097,0.0,0,BIHAR_2024_09_27,2024-09-27,NRSC_Sentinel1A
28.15,87.35,0.380000002682209,5.729999788105488,9.064999748021364,25.744999419897795,37.33499923627824,0.0,0,BIHAR_2024_09_27,2024-09-27,NRSC_Sentinel1A
28.15,87.45,1.3399999737739563,6.004999935626984,12.949999749660492,26.999999582767487,38.31499939411879,0.0,0,BIHAR_2024_09_27,2024-09-27,NRSC_Sentinel1A
28.15,87.549995,0.2100000008940696,3.51499991863966,8.499999798834324,22.589999333024025,33.684999181889,0.0,0,BIHAR_2024_09_27,2024-09-27,NRSC_Sentinel1A
28.15,87.65,0.1049999967217445,3.1999999061226845,6.984999872744083,17.264999695122242,29.699999464675784,0.0,0,BIHAR_2024_09_27,2024-09-27,NRSC_Sentinel1A
28.15,87.75,0.0,0.4549999898299575,2.0549999540671706,9.544999740086496,20.539999675937,0.0,0,BIHAR_2024_09_27,2024-09-27,NRSC_Sentinel1A
28.15,87.85,0.0299999993294477,0.4699999894946813,1.0049999561160805,5.929999707266688,15.184999635443091,0.0,0,BIHAR_2024_09_27,2024-09-27,NRSC_Sentinel1A
28.15,87.95,0.0099999997764825,0.0099999997764825,0.0099999997764825,3.6599999088793993,10.00999970920384,0.0,0,BIHAR_2024_09_27,2024-09-27,NRSC_Sentinel1A
28.15,88.049995,0.0350000001490116,0.0350000001490116,0.0350000001490116,2.8049999736249447,7.8049998097121716,0.0,0,BIHAR_2024_09_27,2024-09-27,NRSC_Sentinel1A
28.15,88.15,0.089999996125698,0.089999996125698,0.089999996125698,1.6349999830126762,5.364999823272228,0.0,0,BIHAR_2024_09_27,2024-09-27,NRSC_Sentinel1A
28.15,88.25,0.089999996125698,0.209999993443489,0.209999993443489,1.2349999770522118,4.324999877251685,0.0,0,BIHAR_2024_09_27,2024-09-27,NRSC_Sentinel1A
28.15,88.35,0.0850000008940696,0.0950000006705522,0.0950000006705522,1.2749999780207872,4.354999874718487,0.0,0,BIHAR_2024_09_27,2024-09-27,NRSC_Sentinel1A
28.15,88.45,0.0149999996647238,0.0149999996647238,0.0149999996647238,2.3299999833106995,4.714999914169312,0.0,0,BIHAR_2024_09_27,2024-09-27,NRSC_Sentinel1A
28.25,83.049995,0.0,0.150000000372529,0.1999999973922968,1.6899999622255564,10.659999886527658,0.0,0,BIHAR_2024_09_27,2024-09-27,NRSC_Sentinel1A
28.25,83.15,0.0,0.1749999951571226,0.1749999951571226,1.4149999730288982,8.644999880343676,0.0,0,BIHAR_2024_09_27,2024-09-27,NRSC_Sentinel1A
28.25,83.25,0.0199999995529651,0.18499999307096,0.3899999875575304,1.4099999582394958,11.944999706931412,0.0,0,BIHAR_2024_09_27,2024-09-27,NRSC_Sentinel1A
28.25,83.35,0.034999999217689,0.0549999987706542,0.19499999191612,1.2499999478459358,19.969999676570296,0.0,0,BIHAR_2024_09_27,2024-09-27,NRSC_Sentinel1A
28.25,83.45,0.0149999996647238,0.0149999996647238,0.0849999981001019,0.5349999833852053,23.939999277703464,0.0,0,BIHAR_2024_09_27,2024-09-27,NRSC_Sentinel1A
28.25,83.549995,0.0,0.0,0.0,0.5499999867752194,25.65999977942556,0.0,0,BIHAR_2024_09_27,2024-09-27,NRSC_Sentinel1A
28.25,83.65,0.0,0.0,0.0,1.049999968148768,11.914999703876674,0.0,0,BIHAR_2024_09_27,2024-09-27,NRSC_Sentinel1A
28.25,83.75,0.0,0.0399999991059303,0.089999996125698,2.074999936856329,14.214999502524734,0.0,0,BIHAR_2024_09_27,2024-09-27,NRSC_Sentinel1A
28.25,83.85,0.0199999995529651,0.1599999964237213,0.209999993443489,2.124999941326678,25.534999541938305,0.0,0,BIHAR_2024_09_27,2024-09-27,NRSC_Sentinel1A
28.25,83.95,0.0,0.1949999928474426,0.2449999898672104,1.894999948330224,26.549999351613224,0.0,0,BIHAR_2024_09_27,2024-09-27,NRSC_Sentinel1A
28.25,84.049995,0.0,0.1999999973922968,0.2499999944120645,1.7949999459087849,24.679999321699142,0.0,0,BIHAR_2024_09_27,2024-09-27,NRSC_Sentinel1A
28.25,84.15,0.0,0.0350000001490116,0.0849999971687793,8.759999628178775,30.34499877784401,0.0,0,BIHAR_2024_09_27,2024-09-27,NRSC_Sentinel1A
28.25,84.25,0.0399999991059303,0.1699999943375587,0.2199999932199716,10.764999812468886,29.394999204203486,0.0,0,BIHAR_2024_09_27,2024-09-27,NRSC_Sentinel1A
28.25,84.35,0.0350000001490116,0.2849999852478504,0.294999985024333,10.729999782517552,31.994999097660184,0.0,0,BIHAR_2024_09_27,2024-09-27,NRSC_Sentinel1A
28.25,84.45,0.0,0.0,0.0299999993294477,10.429999742656946,35.10999924317002,0.0,0,BIHAR_2024_09_27,2024-09-27,NRSC_Sentinel1A
28.25,84.549995,0.0549999997019767,0.2699999958276748,0.2699999958276748,11.639999771490691,43.734998719766736,0.0,0,BIHAR_2024_09_27,2024-09-27,NRSC_Sentinel1A
28.25,84.65,0.0350000001490116,0.1299999989569187,0.1599999982863664,8.764999639242887,51.44999876618385,0.0,0,BIHAR_2024_09_27,2024-09-27,NRSC_Sentinel1A
28.25,84.75,0.0850000008940696,0.1849999949336052,0.3099999949336052,10.999999854713678,49.619999279268086,0.0,0,BIHAR_2024_09_27,2024-09-27,NRSC_Sentinel1A
28.25,84.85,0.0399999991059303,0.1399999931454658,0.1399999931454658,9.894999843090773,48.47999843489379,0.0,0,BIHAR_2024_09_27,2024-09-27,NRSC_Sentinel1A
28.25,84.95,0.0299999993294477,0.0799999963492155,0.0799999963492155,6.284999961033464,41.26999931689352,0.0,0,BIHAR_2024_09_27,2024-09-27,NRSC_Sentinel1A
28.25,85.049995,0.0,0.0599999986588954,0.0599999986588954,5.939999917522073,43.86999897100032,0.0,0,BIHAR_2024_09_27,2024-09-27,NRSC_Sentinel1A
28.25,85.15,0.0299999993294477,0.1249999981373548,0.2149999979883432,4.074999824166298,39.87499948963523,0.0,0,BIHAR_2024_09_27,2024-09-27,NRSC_Sentinel1A
28.25,85.25,0.1299999952316284,0.1299999952316284,0.2399999927729368,4.299999911338091,37.26499907113612,0.0,0,BIHAR_2024_09_27,2024-09-27,NRSC_Sentinel1A
28.25,85.35,0.4399999976158142,0.4399999976158142,0.6799999885261059,1.7449999675154686,22.88999927788973,0.0,0,BIHAR_2024_09_27,2024-09-27,NRSC_Sentinel1A
28.25,85.45,0.324999988079071,0.324999988079071,0.4699999876320362,1.584999956190586,21.98999963887036,0.0,0,BIHAR_2024_09_27,2024-09-27,NRSC_Sentinel1A
28.25,85.549995,0.0749999955296516,0.0799999954178929,0.404999983496964,1.359999935142696,24.20499938260764,0.0,0,BIHAR_2024_09_27,2024-09-27,NRSC_Sentinel1A
28.25,85.65,0.0949999988079071,0.3399999886751175,0.8849999755620956,1.889999931678176,24.694999551400542,0.0,0,BIHAR_2024_09_27,2024-09-27,NRSC_Sentinel1A
28.25,85.75,0.0350000001490116,0.2949999906122684,1.344999961555004,1.8349999440833928,20.23499930929393,0.0,0,BIHAR_2024_09_27,2024-09-27,NRSC_Sentinel1A
28.25,85.85,0.2549999952316284,0.4249999970197677,1.1949999742209911,1.494999971240759,15.004999749362469,0.0,0,BIHAR_2024_09_27,2024-09-27,NRSC_Sentinel1A
28.25,85.95,0.044999998062849,0.3799999766051769,1.3899999670684338,1.56999995931983,9.93999968469143,0.0,0,BIHAR_2024_09_27,2024-09-27,NRSC_Sentinel1A
28.25,86.049995,0.1950000002980232,0.8849999755620956,1.8449999541044235,2.084999945014715,8.474999756552279,0.0,0,BIHAR_2024_09_27,2024-09-27,NRSC_Sentinel1A
28.25,86.15,0.1049999967217445,0.7249999865889549,1.2349999863654375,1.329999984242022,4.864999930374324,0.0,0,BIHAR_2024_09_27,2024-09-27,NRSC_Sentinel1A
28.25,86.25,0.1399999931454658,0.7799999713897705,1.8549999296665192,1.9399999249726527,4.614999806508422,0.0,0,BIHAR_2024_09_27,2024-09-27,NRSC_Sentinel1A
28.25,86.35,0.1849999986588955,1.854999955743552,3.559999879449606,3.78999986872077,6.534999798052013,0.0,0,BIHAR_2024_09_27,2024-09-27,NRSC_Sentinel1A
28.25,86.45,0.1449999921023845,2.2049999944865704,3.22999994084239,3.609999934211373,5.724999879486859,0.0,0,BIHAR_2024_09_27,2024-09-27,NRSC_Sentinel1A
28.25,86.549995,0.3099999949336052,2.369999937713146,2.544999934732914,2.999999925494194,5.31499987654388,0.0,0,BIHAR_2024_09_27,2024-09-27,NRSC_Sentinel1A
28.25,86.65,0.2349999919533729,2.189999938011169,3.024999924004078,4.204999901354313,7.744999839924276,0.0,0,BIHAR_2024_09_27,2024-09-27,NRSC_Sentinel1A
28.25,86.75,0.0700000002980232,1.804999992251396,2.554999977350235,4.46999993827194,7.494999893940985,0.0,0,BIHAR_2024_09_27,2024-09-27,NRSC_Sentinel1A
28.25,86.85,0.0850000008940696,1.3949999809265137,2.6999999582767487,5.454999931156635,6.729999891482294,0.0,0,BIHAR_2024_09_27,2024-09-27,NRSC_Sentinel1A
28.25,86.95,0.0,1.3099999725818634,2.819999948143959,5.944999843835831,8.184999756515026,0.0,0,BIHAR_2024_09_27,2024-09-27,NRSC_Sentinel1A
28.25,87.049995,0.089999996125698,2.209999956190586,4.739999912679195,14.80999956279993,18.05999944824725,0.0,0,BIHAR_2024_09_27,2024-09-27,NRSC_Sentinel1A
28.25,87.15,0.089999996125698,5.249999783933163,7.859999682754278,25.56999955698848,28.17499944940209,0.0,0,BIHAR_2024_09_27,2024-09-27,NRSC_Sentinel1A
28.25,87.25,0.2099999859929084,5.544999845325947,9.369999714195728,25.43499950319529,28.91499944310636,0.0,0,BIHAR_2024_09_27,2024-09-27,NRSC_Sentinel1A
28.25,87.35,0.1349999904632568,4.4799999594688416,8.114999890327454,23.56499975174665,31.784999825060368,0.0,0,BIHAR_2024_09_27,2024-09-27,NRSC_Sentinel1A
28.25,87.45,0.3249999955296516,4.169999904930592,9.30499977618456,18.269999481737614,30.77499927766621,0.0,0,BIHAR_2024_09_27,2024-09-27,NRSC_Sentinel1A
28.25,87.549995,0.1450000004842877,3.2949998872354627,7.664999742992222,15.189999585039914,26.27999941725284,0.0,0,BIHAR_2024_09_27,2024-09-27,NRSC_Sentinel1A
28.25,87.65,0.0999999940395355,3.254999965429306,7.034999847412109,13.1749996393919,24.21499942895025,0.0,0,BIHAR_2024_09_27,2024-09-27,NRSC_Sentinel1A
28.25,87.75,0.044999998062849,1.3449999578297138,2.389999933540821,9.27499982714653,19.89999959617853,0.0,0,BIHAR_2024_09_27,2024-09-27,NRSC_Sentinel1A
28.25,87.85,0.1049999967217445,1.4399999352172017,1.4399999352172017,5.464999799616635,13.824999717064202,0.0,0,BIHAR_2024_09_27,2024-09-27,NRSC_Sentinel1A
28.25,87.95,0.0799999982118606,0.0799999982118606,0.0799999982118606,3.939999870955944,11.489999748766422,0.0,0,BIHAR_2024_09_27,2024-09-27,NRSC_Sentinel1A
28.25,88.049995,0.0099999997764825,0.0099999997764825,0.0099999997764825,3.3399999160319567,10.214999782852829,0.0,0,BIHAR_2024_09_27,2024-09-27,NRSC_Sentinel1A
28.25,88.15,0.0,0.0,0.0199999995529651,1.7549999244511127,5.484999857842922,0.0,0,BIHAR_2024_09_27,2024-09-27,NRSC_Sentinel1A
28.25,88.25,0.0,0.0,0.0,1.0549999624490738,2.8899999195709825,0.0,0,BIHAR_2024_09_27,2024-09-27,NRSC_Sentinel1A
28.25,88.35,0.0,0.0,0.0,0.6699999794363976,1.994999942369759,0.0,0,BIHAR_2024_09_27,2024-09-27,NRSC_Sentinel1A
28.25,88.45,0.0,0.0,0.0,0.5399999879300594,1.7199999801814556,0.0,0,BIHAR_2024_09_27,2024-09-27,NRSC_Sentinel1A
28.349998,83.049995,0.0,0.4399999901652336,0.5549999848008156,6.474999833852053,10.039999748580158,0.0,0,BIHAR_2024_09_27,2024-09-27,NRSC_Sentinel1A
28.349998,83.15,0.0,0.4499999955296516,0.5699999891221523,6.609999826177955,12.489999736659229,0.0,0,BIHAR_2024_09_27,2024-09-27,NRSC_Sentinel1A
28.349998,83.25,0.0399999991059303,0.4699999764561653,0.5849999748170376,7.864999704062939,21.58499951474369,0.0,0,BIHAR_2024_09_27,2024-09-27,NRSC_Sentinel1A
28.349998,83.35,0.0699999965727329,0.439999982714653,0.439999982714653,2.4449999192729592,19.01499955356121,0.0,0,BIHAR_2024_09_27,2024-09-27,NRSC_Sentinel1A
28.349998,83.45,0.0549999997019767,0.3749999850988388,0.3749999850988388,0.7149999728426337,19.569999421946704,0.0,0,BIHAR_2024_09_27,2024-09-27,NRSC_Sentinel1A
28.349998,83.549995,0.0549999978393316,0.2799999918788671,0.3149999920278787,0.7849999908357859,6.429999920539558,0.0,0,BIHAR_2024_09_27,2024-09-27,NRSC_Sentinel1A
28.349998,83.65,0.044999998062849,0.2449999898672104,0.2449999898672104,0.7449999758973718,5.079999903216958,0.0,0,BIHAR_2024_09_27,2024-09-27,NRSC_Sentinel1A
28.349998,83.75,0.034999999217689,0.1049999957904219,0.1449999948963523,0.8549999734386802,6.264999836683273,0.0,0,BIHAR_2024_09_27,2024-09-27,NRSC_Sentinel1A
28.349998,83.85,0.0,0.0949999988079071,0.2049999982118606,0.7849999759346247,11.69499976374209,0.0,0,BIHAR_2024_09_27,2024-09-27,NRSC_Sentinel1A
28.349998,83.95,0.0,0.1549999974668026,0.1999999955296516,0.4849999872967601,11.16999972704798,0.0,0,BIHAR_2024_09_27,2024-09-27,NRSC_Sentinel1A
28.349998,84.049995,0.0,0.1499999947845935,0.1499999947845935,0.3299999898299575,9.864999897778034,0.0,0,BIHAR_2024_09_27,2024-09-27,NRSC_Sentinel1A
28.349998,84.15,0.0,0.044999998062849,0.044999998062849,10.6899998690933,20.7599994847551,0.0,0,BIHAR_2024_09_27,2024-09-27,NRSC_Sentinel1A
28.349998,84.25,0.044999998062849,0.169999998062849,0.1849999977275729,12.479999762028456,19.40499969571829,0.0,0,BIHAR_2024_09_27,2024-09-27,NRSC_Sentinel1A
28.349998,84.35,0.0,0.4050000011920929,0.4150000009685755,13.43499973975122,19.50499959476292,0.0,0,BIHAR_2024_09_27,2024-09-27,NRSC_Sentinel1A
28.349998,84.45,0.0399999991059303,0.0399999991059303,0.0999999977648258,10.049999471753836,20.09499924071133,0.0,0,BIHAR_2024_09_27,2024-09-27,NRSC_Sentinel1A
28.349998,84.549995,0.0,0.0850000008940696,0.1950000002980232,12.659999679774046,30.019999472424388,0.0,0,BIHAR_2024_09_27,2024-09-27,NRSC_Sentinel1A
28.349998,84.65,0.0299999993294477,0.1549999993294477,0.2799999993294477,11.764999782666564,30.349999418482184,0.0,0,BIHAR_2024_09_27,2024-09-27,NRSC_Sentinel1A
28.349998,84.75,0.0850000008940696,0.2199999913573265,0.5199999883770943,8.474999837577343,38.65999915916473,0.0,0,BIHAR_2024_09_27,2024-09-27,NRSC_Sentinel1A
28.349998,84.85,0.1649999916553497,0.1649999916553497,0.1649999916553497,5.91499986499548,34.58999901730567,0.0,0,BIHAR_2024_09_27,2024-09-27,NRSC_Sentinel1A
28.349998,84.95,0.1149999946355819,0.1149999946355819,0.1149999946355819,2.429999928921461,22.2499995874241,0.0,0,BIHAR_2024_09_27,2024-09-27,NRSC_Sentinel1A
28.349998,85.049995,0.0,0.0,0.0,1.879999939352274,20.18499944265932,0.0,0,BIHAR_2024_09_27,2024-09-27,NRSC_Sentinel1A
28.349998,85.15,0.1399999931454658,0.1399999931454658,0.20499999076128,2.369999926537276,21.04999946430325,0.0,0,BIHAR_2024_09_27,2024-09-27,NRSC_Sentinel1A
28.349998,85.25,0.5699999779462814,0.5699999779462814,0.5699999779462814,2.184999949298799,23.549999489448965,0.0,0,BIHAR_2024_09_27,2024-09-27,NRSC_Sentinel1A
28.349998,85.35,1.099999986588955,1.099999986588955,1.1599999852478504,2.479999981820584,12.1199998119846,0.0,0,BIHAR_2024_09_27,2024-09-27,NRSC_Sentinel1A
28.349998,85.45,0.0049999998882412,0.0049999998882412,0.1349999951198697,1.804999933578074,7.469999699853361,0.0,0,BIHAR_2024_09_27,2024-09-27,NRSC_Sentinel1A
28.349998,85.549995,0.0350000001490116,0.0499999998137354,0.4199999934062361,1.809999953024089,9.164999742992222,0.0,0,BIHAR_2024_09_27,2024-09-27,NRSC_Sentinel1A
28.349998,85.65,0.0,0.0,0.6949999742209911,1.9249999597668648,9.609999807551503,0.0,0,BIHAR_2024_09_27,2024-09-27,NRSC_Sentinel1A
28.349998,85.75,0.0749999955296516,0.1449999958276748,1.264999957755208,1.889999946579337,7.869999798946083,0.0,0,BIHAR_2024_09_27,2024-09-27,NRSC_Sentinel1A
28.349998,85.85,0.0,0.0,1.0399999916553495,1.7899999869987369,5.979999906383455,0.0,0,BIHAR_2024_09_27,2024-09-27,NRSC_Sentinel1A
28.349998,85.95,0.6949999742209911,0.6949999742209911,1.8299999348819256,2.079999931156636,4.739999884739518,0.0,0,BIHAR_2024_09_27,2024-09-27,NRSC_Sentinel1A
28.349998,86.049995,0.3749999925494194,0.7849999740719795,1.574999950826168,1.7399999424815178,3.4649999141693115,0.0,0,BIHAR_2024_09_27,2024-09-27,NRSC_Sentinel1A
28.349998,86.15,0.2599999904632568,0.3449999913573265,0.8299999758601189,0.974999975413084,2.054999935440719,0.0,0,BIHAR_2024_09_27,2024-09-27,NRSC_Sentinel1A
28.349998,86.25,0.0799999982118606,0.7949999868869781,2.18999995291233,2.4849999472498894,5.324999897740781,0.0,0,BIHAR_2024_09_27,2024-09-27,NRSC_Sentinel1A
28.349998,86.35,0.1799999922513961,1.399999983608723,3.034999929368496,3.259999919682741,7.929999851621687,0.0,0,BIHAR_2024_09_27,2024-09-27,NRSC_Sentinel1A
28.349998,86.45,0.1049999967217445,1.5899999514222145,3.4499999061226845,4.479999882169068,9.004999743774533,0.0,0,BIHAR_2024_09_27,2024-09-27,NRSC_Sentinel1A
28.349998,86.549995,0.125,1.4999999701976776,3.034999907016754,3.3699998976662755,7.264999877661467,0.0,0,BIHAR_2024_09_27,2024-09-27,NRSC_Sentinel1A
28.349998,86.65,0.0749999955296516,1.6349999979138374,2.9799999967217445,3.1299999952316284,5.329999949783087,0.0,0,BIHAR_2024_09_27,2024-09-27,NRSC_Sentinel1A
28.349998,86.75,0.0299999993294477,2.4399999361485243,3.9499999340623617,4.349999932572246,6.08499988168478,0.0,0,BIHAR_2024_09_27,2024-09-27,NRSC_Sentinel1A
28.349998,86.85,0.0,1.964999958872795,3.554999887011945,4.224999877624214,5.07999986037612,0.0,0,BIHAR_2024_09_27,2024-09-27,NRSC_Sentinel1A
28.349998,86.95,0.1049999967217445,1.7649999111890793,3.44499989785254,3.989999884739518,5.244999818503857,0.0,0,BIHAR_2024_09_27,2024-09-27,NRSC_Sentinel1A
28.349998,87.049995,0.5899999961256981,2.2849999433383346,4.624999935738742,6.079999881796539,8.414999827742577,0.0,0,BIHAR_2024_09_27,2024-09-27,NRSC_Sentinel1A
28.349998,87.15,0.199999988079071,2.009999930858612,4.784999806433916,9.149999734014273,10.494999665766954,0.0,0,BIHAR_2024_09_27,2024-09-27,NRSC_Sentinel1A
28.349998,87.25,0.0999999940395355,3.2699999436736107,6.709999792277813,13.239999629557133,14.764999598264694,0.0,0,BIHAR_2024_09_27,2024-09-27,NRSC_Sentinel1A
28.349998,87.35,0.089999996125698,3.4199998900294304,6.924999795854092,21.359999679028988,25.76499951351434,0.0,0,BIHAR_2024_09_27,2024-09-27,NRSC_Sentinel1A
28.349998,87.45,0.1049999967217445,3.219999857246876,7.699999816715717,15.489999622106552,21.74499949626625,0.0,0,BIHAR_2024_09_27,2024-09-27,NRSC_Sentinel1A
28.349998,87.549995,0.0850000008940696,2.7599999606609344,6.549999833106995,11.604999661445618,18.014999456703663,0.0,0,BIHAR_2024_09_27,2024-09-27,NRSC_Sentinel1A
28.349998,87.65,0.1349999969825148,2.9399999445304275,7.534999853931367,11.89999972935766,21.0449995584786,0.0,0,BIHAR_2024_09_27,2024-09-27,NRSC_Sentinel1A
28.349998,87.75,0.0350000001490116,1.6299999840557575,4.079999934881926,9.169999916106462,15.609999828971922,0.0,0,BIHAR_2024_09_27,2024-09-27,NRSC_Sentinel1A
28.349998,87.85,0.089999996125698,1.7899999842047691,3.254999972879886,7.864999875426292,13.254999689757824,0.0,0,BIHAR_2024_09_27,2024-09-27,NRSC_Sentinel1A
28.349998,87.95,0.089999996125698,1.8799999579787248,3.2599999383091927,7.709999673068523,12.264999508857729,0.0,0,BIHAR_2024_09_27,2024-09-27,NRSC_Sentinel1A
28.349998,88.049995,0.0,0.0,0.0,4.194999903440476,8.869999818503857,0.0,0,BIHAR_2024_09_27,2024-09-27,NRSC_Sentinel1A
28.349998,88.15,0.0,0.0,0.0,2.359999932348728,5.089999856427312,0.0,0,BIHAR_2024_09_27,2024-09-27,NRSC_Sentinel1A
28.349998,88.25,0.0,0.0,0.0,1.35999995470047,3.339999913237989,0.0,0,BIHAR_2024_09_27,2024-09-27,NRSC_Sentinel1A
28.349998,88.35,0.0,0.0,0.0,0.6349999792873859,1.8499999605119228,0.0,0,BIHAR_2024_09_27,2024-09-27,NRSC_Sentinel1A
28.349998,88.45,0.0,0.0,0.0,0.1949999947100877,1.080000001937151,0.0,0,BIHAR_2024_09_27,2024-09-27,NRSC_Sentinel1A
28.449999,83.049995,0.0,0.0,0.5299999751150608,5.879999861121178,10.35999982431531,0.0,0,BIHAR_2024_09_27,2024-09-27,NRSC_Sentinel1A
28.449999,83.15,0.0,0.3549999892711639,0.6699999794363976,4.5249998308718204,12.989999637007712,0.0,0,BIHAR_2024_09_27,2024-09-27,NRSC_Sentinel1A
28.449999,83.25,0.0,0.3599999882280826,0.6599999815225601,4.419999925419688,15.80999976862222,0.0,0,BIHAR_2024_09_27,2024-09-27,NRSC_Sentinel1A
28.449999,83.35,0.0350000001490116,0.3299999944865703,0.449999988079071,3.949999889358878,15.094999686814845,0.0,0,BIHAR_2024_09_27,2024-09-27,NRSC_Sentinel1A
28.449999,83.45,0.0549999997019767,0.0849999990314245,0.1749999970197677,3.434999885968864,9.15999967418611,0.0,0,BIHAR_2024_09_27,2024-09-27,NRSC_Sentinel1A
28.449999,83.549995,0.044999998062849,0.044999998062849,0.3149999938905239,3.749999901279807,9.089999726973474,0.0,0,BIHAR_2024_09_27,2024-09-27,NRSC_Sentinel1A
28.449999,83.65,0.0149999996647238,0.0149999996647238,0.0549999987706542,2.0849999440833926,5.184999835677445,0.0,0,BIHAR_2024_09_27,2024-09-27,NRSC_Sentinel1A
28.449999,83.75,0.0,0.0,0.0399999991059303,0.9849999658763408,6.0299998158589005,0.0,0,BIHAR_2024_09_27,2024-09-27,NRSC_Sentinel1A
28.449999,83.85,0.0,0.0,0.2249999865889549,0.6949999770149589,13.854999860748649,0.0,0,BIHAR_2024_09_27,2024-09-27,NRSC_Sentinel1A
28.449999,83.95,0.0,0.1149999983608722,0.2549999989569187,0.6399999922141433,12.329999782145023,0.0,0,BIHAR_2024_09_27,2024-09-27,NRSC_Sentinel1A
28.449999,84.049995,0.0,0.089999996125698,0.089999996125698,7.550000044517219,16.304999889805913,0.0,0,BIHAR_2024_09_27,2024-09-27,NRSC_Sentinel1A
28.449999,84.15,0.0049999998882412,0.0949999960139393,0.2049999954178929,11.22499971371144,20.84999948553741,0.0,0,BIHAR_2024_09_27,2024-09-27,NRSC_Sentinel1A
28.449999,84.25,0.0,0.199999988079071,0.5349999666213989,12.964999500662088,21.16499922424555,0.0,0,BIHAR_2024_09_27,2024-09-27,NRSC_Sentinel1A
28.449999,84.35,0.0,0.209999993443489,0.209999993443489,11.20999995432794,15.599999878555536,0.0,0,BIHAR_2024_09_27,2024-09-27,NRSC_Sentinel1A
28.449999,84.45,0.0350000001490116,0.0350000001490116,0.0649999994784593,7.595000026747584,13.649999817833304,0.0,0,BIHAR_2024_09_27,2024-09-27,NRSC_Sentinel1A
28.449999,84.549995,0.0,0.0199999995529651,0.279999990016222,5.809999871067703,18.42499962355941,0.0,0,BIHAR_2024_09_27,2024-09-27,NRSC_Sentinel1A
28.449999,84.65,0.0299999993294477,0.1549999993294477,0.3999999891966581,4.930000012740493,19.32999972999096,0.0,0,BIHAR_2024_09_27,2024-09-27,NRSC_Sentinel1A
28.449999,84.75,0.0999999977648258,0.2299999929964542,0.644999984651804,4.4249998442828655,28.449999168515205,0.0,0,BIHAR_2024_09_27,2024-09-27,NRSC_Sentinel1A
28.449999,84.85,0.1599999964237213,0.1599999964237213,0.1599999964237213,4.089999917894602,15.794999462552369,0.0,0,BIHAR_2024_09_27,2024-09-27,NRSC_Sentinel1A
28.449999,84.95,0.0,0.0,0.0,2.649999968707561,15.689999802038074,0.0,0,BIHAR_2024_09_27,2024-09-27,NRSC_Sentinel1A
28.449999,85.049995,0.0299999993294477,0.0599999986588954,0.0599999986588954,1.8299999460577965,16.279999861493707,0.0,0,BIHAR_2024_09_27,2024-09-27,NRSC_Sentinel1A
28.449999,85.15,0.1550000011920929,0.2800000011920929,0.2800000011920929,1.8599999835714696,14.109999659471214,0.0,0,BIHAR_2024_09_27,2024-09-27,NRSC_Sentinel1A
28.449999,85.25,0.429999977350235,0.4849999770522117,0.4849999770522117,2.104999923147261,16.75999936182052,0.0,0,BIHAR_2024_09_27,2024-09-27,NRSC_Sentinel1A
28.449999,85.35,0.1299999952316284,0.1299999952316284,0.1449999948963523,2.0849999198690057,13.819999526254833,0.0,0,BIHAR_2024_09_27,2024-09-27,NRSC_Sentinel1A
28.449999,85.45,0.1649999916553497,0.1649999916553497,0.1649999916553497,5.964999650605023,13.0249994834885,0.0,0,BIHAR_2024_09_27,2024-09-27,NRSC_Sentinel1A
28.449999,85.549995,0.089999996125698,0.089999996125698,0.089999996125698,2.099999918602407,8.659999807365239,0.0,0,BIHAR_2024_09_27,2024-09-27,NRSC_Sentinel1A
28.449999,85.65,0.0,0.044999998062849,0.3249999992549419,0.9899999760091304,7.999999711290002,0.0,0,BIHAR_2024_09_27,2024-09-27,NRSC_Sentinel1A
28.449999,85.75,0.0,0.0,0.8550000041723251,1.5099999904632568,7.934999878518283,0.0,0,BIHAR_2024_09_27,2024-09-27,NRSC_Sentinel1A
28.449999,85.85,0.1550000011920929,0.1550000011920929,0.8649999797344208,1.5849999897181988,5.574999833479524,0.0,0,BIHAR_2024_09_27,2024-09-27,NRSC_Sentinel1A
28.449999,85.95,0.0499999970197677,0.0499999970197677,0.5049999952316284,1.2399999797344208,3.6749999206513166,0.0,0,BIHAR_2024_09_27,2024-09-27,NRSC_Sentinel1A
28.449999,86.049995,0.2499999990686774,0.3299999972805381,0.5149999922141433,0.6349999867379665,2.044999953359365,0.0,0,BIHAR_2024_09_27,2024-09-27,NRSC_Sentinel1A
28.449999,86.15,0.0,0.0,0.4799999743700027,0.8349999636411667,2.739999905228615,0.0,0,BIHAR_2024_09_27,2024-09-27,NRSC_Sentinel1A
28.449999,86.25,0.0,0.0,0.4099999889731407,0.6199999861419201,4.164999853819609,0.0,0,BIHAR_2024_09_27,2024-09-27,NRSC_Sentinel1A
28.449999,86.35,0.0,0.7699999809265137,2.404999910853803,3.1949998727068305,7.654999821446836,0.0,0,BIHAR_2024_09_27,2024-09-27,NRSC_Sentinel1A
28.449999,86.45,0.0,0.6549999862909317,2.419999971985817,2.534999966621399,6.264999847859144,0.0,0,BIHAR_2024_09_27,2024-09-27,NRSC_Sentinel1A
28.449999,86.549995,0.0,0.6699999794363976,1.2899999544024467,1.2899999544024467,4.394999869167805,0.0,0,BIHAR_2024_09_27,2024-09-27,NRSC_Sentinel1A
28.449999,86.65,0.0,1.3949999809265137,1.844999960623681,1.844999960623681,3.3949999371543527,0.0,0,BIHAR_2024_09_27,2024-09-27,NRSC_Sentinel1A
28.449999,86.75,0.0649999976158142,1.4899999499320984,2.909999892115593,2.909999892115593,4.544999845325947,0.0,0,BIHAR_2024_09_27,2024-09-27,NRSC_Sentinel1A
28.449999,86.85,0.0,1.304999977350235,2.459999926388264,2.459999926388264,3.944999889470637,0.0,0,BIHAR_2024_09_27,2024-09-27,NRSC_Sentinel1A
28.449999,86.95,0.0599999986588954,1.249999966472387,2.5849999291822314,2.719999925233424,4.059999913908541,0.0,0,BIHAR_2024_09_27,2024-09-27,NRSC_Sentinel1A
28.449999,87.049995,0.4849999919533729,1.6899999752640724,3.484999917447567,3.7749999053776255,4.7149998769164085,0.0,0,BIHAR_2024_09_27,2024-09-27,NRSC_Sentinel1A
28.449999,87.15,0.1700000017881393,0.4899999946355819,3.1399999409914017,4.419999927282333,5.444999888539314,0.0,0,BIHAR_2024_09_27,2024-09-27,NRSC_Sentinel1A
28.449999,87.25,0.0,0.8749999850988388,3.9349999502301216,6.324999878183007,7.934999821707606,0.0,0,BIHAR_2024_09_27,2024-09-27,NRSC_Sentinel1A
28.449999,87.35,0.0,1.1749999970197678,5.479999981820583,12.749999957159162,14.344999888911843,0.0,0,BIHAR_2024_09_27,2024-09-27,NRSC_Sentinel1A
28.449999,87.45,0.0,0.8699999824166298,4.749999798834324,13.809999842196705,16.384999754838645,0.0,0,BIHAR_2024_09_27,2024-09-27,NRSC_Sentinel1A
28.449999,87.549995,0.089999996125698,1.7549999579787254,5.569999925792217,10.914999835193155,13.944999793544412,0.0,0,BIHAR_2024_09_27,2024-09-27,NRSC_Sentinel1A
28.449999,87.65,0.0749999955296516,1.7999999597668648,6.594999842345715,10.17499978095293,14.08999969996512,0.0,0,BIHAR_2024_09_27,2024-09-27,NRSC_Sentinel1A
28.449999,87.75,0.0,1.344999998807907,5.424999922513962,9.764999836683272,12.899999801069498,0.0,0,BIHAR_2024_09_27,2024-09-27,NRSC_Sentinel1A
28.449999,87.85,0.0,1.169999986886978,2.6549999341368675,6.349999807775021,8.824999742209911,0.0,0,BIHAR_2024_09_27,2024-09-27,NRSC_Sentinel1A
28.449999,87.95,0.0,1.235000006854534,1.7699999958276749,4.959999904036522,7.619999838061631,0.0,0,BIHAR_2024_09_27,2024-09-27,NRSC_Sentinel1A
28.449999,88.049995,0.0,0.0,0.0149999996647238,5.0799998780712485,9.439999756403267,0.0,0,BIHAR_2024_09_27,2024-09-27,NRSC_Sentinel1A
28.449999,88.15,0.0,0.0,0.0149999996647238,2.6699999338015914,4.7049998780712485,0.0,0,BIHAR_2024_09_27,2024-09-27,NRSC_Sentinel1A
28.449999,88.25,0.0,0.0,0.0,2.0649999752640724,3.524999927729368,0.0,0,BIHAR_2024_09_27,2024-09-27,NRSC_Sentinel1A
28.449999,88.35,0.0,0.0,0.0,0.2799999983981251,1.3949999809265137,0.0,0,BIHAR_2024_09_27,2024-09-27,NRSC_Sentinel1A
28.449999,88.45,0.0,0.0,0.0,0.1099999966099858,0.6599999843165278,0.0,0,BIHAR_2024_09_27,2024-09-27,NRSC_Sentinel1A
24.05,83.049995,0.0,0.0,0.0,9.319999903440475,9.58999988436699,0.0,0,BIHAR_2022_09_02,2022-09-02,NRSC_Sentinel1A
24.05,83.15,0.0,0.0,0.0,8.379999816417694,8.799999795854092,0.0,0,BIHAR_2022_09_02,2022-09-02,NRSC_Sentinel1A
24.05,83.25,0.0,0.0,0.0,7.919999957084656,8.104999959468842,0.0,0,BIHAR_2022_09_02,2022-09-02,NRSC_Sentinel1A
24.05,83.35,0.2449999973177909,0.2449999973177909,0.2449999973177909,1.6499999687075615,1.8099999651312828,0.0,0,BIHAR_2022_09_02,2022-09-02,NRSC_Sentinel1A
24.05,83.45,0.2349999919533729,0.2349999919533729,0.2349999919533729,1.5299999490380287,1.794999934732914,0.0,0,BIHAR_2022_09_02,2022-09-02,NRSC_Sentinel1A
24.05,83.549995,0.1049999967217445,0.1049999967217445,0.1049999967217445,1.059999980032444,1.7049999609589577,0.0,0,BIHAR_2022_09_02,2022-09-02,NRSC_Sentinel1A
24.05,83.65,0.0,0.0,0.0,0.7399999797344208,0.7399999797344208,0.0,0,BIHAR_2022_09_02,2022-09-02,NRSC_Sentinel1A
24.05,83.75,0.0,0.0,0.0,0.7549999803304672,0.7549999803304672,0.0,0,BIHAR_2022_09_02,2022-09-02,NRSC_Sentinel1A
24.05,83.85,0.0,0.0,0.0,0.8199999630451202,0.8199999630451202,0.0,0,BIHAR_2022_09_02,2022-09-02,NRSC_Sentinel1A
24.05,83.95,0.0,0.0,0.0,0.7149999737739563,0.7149999737739563,0.0,0,BIHAR_2022_09_02,2022-09-02,NRSC_Sentinel1A
24.05,84.049995,0.0,0.0,0.0,1.2449999824166298,1.2449999824166298,0.0,0,BIHAR_2022_09_02,2022-09-02,NRSC_Sentinel1A
24.05,84.15,0.0,0.0,0.0,0.679999977350235,0.679999977350235,0.0,0,BIHAR_2022_09_02,2022-09-02,NRSC_Sentinel1A
24.05,84.25,0.0,0.0,0.0,1.145000010728836,1.2850000075995922,0.0,0,BIHAR_2022_09_02,2022-09-02,NRSC_Sentinel1A
24.05,84.35,0.0,0.0,0.0,1.5449999421834946,1.6749999411404133,0.0,0,BIHAR_2022_09_02,2022-09-02,NRSC_Sentinel1A
24.05,84.45,0.0,0.0,0.284999992698431,6.164999838918448,6.284999836236239,0.0,0,BIHAR_2022_09_02,2022-09-02,NRSC_Sentinel1A
24.05,84.549995,0.0,0.0,0.6499999910593033,6.554999805986881,6.914999790489674,0.0,0,BIHAR_2022_09_02,2022-09-02,NRSC_Sentinel1A
24.05,84.65,0.0,0.0,1.3649999350309372,10.864999689161776,11.79999966174364,0.0,0,BIHAR_2022_09_02,2022-09-02,NRSC_Sentinel1A
24.05,84.75,0.0,0.0,4.029999926686287,14.994999505579472,15.549999497830868,0.0,0,BIHAR_2022_09_02,2022-09-02,NRSC_Sentinel1A
24.05,84.85,0.0,0.0,0.6899999678134918,11.884999811649324,11.994999811053276,0.0,0,BIHAR_2022_09_02,2022-09-02,NRSC_Sentinel1A
24.05,84.95,0.0,0.0,0.154999990016222,10.499999586492777,10.719999585300684,0.0,0,BIHAR_2022_09_02,2022-09-02,NRSC_Sentinel1A
24.05,85.049995,0.0,0.0,0.0999999986961484,6.7399998204782605,7.209999811835587,0.0,0,BIHAR_2022_09_02,2022-09-02,NRSC_Sentinel1A
24.05,85.15,0.0,0.0,0.4749999791383743,11.924999648705125,12.474999641999602,0.0,0,BIHAR_2022_09_02,2022-09-02,NRSC_Sentinel1A
24.05,85.25,0.0,0.0,0.1449999948963523,9.549999720416965,10.434999697841704,0.0,0,BIHAR_2022_09_02,2022-09-02,NRSC_Sentinel1A
24.05,85.35,0.0,0.0,0.0,9.944999743252993,11.454999718815088,0.0,0,BIHAR_2022_09_02,2022-09-02,NRSC_Sentinel1A
24.05,85.45,0.0,0.0,0.0,13.094999641180038,15.129999598488212,0.0,0,BIHAR_2022_09_02,2022-09-02,NRSC_Sentinel1A
24.05,85.549995,0.0,0.0,0.5299999862909317,15.379999950528145,17.949999891221523,0.0,0,BIHAR_2022_09_02,2022-09-02,NRSC_Sentinel1A
24.05,85.65,0.0,0.0,0.7049999628216028,14.639999518170953,17.754999490454793,0.0,0,BIHAR_2022_09_02,2022-09-02,NRSC_Sentinel1A
24.05,85.75,0.0,0.0,0.1799999913200736,12.15999977197498,14.984999674372377,0.0,0,BIHAR_2022_09_02,2022-09-02,NRSC_Sentinel1A
24.05,85.85,0.0,0.0,0.0,6.604999884963036,9.619999804534018,0.0,0,BIHAR_2022_09_02,2022-09-02,NRSC_Sentinel1A
24.05,85.95,0.0,0.0,0.0,5.6949998661875725,8.009999798610806,0.0,0,BIHAR_2022_09_02,2022-09-02,NRSC_Sentinel1A
24.05,86.049995,0.0,0.0,0.0,3.17999991774559,5.254999868571758,0.0,0,BIHAR_2022_09_02,2022-09-02,NRSC_Sentinel1A
24.05,86.15,0.0,0.0,0.0,2.9399999398738146,4.639999896287918,0.0,0,BIHAR_2022_09_02,2022-09-02,NRSC_Sentinel1A
24.05,86.25,0.0,0.0,0.0,2.2799999490380287,4.464999911375344,0.0,0,BIHAR_2022_09_02,2022-09-02,NRSC_Sentinel1A
24.05,86.35,0.0,0.0,0.0,2.8499999307096004,4.739999883808196,0.0,0,BIHAR_2022_09_02,2022-09-02,NRSC_Sentinel1A
24.05,86.45,0.0,0.0,0.0,6.094999849796295,9.434999722987412,0.0,0,BIHAR_2022_09_02,2022-09-02,NRSC_Sentinel1A
24.05,86.549995,0.0,0.0,0.0,7.659999817609787,9.734999794512987,0.0,0,BIHAR_2022_09_02,2022-09-02,NRSC_Sentinel1A
24.05,86.65,0.0299999993294477,0.0299999993294477,0.0299999993294477,3.5949998777359724,6.65999979712069,0.0,0,BIHAR_2022_09_02,2022-09-02,NRSC_Sentinel1A
24.05,86.75,0.1949999928474426,0.2699999883770942,0.2699999883770942,2.739999957382679,5.884999871253967,0.0,0,BIHAR_2022_09_02,2022-09-02,NRSC_Sentinel1A
24.05,86.85,0.0,0.0,0.0,2.1599999368190765,5.394999880343676,0.0,0,BIHAR_2022_09_02,2022-09-02,NRSC_Sentinel1A
24.05,86.95,0.0,0.0,0.0,1.85999995470047,5.209999886341393,0.0,0,BIHAR_2022_09_02,2022-09-02,NRSC_Sentinel1A
24.05,87.049995,0.0649999976158142,0.0649999976158142,0.0649999976158142,0.689999982714653,1.6399999530985951,0.0,0,BIHAR_2022_09_02,2022-09-02,NRSC_Sentinel1A
24.05,87.15,0.0,0.0,0.0,0.3149999976158142,1.5149999568238854,0.0,0,BIHAR_2022_09_02,2022-09-02,NRSC_Sentinel1A
24.05,87.25,0.0649999976158142,0.0649999976158142,0.0649999976158142,0.0649999976158142,0.8499999828636646,0.0,0,BIHAR_2022_09_02,2022-09-02,NRSC_Sentinel1A
24.05,87.35,0.0,0.0,0.0,0.0,0.6849999874830246,0.0,0,BIHAR_2022_09_02,2022-09-02,NRSC_Sentinel1A
24.05,87.45,0.0,0.0,0.0,0.0,0.7099999785423279,0.0,0,BIHAR_2022_09_02,2022-09-02,NRSC_Sentinel1A
24.05,87.549995,0.0649999976158142,0.0649999976158142,0.0649999976158142,0.0649999976158142,0.7299999855458736,0.0,0,BIHAR_2022_09_02,2022-09-02,NRSC_Sentinel1A
24.05,87.65,0.0700000002980232,0.0700000002980232,0.0700000002980232,0.0700000002980232,0.7049999833106995,0.0,0,BIHAR_2022_09_02,2022-09-02,NRSC_Sentinel1A
24.05,87.75,0.0,0.0,0.0,0.0,0.8949999650940299,0.0,0,BIHAR_2022_09_02,2022-09-02,NRSC_Sentinel1A
24.05,87.85,0.0,0.0,0.0,0.0,0.8199999630451202,0.0,0,BIHAR_2022_09_02,2022-09-02,NRSC_Sentinel1A
24.05,87.95,0.0,0.0,0.0,0.0149999996647238,0.8399999728426337,0.0,0,BIHAR_2022_09_02,2022-09-02,NRSC_Sentinel1A
24.05,88.049995,0.0,0.0,0.0,0.0149999996647238,0.8299999823793769,0.0,0,BIHAR_2022_09_02,2022-09-02,NRSC_Sentinel1A
24.05,88.15,0.0,0.0,0.0,0.0599999986588954,1.3099999763071537,0.0,0,BIHAR_2022_09_02,2022-09-02,NRSC_Sentinel1A
24.05,88.25,0.0,0.0,0.0,0.0,1.2049999721348286,0.0,0,BIHAR_2022_09_02,2022-09-02,NRSC_Sentinel1A
24.05,88.35,0.0,0.0,0.0649999976158142,0.0649999976158142,1.259999959729612,0.0,0,BIHAR_2022_09_02,2022-09-02,NRSC_Sentinel1A
24.05,88.45,0.0,0.0,0.125,0.125,1.479999966919422,0.0,0,BIHAR_2022_09_02,2022-09-02,NRSC_Sentinel1A
24.15,83.049995,0.199999988079071,0.199999988079071,0.199999988079071,3.074999950826168,3.9799999222159386,0.0,0,BIHAR_2022_09_02,2022-09-02,NRSC_Sentinel1A
24.15,83.15,0.1949999928474426,0.1949999928474426,0.1949999928474426,2.6099999472498894,3.389999937266112,0.0,0,BIHAR_2022_09_02,2022-09-02,NRSC_Sentinel1A
24.15,83.25,0.2749999910593033,0.2749999910593033,0.2749999910593033,1.779999978840351,2.079999972134829,0.0,0,BIHAR_2022_09_02,2022-09-02,NRSC_Sentinel1A
24.15,83.35,0.0,0.0,0.0,2.7549998909235,2.9899998903274536,0.0,0,BIHAR_2022_09_02,2022-09-02,NRSC_Sentinel1A
24.15,83.45,0.0,0.0,0.0,2.1849999725818634,2.52999996393919,0.0,0,BIHAR_2022_09_02,2022-09-02,NRSC_Sentinel1A
24.15,83.549995,0.0,0.0,0.0,1.86499997228384,2.59999992698431,0.0,0,BIHAR_2022_09_02,2022-09-02,NRSC_Sentinel1A
24.15,83.65,0.0,0.0,0.0,3.3649998754262924,3.39499987475574,0.0,0,BIHAR_2022_09_02,2022-09-02,NRSC_Sentinel1A
24.15,83.75,0.0,0.0,0.0,2.829999938607216,2.829999938607216,0.0,0,BIHAR_2022_09_02,2022-09-02,NRSC_Sentinel1A
24.15,83.85,0.0,0.0,0.0,2.709999918937683,2.709999918937683,0.0,0,BIHAR_2022_09_02,2022-09-02,NRSC_Sentinel1A
24.15,83.95,0.0,0.0,0.0,1.0299999713897705,1.0299999713897705,0.0,0,BIHAR_2022_09_02,2022-09-02,NRSC_Sentinel1A
24.15,84.049995,0.0,0.0,0.0,0.8899999856948853,0.8899999856948853,0.0,0,BIHAR_2022_09_02,2022-09-02,NRSC_Sentinel1A
24.15,84.15,0.0,0.0,0.0,0.8849999904632568,1.0249999910593033,0.0,0,BIHAR_2022_09_02,2022-09-02,NRSC_Sentinel1A
24.15,84.25,0.0,0.0,0.0,1.4749999344348907,1.894999921321869,0.0,0,BIHAR_2022_09_02,2022-09-02,NRSC_Sentinel1A
24.15,84.35,0.0,0.0,0.0,1.4949999451637268,1.889999937266112,0.0,0,BIHAR_2022_09_02,2022-09-02,NRSC_Sentinel1A
24.15,84.45,0.0999999940395355,0.0999999940395355,0.0999999940395355,2.829999975860119,3.129999957978725,0.0,0,BIHAR_2022_09_02,2022-09-02,NRSC_Sentinel1A
24.15,84.549995,0.0,0.0,0.0149999996647238,2.919999956153333,3.474999933503568,0.0,0,BIHAR_2022_09_02,2022-09-02,NRSC_Sentinel1A
24.15,84.65,0.0,0.0,0.3349999785423279,8.839999727904797,10.214999668300152,0.0,0,BIHAR_2022_09_02,2022-09-02,NRSC_Sentinel1A
24.15,84.75,0.0,0.0,3.4799998700618744,19.11999983340501,20.329999782145023,0.0,0,BIHAR_2022_09_02,2022-09-02,NRSC_Sentinel1A
24.15,84.85,0.0,0.0,4.829999834299088,21.069999516010284,21.399999499320984,0.0,0,BIHAR_2022_09_02,2022-09-02,NRSC_Sentinel1A
24.15,84.95,0.0,0.0,1.3499999791383743,15.834999546408651,16.17999953404069,0.0,0,BIHAR_2022_09_02,2022-09-02,NRSC_Sentinel1A
24.15,85.049995,0.0,0.0,0.9599999580532312,15.669999750331044,16.314999731257558,0.0,0,BIHAR_2022_09_02,2022-09-02,NRSC_Sentinel1A
24.15,85.15,0.0,0.0,0.97000000346452,20.40999995637685,21.249999930150807,0.0,0,BIHAR_2022_09_02,2022-09-02,NRSC_Sentinel1A
24.15,85.25,0.0,0.0,0.0049999998882412,21.04499948490411,22.48999944794923,0.0,0,BIHAR_2022_09_02,2022-09-02,NRSC_Sentinel1A
24.15,85.35,0.0,0.0,0.1999999973922968,17.52999941445887,19.384999373927712,0.0,0,BIHAR_2022_09_02,2022-09-02,NRSC_Sentinel1A
24.15,85.45,0.0,0.0,0.1749999960884452,19.204999669454992,21.82999963220209,0.0,0,BIHAR_2022_09_02,2022-09-02,NRSC_Sentinel1A
24.15,85.549995,0.0,0.0,2.9749999791383743,25.929999127984047,28.874999061226845,0.0,0,BIHAR_2022_09_02,2022-09-02,NRSC_Sentinel1A
24.15,85.65,0.0,0.0,5.484999746084213,26.76499918103218,31.669999063014984,0.0,0,BIHAR_2022_09_02,2022-09-02,NRSC_Sentinel1A
24.15,85.75,0.0,0.0,2.0849999338388443,15.94999946653843,21.119999304413795,0.0,0,BIHAR_2022_09_02,2022-09-02,NRSC_Sentinel1A
24.15,85.85,0.0,0.0,0.0350000001490116,9.769999835640192,13.649999738670886,0.0,0,BIHAR_2022_09_02,2022-09-02,NRSC_Sentinel1A
24.15,85.95,0.0,0.0,0.0,8.169999897480011,12.87499974668026,0.0,0,BIHAR_2022_09_02,2022-09-02,NRSC_Sentinel1A
24.15,86.049995,0.0,0.0,0.0,4.634999856352806,10.934999664314091,0.0,0,BIHAR_2022_09_02,2022-09-02,NRSC_Sentinel1A
24.15,86.15,0.0,0.0,0.0,4.429999954998493,11.3199997022748,0.0,0,BIHAR_2022_09_02,2022-09-02,NRSC_Sentinel1A
24.15,86.25,0.0,0.0,0.0,6.229999855160713,10.804999742656946,0.0,0,BIHAR_2022_09_02,2022-09-02,NRSC_Sentinel1A
24.15,86.35,0.0,0.0,0.0,8.21999979019165,12.144999696873128,0.0,0,BIHAR_2022_09_02,2022-09-02,NRSC_Sentinel1A
24.15,86.45,0.0,0.0,0.0,10.739999812096356,15.94499965570867,0.0,0,BIHAR_2022_09_02,2022-09-02,NRSC_Sentinel1A
24.15,86.549995,0.0,0.0,0.0,9.329999819397926,15.074999576434491,0.0,0,BIHAR_2022_09_02,2022-09-02,NRSC_Sentinel1A
24.15,86.65,0.0,0.0,0.0,9.624999850988388,16.294999724254012,0.0,0,BIHAR_2022_09_02,2022-09-02,NRSC_Sentinel1A
24.15,86.75,0.0,0.0,0.0,7.244999803602695,11.45999973732978,0.0,0,BIHAR_2022_09_02,2022-09-02,NRSC_Sentinel1A
24.15,86.85,0.0700000002980232,0.0700000002980232,0.0700000002980232,4.374999962747097,9.30999983008951,0.0,0,BIHAR_2022_09_02,2022-09-02,NRSC_Sentinel1A
24.15,86.95,0.0700000002980232,0.0700000002980232,0.0700000002980232,3.40999985486269,7.684999694116414,0.0,0,BIHAR_2022_09_02,2022-09-02,NRSC_Sentinel1A
24.15,87.049995,0.0649999976158142,0.0649999976158142,0.0649999976158142,2.389999896287918,6.034999787807465,0.0,0,BIHAR_2022_09_02,2022-09-02,NRSC_Sentinel1A
24.15,87.15,0.0649999976158142,0.0649999976158142,0.0649999976158142,2.4749999344348907,6.209999889135361,0.0,0,BIHAR_2022_09_02,2022-09-02,NRSC_Sentinel1A
24.15,87.25,0.0749999955296516,0.0749999955296516,0.0749999955296516,1.1299999728798866,5.019999884068966,0.0,0,BIHAR_2022_09_02,2022-09-02,NRSC_Sentinel1A
24.15,87.35,0.0,0.0,0.0,0.6099999845027924,4.1049999333918095,0.0,0,BIHAR_2022_09_02,2022-09-02,NRSC_Sentinel1A
24.15,87.45,0.0,0.0,0.0,0.45499999076128,5.059999905526638,0.0,0,BIHAR_2022_09_02,2022-09-02,NRSC_Sentinel1A
24.15,87.549995,0.0,0.0,0.0,2.004999987781048,3.404999926686287,0.0,0,BIHAR_2022_09_02,2022-09-02,NRSC_Sentinel1A
24.15,87.65,0.0749999955296516,0.0749999955296516,0.0749999955296516,0.9199999570846558,2.7799999080598354,0.0,0,BIHAR_2022_09_02,2022-09-02,NRSC_Sentinel1A
24.15,87.75,0.0,0.0,0.0,0.3049999922513962,2.1099999360740185,0.0,0,BIHAR_2022_09_02,2022-09-02,NRSC_Sentinel1A
24.15,87.85,0.0749999955296516,0.0749999955296516,0.0749999955296516,0.0749999955296516,1.829999933950603,0.0,0,BIHAR_2022_09_02,2022-09-02,NRSC_Sentinel1A
24.15,87.95,0.0,0.0,0.0,0.0,1.6099999696016312,0.0,0,BIHAR_2022_09_02,2022-09-02,NRSC_Sentinel1A
24.15,88.049995,0.0799999982118606,0.0799999982118606,0.0799999982118606,0.0799999982118606,1.6799999456852674,0.0,0,BIHAR_2022_09_02,2022-09-02,NRSC_Sentinel1A
24.15,88.15,0.1499999985098838,0.1499999985098838,0.1499999985098838,0.1499999985098838,2.7649999484419823,0.0,0,BIHAR_2022_09_02,2022-09-02,NRSC_Sentinel1A
24.15,88.25,0.0749999955296516,0.0749999955296516,0.0749999955296516,0.0849999953061342,2.774999933317304,0.0,0,BIHAR_2022_09_02,2022-09-02,NRSC_Sentinel1A
24.15,88.35,0.0749999955296516,0.0749999955296516,0.0749999955296516,0.0949999950826168,2.3049999587237835,0.0,0,BIHAR_2022_09_02,2022-09-02,NRSC_Sentinel1A
24.15,88.45,0.0,0.0,0.0,0.9749999791383744,4.729999862611294,0.0,0,BIHAR_2022_09_02,2022-09-02,NRSC_Sentinel1A
24.25,83.049995,0.199999988079071,0.199999988079071,0.199999988079071,5.214999854564667,6.894999802112579,0.0,0,BIHAR_2022_09_02,2022-09-02,NRSC_Sentinel1A
24.25,83.15,0.20499999076128,0.20499999076128,0.20499999076128,4.464999921619892,6.069999891333282,0.0,0,BIHAR_2022_09_02,2022-09-02,NRSC_Sentinel1A
24.25,83.25,0.20499999076128,0.20499999076128,0.20499999076128,5.039999857544899,6.289999812841415,0.0,0,BIHAR_2022_09_02,2022-09-02,NRSC_Sentinel1A
24.25,83.35,0.20499999076128,0.20499999076128,0.20499999076128,6.314999915659428,7.099999909289181,0.0,0,BIHAR_2022_09_02,2022-09-02,NRSC_Sentinel1A
24.25,83.45,0.0,0.0,0.0,4.76499986089766,5.284999840892851,0.0,0,BIHAR_2022_09_02,2022-09-02,NRSC_Sentinel1A
24.25,83.549995,0.0,0.0,0.0,3.5949999187141657,3.894999908283353,0.0,0,BIHAR_2022_09_02,2022-09-02,NRSC_Sentinel1A
24.25,83.65,0.0,0.0,0.0,7.994999967515469,8.134999967180192,0.0,0,BIHAR_2022_09_02,2022-09-02,NRSC_Sentinel1A
24.25,83.75,0.0,0.0,0.0,13.34499967098236,14.029999663121998,0.0,0,BIHAR_2022_09_02,2022-09-02,NRSC_Sentinel1A
24.25,83.85,0.0,0.0,0.0,5.969999872148037,6.054999873042107,0.0,0,BIHAR_2022_09_02,2022-09-02,NRSC_Sentinel1A
24.25,83.95,0.0,0.0,0.0,6.549999855458736,6.6399998515844345,0.0,0,BIHAR_2022_09_02,2022-09-02,NRSC_Sentinel1A
24.25,84.049995,0.0,0.0,0.0,2.659999892115593,2.659999892115593,0.0,0,BIHAR_2022_09_02,2022-09-02,NRSC_Sentinel1A
24.25,84.15,0.0,0.0,0.0,1.8849999606609344,1.8849999606609344,0.0,0,BIHAR_2022_09_02,2022-09-02,NRSC_Sentinel1A
24.25,84.25,0.0,0.0,0.0,1.9799999743700027,2.3499999791383743,0.0,0,BIHAR_2022_09_02,2022-09-02,NRSC_Sentinel1A
24.25,84.35,0.0,0.0,0.0,1.8699999451637268,2.314999938011169,0.0,0,BIHAR_2022_09_02,2022-09-02,NRSC_Sentinel1A
24.25,84.45,0.0,0.0,0.0,2.499999888241291,2.7599998749792576,0.0,0,BIHAR_2022_09_02,2022-09-02,NRSC_Sentinel1A
24.25,84.549995,0.0,0.0,0.0,2.919999912381172,3.2749998942017555,0.0,0,BIHAR_2022_09_02,2022-09-02,NRSC_Sentinel1A
24.25,84.65,0.0999999940395355,0.0999999940395355,0.5,9.789999924600124,10.68499992787838,0.0,0,BIHAR_2022_09_02,2022-09-02,NRSC_Sentinel1A
24.25,84.75,0.0,0.0,0.0549999997019767,14.06999957561493,14.999999552965164,0.0,0,BIHAR_2022_09_02,2022-09-02,NRSC_Sentinel1A
24.25,84.85,0.0,0.0,1.7349999845027924,18.96499963104725,19.59999960847199,0.0,0,BIHAR_2022_09_02,2022-09-02,NRSC_Sentinel1A
24.25,84.95,0.0,0.0,1.1800000052899122,26.25999973528087,26.604999730363488,0.0,0,BIHAR_2022_09_02,2022-09-02,NRSC_Sentinel1A
24.25,85.049995,0.0,0.0,0.7149999737739563,23.52499955892563,24.59999952465296,0.0,0,BIHAR_2022_09_02,2022-09-02,NRSC_Sentinel1A
24.25,85.15,0.0,0.0,0.1149999946355819,21.60999958962202,22.654999556951225,0.0,0,BIHAR_2022_09_02,2022-09-02,NRSC_Sentinel1A
24.25,85.25,0.0,0.0,0.6550000011920929,18.63999952375889,20.1349995136261,0.0,0,BIHAR_2022_09_02,2022-09-02,NRSC_Sentinel1A
24.25,85.35,0.0,0.0,0.6299999952316284,16.89499944448471,18.39499941468239,0.0,0,BIHAR_2022_09_02,2022-09-02,NRSC_Sentinel1A
24.25,85.45,0.0,0.0,1.2749999910593033,21.12499944865704,22.55499941855669,0.0,0,BIHAR_2022_09_02,2022-09-02,NRSC_Sentinel1A
24.25,85.549995,0.0,0.0,11.03499960899353,30.644999220967293,32.614999160170555,0.0,0,BIHAR_2022_09_02,2022-09-02,NRSC_Sentinel1A
24.25,85.65,0.0,0.0,0.0,11.70999988913536,14.704999796114862,0.0,0,BIHAR_2022_09_02,2022-09-02,NRSC_Sentinel1A
24.25,85.75,0.0,0.0,0.429999977350235,10.479999750852585,14.804999665357172,0.0,0,BIHAR_2022_09_02,2022-09-02,NRSC_Sentinel1A
24.25,85.85,0.0,0.0,1.0149999633431437,12.379999734461308,18.504999551922083,0.0,0,BIHAR_2022_09_02,2022-09-02,NRSC_Sentinel1A
24.25,85.95,0.0,0.0,0.0,5.079999893903732,14.619999520480633,0.0,0,BIHAR_2022_09_02,2022-09-02,NRSC_Sentinel1A
24.25,86.049995,0.0,0.0,0.0,6.609999775886536,16.26999956741929,0.0,0,BIHAR_2022_09_02,2022-09-02,NRSC_Sentinel1A
24.25,86.15,0.0,0.0,0.0,5.629999749362469,14.999999511986973,0.0,0,BIHAR_2022_09_02,2022-09-02,NRSC_Sentinel1A
24.25,86.25,0.0,0.0,0.0,8.249999687075615,16.57499945908785,0.0,0,BIHAR_2022_09_02,2022-09-02,NRSC_Sentinel1A
24.25,86.35,0.0,0.0,0.0,10.184999823570251,18.414999593049288,0.0,0,BIHAR_2022_09_02,2022-09-02,NRSC_Sentinel1A
24.25,86.45,0.0,0.0,0.0,12.449999567121267,19.35499948821962,0.0,0,BIHAR_2022_09_02,2022-09-02,NRSC_Sentinel1A
24.25,86.549995,0.0,0.0,0.0,13.76999954879284,21.064999444410205,0.0,0,BIHAR_2022_09_02,2022-09-02,NRSC_Sentinel1A
24.25,86.65,0.0,0.0,0.0,13.839999474585056,22.989999257028103,0.0,0,BIHAR_2022_09_02,2022-09-02,NRSC_Sentinel1A
24.25,86.75,0.0,0.0,0.0,16.29499988257885,22.90499972458929,0.0,0,BIHAR_2022_09_02,2022-09-02,NRSC_Sentinel1A
24.25,86.85,0.0,0.0,0.0,11.36999961733818,19.454999409616,0.0,0,BIHAR_2022_09_02,2022-09-02,NRSC_Sentinel1A
24.25,86.95,0.0,0.0,0.0,8.964999675750732,16.45999960694462,0.0,0,BIHAR_2022_09_02,2022-09-02,NRSC_Sentinel1A
24.25,87.049995,0.0649999976158142,0.0649999976158142,0.0649999976158142,5.27999971807003,13.92499941494316,0.0,0,BIHAR_2022_09_02,2022-09-02,NRSC_Sentinel1A
24.25,87.15,0.0599999986588954,0.0599999986588954,0.0599999986588954,3.4899998269975185,8.189999647438526,0.0,0,BIHAR_2022_09_02,2022-09-02,NRSC_Sentinel1A
24.25,87.25,0.0700000002980232,0.0700000002980232,0.0700000002980232,4.854999899864197,12.759999781847,0.0,0,BIHAR_2022_09_02,2022-09-02,NRSC_Sentinel1A
24.25,87.35,0.0700000002980232,0.0700000002980232,0.0700000002980232,3.824999935925007,11.744999701157212,0.0,0,BIHAR_2022_09_02,2022-09-02,NRSC_Sentinel1A
24.25,87.45,0.0649999976158142,0.0649999976158142,0.0649999976158142,2.499999899417162,8.759999621659517,0.0,0,BIHAR_2022_09_02,2022-09-02,NRSC_Sentinel1A
24.25,87.549995,0.0,0.0,0.0,3.349999978207052,9.124999874271452,0.0,0,BIHAR_2022_09_02,2022-09-02,NRSC_Sentinel1A
24.25,87.65,0.0749999955296516,0.0749999955296516,0.0749999955296516,6.419999785721302,14.519999660551548,0.0,0,BIHAR_2022_09_02,2022-09-02,NRSC_Sentinel1A
24.25,87.75,0.0,0.0,0.0,3.869999945163727,12.88499970268458,0.0,0,BIHAR_2022_09_02,2022-09-02,NRSC_Sentinel1A
24.25,87.85,0.0,0.0,0.0,3.40499996393919,11.05499977618456,0.0,0,BIHAR_2022_09_02,2022-09-02,NRSC_Sentinel1A
24.25,87.95,0.0,0.0,0.0,1.9399999752640724,11.184999749064444,0.0,0,BIHAR_2022_09_02,2022-09-02,NRSC_Sentinel1A
24.25,88.049995,0.0,0.0,0.0,0.1649999916553497,6.889999821782112,0.0,0,BIHAR_2022_09_02,2022-09-02,NRSC_Sentinel1A
24.25,88.15,0.0,0.0,0.0,0.0850000008940696,8.264999908395112,0.0,0,BIHAR_2022_09_02,2022-09-02,NRSC_Sentinel1A
24.25,88.25,0.0,0.0,0.0,0.125,8.029999852180481,0.0,0,BIHAR_2022_09_02,2022-09-02,NRSC_Sentinel1A
24.25,88.35,0.0749999955296516,0.0749999955296516,0.0749999955296516,0.5449999943375587,8.524999871850014,0.0,0,BIHAR_2022_09_02,2022-09-02,NRSC_Sentinel1A
24.25,88.45,0.1449999958276748,0.1449999958276748,0.1449999958276748,2.66499986499548,9.134999699890614,0.0,0,BIHAR_2022_09_02,2022-09-02,NRSC_Sentinel1A
24.35,83.049995,0.0,0.0,0.0,8.524999767541885,10.994999693706632,0.0,0,BIHAR_2022_09_02,2022-09-02,NRSC_Sentinel1A
24.35,83.15,0.1349999941885471,0.1349999941885471,0.1349999941885471,8.51499979197979,10.649999745190144,0.0,0,BIHAR_2022_09_02,2022-09-02,NRSC_Sentinel1A
24.35,83.25,0.1099999984726309,0.1099999984726309,0.1099999984726309,9.949999793432651,11.839999740943313,0.0,0,BIHAR_2022_09_02,2022-09-02,NRSC_Sentinel1A
24.35,83.35,0.1149999937042594,0.1149999937042594,0.1149999937042594,10.979999645613134,13.844999580644073,0.0,0,BIHAR_2022_09_02,2022-09-02,NRSC_Sentinel1A
24.35,83.45,0.0,0.0,0.0,13.879999697208405,15.999999672174454,0.0,0,BIHAR_2022_09_02,2022-09-02,NRSC_Sentinel1A
24.35,83.549995,0.0,0.0,0.0,19.9899999499321,22.03999987244606,0.0,0,BIHAR_2022_09_02,2022-09-02,NRSC_Sentinel1A
24.35,83.65,0.0,0.0,0.0,18.219999596476555,20.19999954476953,0.0,0,BIHAR_2022_09_02,2022-09-02,NRSC_Sentinel1A
24.35,83.75,0.0,0.0,0.0,13.254999697208405,14.00999965891242,0.0,0,BIHAR_2022_09_02,2022-09-02,NRSC_Sentinel1A
24.35,83.85,0.0,0.0,0.0,16.779999315738678,17.439999297261238,0.0,0,BIHAR_2022_09_02,2022-09-02,NRSC_Sentinel1A
24.35,83.95,0.0,0.0,0.0,11.77999959886074,12.679999567568302,0.0,0,BIHAR_2022_09_02,2022-09-02,NRSC_Sentinel1A
24.35,84.049995,0.0,0.0,0.0,4.424999877810478,5.114999860525131,0.0,0,BIHAR_2022_09_02,2022-09-02,NRSC_Sentinel1A
24.35,84.15,0.0,0.0,0.0,4.004999913275242,5.039999887347221,0.0,0,BIHAR_2022_09_02,2022-09-02,NRSC_Sentinel1A
24.35,84.25,0.0,0.0,0.0,5.96999990940094,7.514999871142209,0.0,0,BIHAR_2022_09_02,2022-09-02,NRSC_Sentinel1A
24.35,84.35,0.0850000008940696,0.0850000008940696,0.0850000008940696,6.234999783337116,7.479999773204327,0.0,0,BIHAR_2022_09_02,2022-09-02,NRSC_Sentinel1A
24.35,84.45,0.089999996125698,0.089999996125698,0.089999996125698,3.739999942481518,4.084999926388264,0.0,0,BIHAR_2022_09_02,2022-09-02,NRSC_Sentinel1A
24.35,84.549995,0.0,0.0,0.0,5.384999766945839,5.5799997597932816,0.0,0,BIHAR_2022_09_02,2022-09-02,NRSC_Sentinel1A
24.35,84.65,0.0,0.0,0.2099999915808439,8.799999905750155,9.40499989502132,0.0,0,BIHAR_2022_09_02,2022-09-02,NRSC_Sentinel1A
24.35,84.75,0.0,0.0,1.119999960064888,12.969999641180038,13.45999963581562,0.0,0,BIHAR_2022_09_02,2022-09-02,NRSC_Sentinel1A
24.35,84.85,0.0749999955296516,0.0749999955296516,7.634999699890613,29.4249994084239,30.719999374821786,0.0,0,BIHAR_2022_09_02,2022-09-02,NRSC_Sentinel1A
24.35,84.95,0.0,0.0,5.234999880194664,34.924998946487904,36.43999890610576,0.0,0,BIHAR_2022_09_02,2022-09-02,NRSC_Sentinel1A
24.35,85.049995,0.0,0.0,7.999999761581421,34.06999854743481,35.404998508282006,0.0,0,BIHAR_2022_09_02,2022-09-02,NRSC_Sentinel1A
24.35,85.15,0.0,0.0,3.82999999076128,27.90999925136566,29.08999922685325,0.0,0,BIHAR_2022_09_02,2022-09-02,NRSC_Sentinel1A
24.35,85.25,0.0,0.0,6.679999977350235,26.68499965965748,28.35499962698668,0.0,0,BIHAR_2022_09_02,2022-09-02,NRSC_Sentinel1A
24.35,85.35,0.0,0.0,1.519999958574772,18.354999728500843,20.004999686963856,0.0,0,BIHAR_2022_09_02,2022-09-02,NRSC_Sentinel1A
24.35,85.45,0.0,0.0,4.6249998062849045,19.53499911725521,21.63499904796481,0.0,0,BIHAR_2022_09_02,2022-09-02,NRSC_Sentinel1A
24.35,85.549995,0.0,0.0,1.2899999842047691,11.514999829232693,13.87499974295497,0.0,0,BIHAR_2022_09_02,2022-09-02,NRSC_Sentinel1A
24.35,85.65,0.0,0.0,0.0,8.144999891519547,10.844999856315551,0.0,0,BIHAR_2022_09_02,2022-09-02,NRSC_Sentinel1A
24.35,85.75,0.0,0.0,0.0,7.464999794960022,11.134999671019614,0.0,0,BIHAR_2022_09_02,2022-09-02,NRSC_Sentinel1A
24.35,85.85,0.0,0.0,0.1749999895691871,8.639999873936176,14.71499978005886,0.0,0,BIHAR_2022_09_02,2022-09-02,NRSC_Sentinel1A
24.35,85.95,0.0,0.0,0.0,6.119999885559082,13.994999690912664,0.0,0,BIHAR_2022_09_02,2022-09-02,NRSC_Sentinel1A
24.35,86.049995,0.0,0.0,0.0,6.904999852180481,14.249999636784196,0.0,0,BIHAR_2022_09_02,2022-09-02,NRSC_Sentinel1A
24.35,86.15,0.0,0.0,0.0,5.344999864697456,14.26999970152974,0.0,0,BIHAR_2022_09_02,2022-09-02,NRSC_Sentinel1A
24.35,86.25,0.0,0.0,0.0,7.564999878406525,15.094999722205102,0.0,0,BIHAR_2022_09_02,2022-09-02,NRSC_Sentinel1A
24.35,86.35,0.0,0.0,0.0,12.0649995803833,18.98499932605773,0.0,0,BIHAR_2022_09_02,2022-09-02,NRSC_Sentinel1A
24.35,86.45,0.0,0.0,0.0,11.80499966070056,20.29499949514866,0.0,0,BIHAR_2022_09_02,2022-09-02,NRSC_Sentinel1A
24.35,86.549995,0.0,0.0,0.0,16.18999957293272,25.49999925121665,0.0,0,BIHAR_2022_09_02,2022-09-02,NRSC_Sentinel1A
24.35,86.65,0.0,0.0,0.0,14.194999523460863,23.55999928340316,0.0,0,BIHAR_2022_09_02,2022-09-02,NRSC_Sentinel1A
24.35,86.75,0.0549999997019767,0.0549999997019767,0.0549999997019767,18.28999976068735,27.41999949514866,0.0,0,BIHAR_2022_09_02,2022-09-02,NRSC_Sentinel1A
24.35,86.85,0.0599999986588954,0.0599999986588954,0.0599999986588954,16.089999806135893,30.22999953851104,0.0,0,BIHAR_2022_09_02,2022-09-02,NRSC_Sentinel1A
24.35,86.95,0.0,0.0,0.0,11.714999713003635,23.159999512135983,0.0,0,BIHAR_2022_09_02,2022-09-02,NRSC_Sentinel1A
24.35,87.049995,0.0649999976158142,0.0649999976158142,0.0649999976158142,10.644999831914902,24.774999395012856,0.0,0,BIHAR_2022_09_02,2022-09-02,NRSC_Sentinel1A
24.35,87.15,0.0649999976158142,0.0649999976158142,0.0649999976158142,6.224999636411667,15.679999303072693,0.0,0,BIHAR_2022_09_02,2022-09-02,NRSC_Sentinel1A
24.35,87.25,0.0649999976158142,0.0649999976158142,0.0649999976158142,7.014999769628048,25.86499948054552,0.0,0,BIHAR_2022_09_02,2022-09-02,NRSC_Sentinel1A
24.35,87.35,0.0700000002980232,0.0700000002980232,0.0700000002980232,4.934999959543347,21.41999962367117,0.0,0,BIHAR_2022_09_02,2022-09-02,NRSC_Sentinel1A
24.35,87.45,0.1399999931454658,0.1399999931454658,0.1399999931454658,4.449999783188105,19.064999599009752,0.0,0,BIHAR_2022_09_02,2022-09-02,NRSC_Sentinel1A
24.35,87.549995,0.1499999985098838,0.1499999985098838,0.1499999985098838,6.339999824762344,18.794999592006207,0.0,0,BIHAR_2022_09_02,2022-09-02,NRSC_Sentinel1A
24.35,87.65,0.0749999955296516,0.0749999955296516,0.0749999955296516,8.514999829232693,19.484999619424343,0.0,0,BIHAR_2022_09_02,2022-09-02,NRSC_Sentinel1A
24.35,87.75,0.0,0.0,0.0,3.669999927282333,15.90999971330166,0.0,0,BIHAR_2022_09_02,2022-09-02,NRSC_Sentinel1A
24.35,87.85,0.0,0.0,0.0,2.254999950528145,11.334999673068523,0.0,0,BIHAR_2022_09_02,2022-09-02,NRSC_Sentinel1A
24.35,87.95,0.0,0.0,0.0,1.494999960064888,11.489999696612358,0.0,0,BIHAR_2022_09_02,2022-09-02,NRSC_Sentinel1A
24.35,88.049995,0.0,0.0,0.0,1.0549999922513962,10.23999970406294,0.0,0,BIHAR_2022_09_02,2022-09-02,NRSC_Sentinel1A
24.35,88.15,0.0,0.0,0.1149999992921948,0.4049999909475446,9.639999699778857,0.0,0,BIHAR_2022_09_02,2022-09-02,NRSC_Sentinel1A
24.35,88.25,0.0,0.0,0.0,0.7299999594688416,13.634999793022873,0.0,0,BIHAR_2022_09_02,2022-09-02,NRSC_Sentinel1A
24.35,88.35,0.0,0.0,0.0,1.6549999713897705,15.46499951928854,0.0,0,BIHAR_2022_09_02,2022-09-02,NRSC_Sentinel1A
24.35,88.45,0.2299999967217445,0.5949999913573265,0.5949999913573265,1.3349999776110053,17.609999670647085,0.0,0,BIHAR_2022_09_02,2022-09-02,NRSC_Sentinel1A
24.449999,83.049995,0.0,0.0,0.0,20.239999771118164,26.839999713003635,0.0,0,BIHAR_2022_09_02,2022-09-02,NRSC_Sentinel1A
24.449999,83.15,0.0,0.0,0.0,17.684999853372574,23.36999975889921,0.0,0,BIHAR_2022_09_02,2022-09-02,NRSC_Sentinel1A
24.449999,83.25,0.0,0.0,0.0,19.764999508857727,27.779999390244484,0.0,0,BIHAR_2022_09_02,2022-09-02,NRSC_Sentinel1A
24.449999,83.35,0.0,0.0,0.0,19.5549997985363,26.96499962732196,0.0,0,BIHAR_2022_09_02,2022-09-02,NRSC_Sentinel1A
24.449999,83.45,0.0,0.0,0.0,21.27999910712242,26.114998996257786,0.0,0,BIHAR_2022_09_02,2022-09-02,NRSC_Sentinel1A
24.449999,83.549995,0.1899999901652336,0.1899999901652336,0.1899999901652336,34.09499882906675,38.11499873176217,0.0,0,BIHAR_2022_09_02,2022-09-02,NRSC_Sentinel1A
24.449999,83.65,0.0,0.0,0.0,40.40499904751778,43.19499900750816,0.0,0,BIHAR_2022_09_02,2022-09-02,NRSC_Sentinel1A
24.449999,83.75,0.0,0.0,0.0,29.624999552965164,32.494999473914504,0.0,0,BIHAR_2022_09_02,2022-09-02,NRSC_Sentinel1A
24.449999,83.85,0.0,0.0,0.0,23.69499948620796,27.33499938249588,0.0,0,BIHAR_2022_09_02,2022-09-02,NRSC_Sentinel1A
24.449999,83.95,0.0,0.0,0.0,36.4649992287159,41.17499919980765,0.0,0,BIHAR_2022_09_02,2022-09-02,NRSC_Sentinel1A
24.449999,84.049995,0.0,0.0,0.0,15.00999929010868,17.054999217391014,0.0,0,BIHAR_2022_09_02,2022-09-02,NRSC_Sentinel1A
24.449999,84.15,0.0,0.0,0.0,14.919999741017818,17.304999642074108,0.0,0,BIHAR_2022_09_02,2022-09-02,NRSC_Sentinel1A
24.449999,84.25,0.0,0.0,0.0,10.344999849796295,12.694999821484087,0.0,0,BIHAR_2022_09_02,2022-09-02,NRSC_Sentinel1A
24.449999,84.35,0.0850000008940696,0.0850000008940696,0.0850000008940696,4.504999838769436,6.024999812245369,0.0,0,BIHAR_2022_09_02,2022-09-02,NRSC_Sentinel1A
24.449999,84.45,0.0850000008940696,0.0850000008940696,0.0850000008940696,5.829999789595604,7.319999732077122,0.0,0,BIHAR_2022_09_02,2022-09-02,NRSC_Sentinel1A
24.449999,84.549995,0.0850000008940696,0.0850000008940696,0.2350000012665987,9.33499995060265,11.109999919310212,0.0,0,BIHAR_2022_09_02,2022-09-02,NRSC_Sentinel1A
24.449999,84.65,0.0,0.0,0.150000000372529,10.269999716430902,11.864999658428133,0.0,0,BIHAR_2022_09_02,2022-09-02,NRSC_Sentinel1A
24.449999,84.75,0.0,0.0,1.139999993145466,16.984999500215054,18.009999476373196,0.0,0,BIHAR_2022_09_02,2022-09-02,NRSC_Sentinel1A
24.449999,84.85,0.0,0.0,0.5599999725818634,19.83499936759472,21.13999933656305,0.0,0,BIHAR_2022_09_02,2022-09-02,NRSC_Sentinel1A
24.449999,84.95,0.0,0.0,1.2249999791383743,20.129999451339245,21.93499941192568,0.0,0,BIHAR_2022_09_02,2022-09-02,NRSC_Sentinel1A
24.449999,85.049995,0.0,0.0,3.019999973475933,21.139999471604824,22.3849994475022,0.0,0,BIHAR_2022_09_02,2022-09-02,NRSC_Sentinel1A
24.449999,85.15,0.0,0.0,0.0,11.31499957293272,12.59999955445528,0.0,0,BIHAR_2022_09_02,2022-09-02,NRSC_Sentinel1A
24.449999,85.25,0.0,0.0,0.0,9.209999777376652,10.564999734051526,0.0,0,BIHAR_2022_09_02,2022-09-02,NRSC_Sentinel1A
24.449999,85.35,0.0,0.0,1.084999978542328,12.159999787807465,13.304999771527946,0.0,0,BIHAR_2022_09_02,2022-09-02,NRSC_Sentinel1A
24.449999,85.45,0.0,0.0,2.364999942481518,12.614999674260616,14.114999635145068,0.0,0,BIHAR_2022_09_02,2022-09-02,NRSC_Sentinel1A
24.449999,85.549995,0.0,0.0,1.6549999937415123,11.499999724328518,13.334999647922814,0.0,0,BIHAR_2022_09_02,2022-09-02,NRSC_Sentinel1A
24.449999,85.65,0.0,0.0,0.0,7.1599999368190765,8.619999878108501,0.0,0,BIHAR_2022_09_02,2022-09-02,NRSC_Sentinel1A
24.449999,85.75,0.0,0.0,0.0,5.10999983549118,7.709999782033265,0.0,0,BIHAR_2022_09_02,2022-09-02,NRSC_Sentinel1A
24.449999,85.85,0.0,0.0,0.1699999943375587,7.194999851286411,13.044999724254012,0.0,0,BIHAR_2022_09_02,2022-09-02,NRSC_Sentinel1A
24.449999,85.95,0.0,0.0,0.0,5.279999941587448,10.34499978646636,0.0,0,BIHAR_2022_09_02,2022-09-02,NRSC_Sentinel1A
24.449999,86.049995,0.0,0.0,0.0,5.514999806880951,10.949999717064202,0.0,0,BIHAR_2022_09_02,2022-09-02,NRSC_Sentinel1A
24.449999,86.15,0.0,0.0,0.0,5.839999929070473,12.89499973692,0.0,0,BIHAR_2022_09_02,2022-09-02,NRSC_Sentinel1A
24.449999,86.25,0.0,0.0,0.0,6.284999907016754,12.46999972499907,0.0,0,BIHAR_2022_09_02,2022-09-02,NRSC_Sentinel1A
24.449999,86.35,0.0,0.0,0.0,11.069999679923058,16.504999580793083,0.0,0,BIHAR_2022_09_02,2022-09-02,NRSC_Sentinel1A
24.449999,86.45,0.0,0.0,0.0,12.29999965056777,17.72499946411699,0.0,0,BIHAR_2022_09_02,2022-09-02,NRSC_Sentinel1A
24.449999,86.549995,0.0,0.0,0.0,11.634999841451643,18.249999647028744,0.0,0,BIHAR_2022_09_02,2022-09-02,NRSC_Sentinel1A
24.449999,86.65,0.0,0.0,0.0,12.484999533742666,18.89999941922724,0.0,0,BIHAR_2022_09_02,2022-09-02,NRSC_Sentinel1A
24.449999,86.75,0.0649999976158142,0.0649999976158142,0.0649999976158142,7.614999782294035,13.57999962568283,0.0,0,BIHAR_2022_09_02,2022-09-02,NRSC_Sentinel1A
24.449999,86.85,0.0,0.0,0.0,12.18999993801117,21.45999976992607,0.0,0,BIHAR_2022_09_02,2022-09-02,NRSC_Sentinel1A
24.449999,86.95,0.0649999976158142,0.0649999976158142,0.0649999976158142,8.274999797344208,19.13999968767166,0.0,0,BIHAR_2022_09_02,2022-09-02,NRSC_Sentinel1A
24.449999,87.049995,0.0700000002980232,0.0700000002980232,0.0700000002980232,11.099999614059923,24.60499918460846,0.0,0,BIHAR_2022_09_02,2022-09-02,NRSC_Sentinel1A
24.449999,87.15,0.0700000002980232,0.0700000002980232,0.0700000002980232,5.514999859035015,16.934999607503414,0.0,0,BIHAR_2022_09_02,2022-09-02,NRSC_Sentinel1A
24.449999,87.25,0.1349999979138374,0.1349999979138374,0.1349999979138374,5.3349998369812965,16.274999670684338,0.0,0,BIHAR_2022_09_02,2022-09-02,NRSC_Sentinel1A
24.449999,87.35,0.1499999985098838,0.1499999985098838,0.1499999985098838,3.314999890513718,8.28499981481582,0.0,0,BIHAR_2022_09_02,2022-09-02,NRSC_Sentinel1A
24.449999,87.45,0.1599999964237213,0.1599999964237213,0.1599999964237213,4.109999895095825,14.614999577403069,0.0,0,BIHAR_2022_09_02,2022-09-02,NRSC_Sentinel1A
24.449999,87.549995,0.1599999964237213,0.1599999964237213,0.1599999964237213,8.359999909996986,17.824999645352364,0.0,0,BIHAR_2022_09_02,2022-09-02,NRSC_Sentinel1A
24.449999,87.65,0.1550000011920929,0.1550000011920929,0.2599999979138374,12.529999792575836,21.70999962836504,0.0,0,BIHAR_2022_09_02,2022-09-02,NRSC_Sentinel1A
24.449999,87.75,0.0,0.0,0.1149999946355819,5.169999867677689,12.324999682605268,0.0,0,BIHAR_2022_09_02,2022-09-02,NRSC_Sentinel1A
24.449999,87.85,0.0,0.0,0.1149999946355819,2.6849999325349927,10.96999975014478,0.0,0,BIHAR_2022_09_02,2022-09-02,NRSC_Sentinel1A
24.449999,87.95,0.0,0.0,0.0,0.3299999833106994,8.4549998678267,0.0,0,BIHAR_2022_09_02,2022-09-02,NRSC_Sentinel1A
24.449999,88.049995,0.0,0.0,0.0,0.0,8.499999715946615,0.0,0,BIHAR_2022_09_02,2022-09-02,NRSC_Sentinel1A
24.449999,88.15,0.0,0.0,0.1199999945238232,0.3549999939277768,10.334999633021653,0.0,0,BIHAR_2022_09_02,2022-09-02,NRSC_Sentinel1A
24.449999,88.25,0.0,0.0,0.1249999972060322,0.7449999870732427,15.619999785907568,0.0,0,BIHAR_2022_09_02,2022-09-02,NRSC_Sentinel1A
24.449999,88.35,0.0,0.0,0.1199999991804361,0.7599999625235796,17.509999552741647,0.0,0,BIHAR_2022_09_02,2022-09-02,NRSC_Sentinel1A
24.449999,88.45,0.0,0.0,0.1449999958276748,0.3249999955296516,18.26499953866005,0.0,0,BIHAR_2022_09_02,2022-09-02,NRSC_Sentinel1A
24.55,83.049995,0.0,0.0,0.0,34.19999904930592,45.73999878112227,0.0,0,BIHAR_2022_09_02,2022-09-02,NRSC_Sentinel1A
24.55,83.15,0.0,0.0,0.0,30.454999297857285,39.61999906506389,0.0,0,BIHAR_2022_09_02,2022-09-02,NRSC_Sentinel1A
24.55,83.25,0.0,0.0,0.0,32.23999935388565,42.22499897331,0.0,0,BIHAR_2022_09_02,2022-09-02,NRSC_Sentinel1A
24.55,83.35,0.0,0.0,0.0,21.79999962449073,31.004999430850148,0.0,0,BIHAR_2022_09_02,2022-09-02,NRSC_Sentinel1A
24.55,83.45,0.0,0.0,0.0,22.179999619722366,30.794999420642853,0.0,0,BIHAR_2022_09_02,2022-09-02,NRSC_Sentinel1A
24.55,83.549995,0.0,0.0,0.0,30.52499958872795,39.35499939322472,0.0,0,BIHAR_2022_09_02,2022-09-02,NRSC_Sentinel1A
24.55,83.65,0.0,0.0,0.0,43.42499887943268,50.78499863296747,0.0,0,BIHAR_2022_09_02,2022-09-02,NRSC_Sentinel1A
24.55,83.75,0.0,0.0,0.0,39.38499894738197,47.20999885350466,0.0,0,BIHAR_2022_09_02,2022-09-02,NRSC_Sentinel1A
24.55,83.85,0.0,0.0,0.0,21.094999477267265,25.419999410398304,0.0,0,BIHAR_2022_09_02,2022-09-02,NRSC_Sentinel1A
24.55,83.95,0.1449999958276748,0.1449999958276748,0.1449999958276748,39.52999959513545,45.3999994546175,0.0,0,BIHAR_2022_09_02,2022-09-02,NRSC_Sentinel1A
24.55,84.049995,0.1549999937415123,0.1549999937415123,0.1549999937415123,35.88999889791012,42.44499879144132,0.0,0,BIHAR_2022_09_02,2022-09-02,NRSC_Sentinel1A
24.55,84.15,0.1649999991059303,0.1649999991059303,0.1649999991059303,21.69499967247248,26.779999550431967,0.0,0,BIHAR_2022_09_02,2022-09-02,NRSC_Sentinel1A
24.55,84.25,0.0,0.0,0.0,12.149999648332596,17.794999483041465,0.0,0,BIHAR_2022_09_02,2022-09-02,NRSC_Sentinel1A
24.55,84.35,0.1899999976158142,0.1899999976158142,0.1899999976158142,5.074999878183007,8.139999792911112,0.0,0,BIHAR_2022_09_02,2022-09-02,NRSC_Sentinel1A
24.55,84.45,0.3699999898672104,0.559999980032444,0.559999980032444,7.709999777376652,10.594999711029232,0.0,0,BIHAR_2022_09_02,2022-09-02,NRSC_Sentinel1A
24.55,84.549995,0.1799999922513961,0.1799999922513961,0.1799999922513961,9.3099996894598,11.364999659359457,0.0,0,BIHAR_2022_09_02,2022-09-02,NRSC_Sentinel1A
24.55,84.65,0.0850000008940696,0.0850000008940696,0.6799999848008156,14.244999773800371,16.4749997202307,0.0,0,BIHAR_2022_09_02,2022-09-02,NRSC_Sentinel1A
24.55,84.75,0.0799999982118606,0.0799999982118606,0.0799999982118606,9.399999856948853,11.184999806806443,0.0,0,BIHAR_2022_09_02,2022-09-02,NRSC_Sentinel1A
24.55,84.85,0.0,0.0,0.0,11.69999972730875,13.839999683201311,0.0,0,BIHAR_2022_09_02,2022-09-02,NRSC_Sentinel1A
24.55,84.95,0.0649999976158142,0.0649999976158142,0.0649999976158142,11.644999697804453,14.254999696277082,0.0,0,BIHAR_2022_09_02,2022-09-02,NRSC_Sentinel1A
24.55,85.049995,0.1700000017881393,0.2749999966472387,0.2749999966472387,9.554999759420753,11.109999714419246,0.0,0,BIHAR_2022_09_02,2022-09-02,NRSC_Sentinel1A
24.55,85.15,0.0,0.0,0.1499999947845935,12.269999835640192,13.5649998113513,0.0,0,BIHAR_2022_09_02,2022-09-02,NRSC_Sentinel1A
24.55,85.25,0.0,0.0,0.1349999941885471,8.949999812990427,10.28499978221953,0.0,0,BIHAR_2022_09_02,2022-09-02,NRSC_Sentinel1A
24.55,85.35,0.0,0.0,0.6049999967217445,8.124999791383743,9.18999977502972,0.0,0,BIHAR_2022_09_02,2022-09-02,NRSC_Sentinel1A
24.55,85.45,0.0,0.0,2.3099999874830246,11.274999909102917,12.264999884180725,0.0,0,BIHAR_2022_09_02,2022-09-02,NRSC_Sentinel1A
24.55,85.549995,0.0,0.0,1.3599999696016312,8.849999636411667,9.989999597892163,0.0,0,BIHAR_2022_09_02,2022-09-02,NRSC_Sentinel1A
24.55,85.65,0.0,0.0,0.504999989643693,7.4699999038130045,8.979999858886003,0.0,0,BIHAR_2022_09_02,2022-09-02,NRSC_Sentinel1A
24.55,85.75,0.0,0.0,8.314999878406525,20.3299997150898,21.864999664016068,0.0,0,BIHAR_2022_09_02,2022-09-02,NRSC_Sentinel1A
24.55,85.85,0.0,0.0,1.889999970793724,11.37999987602234,13.709999803453684,0.0,0,BIHAR_2022_09_02,2022-09-02,NRSC_Sentinel1A
24.55,85.95,0.0,0.0,0.3399999961256981,8.369999758899212,11.564999708905816,0.0,0,BIHAR_2022_09_02,2022-09-02,NRSC_Sentinel1A
24.55,86.049995,0.0,0.0,0.0,7.209999859333038,9.82999984640628,0.0,0,BIHAR_2022_09_02,2022-09-02,NRSC_Sentinel1A
24.55,86.15,0.0,0.0,0.0,6.7499998062849045,8.62999976053834,0.0,0,BIHAR_2022_09_02,2022-09-02,NRSC_Sentinel1A
24.55,86.25,0.0,0.0,0.0,5.414999812841415,9.179999738931656,0.0,0,BIHAR_2022_09_02,2022-09-02,NRSC_Sentinel1A
24.55,86.35,0.0649999976158142,0.0649999976158142,0.0649999976158142,4.894999913871288,8.789999838918447,0.0,0,BIHAR_2022_09_02,2022-09-02,NRSC_Sentinel1A
24.55,86.45,0.0,0.0,0.0,8.094999983906746,12.344999827444552,0.0,0,BIHAR_2022_09_02,2022-09-02,NRSC_Sentinel1A
24.55,86.549995,0.0,0.0,0.0,7.98499983549118,12.589999686926603,0.0,0,BIHAR_2022_09_02,2022-09-02,NRSC_Sentinel1A
24.55,86.65,0.1349999941885471,0.1349999941885471,0.1349999941885471,5.964999858289957,10.299999735318124,0.0,0,BIHAR_2022_09_02,2022-09-02,NRSC_Sentinel1A
24.55,86.75,0.0700000002980232,0.0700000002980232,0.0700000002980232,3.894999887794256,7.379999716766179,0.0,0,BIHAR_2022_09_02,2022-09-02,NRSC_Sentinel1A
24.55,86.85,0.0,0.0,0.0,5.319999948143959,9.159999907948077,0.0,0,BIHAR_2022_09_02,2022-09-02,NRSC_Sentinel1A
24.55,86.95,0.0,0.0,0.0,3.3099999418482184,7.854999816976488,0.0,0,BIHAR_2022_09_02,2022-09-02,NRSC_Sentinel1A
24.55,87.049995,0.1499999985098838,0.1499999985098838,0.1499999985098838,4.024999875575304,11.204999594017863,0.0,0,BIHAR_2022_09_02,2022-09-02,NRSC_Sentinel1A
24.55,87.15,0.1599999964237213,0.1599999964237213,0.1599999964237213,2.549999922513962,10.224999696016312,0.0,0,BIHAR_2022_09_02,2022-09-02,NRSC_Sentinel1A
24.55,87.25,0.1599999964237213,0.1599999964237213,0.1599999964237213,2.489999994635582,14.68999982625246,0.0,0,BIHAR_2022_09_02,2022-09-02,NRSC_Sentinel1A
24.55,87.35,0.1849999949336052,0.1849999949336052,0.1849999949336052,1.884999944828451,7.199999845586717,0.0,0,BIHAR_2022_09_02,2022-09-02,NRSC_Sentinel1A
24.55,87.45,0.1949999928474426,0.1949999928474426,0.1949999928474426,4.3899999260902405,10.719999752938747,0.0,0,BIHAR_2022_09_02,2022-09-02,NRSC_Sentinel1A
24.55,87.549995,0.1999999955296516,0.1999999955296516,0.1999999955296516,5.964999921619892,10.314999885857103,0.0,0,BIHAR_2022_09_02,2022-09-02,NRSC_Sentinel1A
24.55,87.65,0.1649999916553497,0.1649999916553497,0.2549999877810478,13.649999722838402,17.679999586194754,0.0,0,BIHAR_2022_09_02,2022-09-02,NRSC_Sentinel1A
24.55,87.75,0.1749999970197677,0.1749999970197677,0.3099999967962503,11.404999921098351,15.169999780133368,0.0,0,BIHAR_2022_09_02,2022-09-02,NRSC_Sentinel1A
24.55,87.85,0.0,0.0,0.139999995008111,2.6049999855458736,9.04499987885356,0.0,0,BIHAR_2022_09_02,2022-09-02,NRSC_Sentinel1A
24.55,87.95,0.0,0.0,0.1449999902397394,1.6999999675899744,10.544999826699495,0.0,0,BIHAR_2022_09_02,2022-09-02,NRSC_Sentinel1A
24.55,88.049995,0.0,0.0,0.1049999967217445,0.1999999955296516,9.289999889209868,0.0,0,BIHAR_2022_09_02,2022-09-02,NRSC_Sentinel1A
24.55,88.15,0.0,0.0,0.0999999940395355,0.1899999901652336,13.834999807178974,0.0,0,BIHAR_2022_09_02,2022-09-02,NRSC_Sentinel1A
24.55,88.25,0.0,0.0,0.1149999946355819,0.3149999901652336,15.704999566078186,0.0,0,BIHAR_2022_09_02,2022-09-02,NRSC_Sentinel1A
24.55,88.35,0.0,0.0,0.1299999970942735,0.3499999884516001,16.319999480620027,0.0,0,BIHAR_2022_09_02,2022-09-02,NRSC_Sentinel1A
24.55,88.45,0.0,0.0,0.1499999985098838,0.2949999924749136,17.559999456629157,0.0,0,BIHAR_2022_09_02,2022-09-02,NRSC_Sentinel1A
24.65,83.049995,0.0,0.0,0.0,27.15999962389469,36.07499937154353,0.0,0,BIHAR_2022_09_02,2022-09-02,NRSC_Sentinel1A
24.65,83.15,0.0,0.0,0.1299999952316284,24.394999861717224,33.134999588131905,0.0,0,BIHAR_2022_09_02,2022-09-02,NRSC_Sentinel1A
24.65,83.25,0.0,0.0,0.0,20.144999653100967,30.874999387189742,0.0,0,BIHAR_2022_09_02,2022-09-02,NRSC_Sentinel1A
24.65,83.35,0.0,0.0,0.0,21.11999958753585,31.359999395906925,0.0,0,BIHAR_2022_09_02,2022-09-02,NRSC_Sentinel1A
24.65,83.45,0.0,0.0,0.0,21.449999451637268,32.169999215751886,0.0,0,BIHAR_2022_09_02,2022-09-02,NRSC_Sentinel1A
24.65,83.549995,0.0,0.0,0.0,36.14999863505364,46.39999838080257,0.0,0,BIHAR_2022_09_02,2022-09-02,NRSC_Sentinel1A
24.65,83.65,0.0,0.0,0.0,42.439999014139175,50.4849987346679,0.0,0,BIHAR_2022_09_02,2022-09-02,NRSC_Sentinel1A
24.65,83.75,0.1599999964237213,0.1599999964237213,0.1599999964237213,11.074999962933362,19.44499977119267,0.0,0,BIHAR_2022_09_02,2022-09-02,NRSC_Sentinel1A
24.65,83.85,0.1499999910593032,0.1499999910593032,0.1499999910593032,13.359999656677246,21.12999949511141,0.0,0,BIHAR_2022_09_02,2022-09-02,NRSC_Sentinel1A
24.65,83.95,0.1599999964237213,0.2349999919533729,0.2349999919533729,20.179999493062496,28.64999929536134,0.0,0,BIHAR_2022_09_02,2022-09-02,NRSC_Sentinel1A
24.65,84.049995,0.1599999964237213,0.1599999964237213,0.1599999964237213,11.25999966263771,18.68999945372343,0.0,0,BIHAR_2022_09_02,2022-09-02,NRSC_Sentinel1A
24.65,84.15,0.0,0.1949999928474426,0.4399999901652336,10.699999801814556,23.924999525770545,0.0,0,BIHAR_2022_09_02,2022-09-02,NRSC_Sentinel1A
24.65,84.25,0.0,0.1949999928474426,0.4399999901652336,9.999999694526196,19.179999524727464,0.0,0,BIHAR_2022_09_02,2022-09-02,NRSC_Sentinel1A
24.65,84.35,0.0,0.0,0.0,4.899999976158142,8.619999881833792,0.0,0,BIHAR_2022_09_02,2022-09-02,NRSC_Sentinel1A
24.65,84.45,0.1799999997019767,0.2599999979138374,0.2599999979138374,8.434999875724316,11.679999832063912,0.0,0,BIHAR_2022_09_02,2022-09-02,NRSC_Sentinel1A
24.65,84.549995,0.3399999886751175,0.5199999883770943,0.5199999883770943,9.339999802410604,11.804999778047204,0.0,0,BIHAR_2022_09_02,2022-09-02,NRSC_Sentinel1A
24.65,84.65,0.1749999970197677,0.2549999952316284,0.2549999952316284,9.249999664723871,11.399999609217048,0.0,0,BIHAR_2022_09_02,2022-09-02,NRSC_Sentinel1A
24.65,84.75,0.0799999982118606,0.0799999982118606,0.0799999982118606,9.189999714493752,11.48499963246286,0.0,0,BIHAR_2022_09_02,2022-09-02,NRSC_Sentinel1A
24.65,84.85,0.0,0.0,0.0,10.014999762177467,12.039999697357416,0.0,0,BIHAR_2022_09_02,2022-09-02,NRSC_Sentinel1A
24.65,84.95,0.0,0.0,0.0,9.49999987334013,11.24999982584268,0.0,0,BIHAR_2022_09_02,2022-09-02,NRSC_Sentinel1A
24.65,85.049995,0.1400000005960464,0.2100000008940696,0.2150000007823109,8.459999752230942,9.664999712258576,0.0,0,BIHAR_2022_09_02,2022-09-02,NRSC_Sentinel1A
24.65,85.15,0.1649999991059303,0.2799999974668026,0.2999999970197677,5.709999814629555,7.039999772794545,0.0,0,BIHAR_2022_09_02,2022-09-02,NRSC_Sentinel1A
24.65,85.25,0.1449999995529651,0.2049999982118606,0.7800000002607703,7.074999793432653,7.854999773204327,0.0,0,BIHAR_2022_09_02,2022-09-02,NRSC_Sentinel1A
24.65,85.35,0.1049999967217445,0.1049999967217445,1.0849999859929085,6.954999852925539,8.12499981187284,0.0,0,BIHAR_2022_09_02,2022-09-02,NRSC_Sentinel1A
24.65,85.45,0.1099999994039535,0.1099999994039535,0.2149999951943755,4.594999854452908,5.914999824017286,0.0,0,BIHAR_2022_09_02,2022-09-02,NRSC_Sentinel1A
24.65,85.549995,0.0,0.0,1.1449999660253525,7.744999848306179,9.049999807961283,0.0,0,BIHAR_2022_09_02,2022-09-02,NRSC_Sentinel1A
24.65,85.65,0.044999998062849,0.044999998062849,13.609999936074018,25.34499960485845,26.879999560303983,0.0,0,BIHAR_2022_09_02,2022-09-02,NRSC_Sentinel1A
24.65,85.75,0.0499999970197677,0.0499999970197677,0.8799999877810478,7.594999894499779,9.319999859668314,0.0,0,BIHAR_2022_09_02,2022-09-02,NRSC_Sentinel1A
24.65,85.85,0.0499999970197677,0.0499999970197677,0.799999974668026,8.734999746084213,10.32999970111996,0.0,0,BIHAR_2022_09_02,2022-09-02,NRSC_Sentinel1A
24.65,85.95,0.0499999970197677,0.0499999970197677,3.269999921321869,13.539999783039091,16.119999691843987,0.0,0,BIHAR_2022_09_02,2022-09-02,NRSC_Sentinel1A
24.65,86.049995,0.0499999970197677,0.0499999970197677,0.2349999919533729,6.839999847114086,8.309999831020832,0.0,0,BIHAR_2022_09_02,2022-09-02,NRSC_Sentinel1A
24.65,86.15,0.0499999970197677,0.0499999970197677,0.0499999970197677,6.004999861121178,7.419999811798334,0.0,0,BIHAR_2022_09_02,2022-09-02,NRSC_Sentinel1A
24.65,86.25,0.0549999997019767,0.0549999997019767,0.0549999997019767,2.589999921619892,3.924999881535769,0.0,0,BIHAR_2022_09_02,2022-09-02,NRSC_Sentinel1A
24.65,86.35,0.0599999986588954,0.0599999986588954,0.0599999986588954,3.2799999229609966,4.794999863952398,0.0,0,BIHAR_2022_09_02,2022-09-02,NRSC_Sentinel1A
24.65,86.45,0.0649999976158142,0.0649999976158142,0.0649999976158142,2.394999951124192,3.6349999085068703,0.0,0,BIHAR_2022_09_02,2022-09-02,NRSC_Sentinel1A
24.65,86.549995,0.1349999979138374,0.1349999979138374,0.1349999979138374,3.3999999165534973,4.884999897330999,0.0,0,BIHAR_2022_09_02,2022-09-02,NRSC_Sentinel1A
24.65,86.65,0.1399999931454658,0.1399999931454658,0.1399999931454658,4.444999821484089,5.83999977260828,0.0,0,BIHAR_2022_09_02,2022-09-02,NRSC_Sentinel1A
24.65,86.75,0.1399999931454658,0.1399999931454658,0.1399999931454658,6.954999856650829,9.459999792277811,0.0,0,BIHAR_2022_09_02,2022-09-02,NRSC_Sentinel1A
24.65,86.85,0.1399999931454658,0.1399999931454658,0.1399999931454658,4.849999837577343,7.099999785423279,0.0,0,BIHAR_2022_09_02,2022-09-02,NRSC_Sentinel1A
24.65,86.95,0.1399999931454658,0.1399999931454658,0.1399999931454658,7.489999763667583,10.259999677538872,0.0,0,BIHAR_2022_09_02,2022-09-02,NRSC_Sentinel1A
24.65,87.049995,0.1749999970197677,0.1749999970197677,0.1749999970197677,4.159999892115593,8.264999789185822,0.0,0,BIHAR_2022_09_02,2022-09-02,NRSC_Sentinel1A
24.65,87.15,0.1899999901652336,0.1899999901652336,0.1899999901652336,2.7449999526143074,5.144999898970127,0.0,0,BIHAR_2022_09_02,2022-09-02,NRSC_Sentinel1A
24.65,87.25,0.1899999901652336,0.1899999901652336,0.1899999901652336,1.4799999482929709,4.454999852925539,0.0,0,BIHAR_2022_09_02,2022-09-02,NRSC_Sentinel1A
24.65,87.35,0.1899999901652336,0.1899999901652336,0.1899999901652336,1.8349999506026504,3.4849999118596315,0.0,0,BIHAR_2022_09_02,2022-09-02,NRSC_Sentinel1A
24.65,87.45,0.209999993443489,0.209999993443489,0.209999993443489,5.43999981880188,7.064999781548977,0.0,0,BIHAR_2022_09_02,2022-09-02,NRSC_Sentinel1A
24.65,87.549995,0.2149999886751175,0.3049999848008156,0.3049999848008156,6.679999865591526,8.504999823868275,0.0,0,BIHAR_2022_09_02,2022-09-02,NRSC_Sentinel1A
24.65,87.65,0.1849999949336052,0.1849999949336052,0.2799999937415123,16.204999536275864,19.309999465942383,0.0,0,BIHAR_2022_09_02,2022-09-02,NRSC_Sentinel1A
24.65,87.75,0.1899999901652336,0.1899999901652336,0.2899999842047691,10.314999721944332,13.164999658241868,0.0,0,BIHAR_2022_09_02,2022-09-02,NRSC_Sentinel1A
24.65,87.85,0.0,0.0,0.1099999994039535,8.239999763667583,14.81499969214201,0.0,0,BIHAR_2022_09_02,2022-09-02,NRSC_Sentinel1A
24.65,87.95,0.0,0.0,0.125,3.294999957084656,11.979999780654907,0.0,0,BIHAR_2022_09_02,2022-09-02,NRSC_Sentinel1A
24.65,88.049995,0.0,0.0,0.0,0.3649999946355819,10.01999980956316,0.0,0,BIHAR_2022_09_02,2022-09-02,NRSC_Sentinel1A
24.65,88.15,0.0,0.0,0.1149999946355819,0.2649999856948852,10.934999823570251,0.0,0,BIHAR_2022_09_02,2022-09-02,NRSC_Sentinel1A
24.65,88.25,0.0,0.0,0.1099999994039535,0.3949999958276748,15.344999521039426,0.0,0,BIHAR_2022_09_02,2022-09-02,NRSC_Sentinel1A
24.65,88.35,0.0,0.0,0.1149999946355819,0.5249999910593033,13.89499960001558,0.0,0,BIHAR_2022_09_02,2022-09-02,NRSC_Sentinel1A
24.65,88.45,0.0,0.0,0.1049999967217445,0.4499999936670065,17.929999573156238,0.0,0,BIHAR_2022_09_02,2022-09-02,NRSC_Sentinel1A
24.75,83.049995,0.0,0.0,0.0,13.824999675154686,21.88499947823584,0.0,0,BIHAR_2022_09_02,2022-09-02,NRSC_Sentinel1A
24.75,83.15,0.0,0.0,0.0,20.664999440312386,28.51499913353473,0.0,0,BIHAR_2022_09_02,2022-09-02,NRSC_Sentinel1A
24.75,83.25,0.0,0.0,0.0,15.69499945640564,23.429999252781272,0.0,0,BIHAR_2022_09_02,2022-09-02,NRSC_Sentinel1A
24.75,83.35,0.0,0.0,0.0,11.970000058412552,20.664999820292,0.0,0,BIHAR_2022_09_02,2022-09-02,NRSC_Sentinel1A
24.75,83.45,0.0,0.0,0.0,19.04999950528145,29.67999932542444,0.0,0,BIHAR_2022_09_02,2022-09-02,NRSC_Sentinel1A
24.75,83.549995,0.0,0.0,0.0,24.53499925136566,35.449999067001045,0.0,0,BIHAR_2022_09_02,2022-09-02,NRSC_Sentinel1A
24.75,83.65,0.0,0.0,0.0,25.374999672174454,35.354999342001975,0.0,0,BIHAR_2022_09_02,2022-09-02,NRSC_Sentinel1A
24.75,83.75,0.1499999910593032,0.1499999910593032,0.679999977350235,12.1949998177588,22.28499961737544,0.0,0,BIHAR_2022_09_02,2022-09-02,NRSC_Sentinel1A
24.75,83.85,0.1299999952316284,0.1299999952316284,2.3899999260902405,16.05499966442585,27.21999948006124,0.0,0,BIHAR_2022_09_02,2022-09-02,NRSC_Sentinel1A
24.75,83.95,0.1299999952316284,0.1299999952316284,0.3649999946355819,12.504999749362469,22.93999944813549,0.0,0,BIHAR_2022_09_02,2022-09-02,NRSC_Sentinel1A
24.75,84.049995,0.1499999910593032,0.1499999910593032,0.1699999906122684,6.224999945610762,15.564999809488654,0.0,0,BIHAR_2022_09_02,2022-09-02,NRSC_Sentinel1A
24.75,84.15,0.0,0.0,0.0,5.139999955892563,16.469999730587006,0.0,0,BIHAR_2022_09_02,2022-09-02,NRSC_Sentinel1A
24.75,84.25,0.0,0.1749999970197677,0.3999999910593033,5.79499988257885,17.08499963581562,0.0,0,BIHAR_2022_09_02,2022-09-02,NRSC_Sentinel1A
24.75,84.35,0.1400000005960464,0.1400000005960464,0.1400000005960464,5.034999921917915,16.01499980688095,0.0,0,BIHAR_2022_09_02,2022-09-02,NRSC_Sentinel1A
24.75,84.45,0.1499999910593032,0.2199999913573265,0.2199999913573265,7.184999853372574,16.669999673962593,0.0,0,BIHAR_2022_09_02,2022-09-02,NRSC_Sentinel1A
24.75,84.549995,0.0649999976158142,0.0649999976158142,0.0649999976158142,7.059999816119671,14.619999520480633,0.0,0,BIHAR_2022_09_02,2022-09-02,NRSC_Sentinel1A
24.75,84.65,0.0649999976158142,0.0649999976158142,0.0649999976158142,5.999999888241291,10.619999767281117,0.0,0,BIHAR_2022_09_02,2022-09-02,NRSC_Sentinel1A
24.75,84.75,0.0649999976158142,0.0649999976158142,0.0649999976158142,8.924999684095383,11.084999623708429,0.0,0,BIHAR_2022_09_02,2022-09-02,NRSC_Sentinel1A
24.75,84.85,0.1699999943375587,0.3099999949336052,0.3099999949336052,4.919999919831753,6.934999864548445,0.0,0,BIHAR_2022_09_02,2022-09-02,NRSC_Sentinel1A
24.75,84.95,0.1499999910593032,0.2199999913573265,0.2199999913573265,3.4049999192357063,4.864999883808196,0.0,0,BIHAR_2022_09_02,2022-09-02,NRSC_Sentinel1A
24.75,85.049995,0.2449999973177909,0.3799999952316284,0.3799999952316284,2.5199999809265137,3.8549999510869375,0.0,0,BIHAR_2022_09_02,2022-09-02,NRSC_Sentinel1A
24.75,85.15,0.25,0.3649999983608722,0.3699999982491135,2.24499994982034,3.3649999164044857,0.0,0,BIHAR_2022_09_02,2022-09-02,NRSC_Sentinel1A
24.75,85.25,0.1099999994039535,0.1099999994039535,0.1749999988824129,3.194999935105443,3.924999913200736,0.0,0,BIHAR_2022_09_02,2022-09-02,NRSC_Sentinel1A
24.75,85.35,0.1099999994039535,0.1099999994039535,0.1299999989569187,2.529999900609255,3.4699998823925853,0.0,0,BIHAR_2022_09_02,2022-09-02,NRSC_Sentinel1A
24.75,85.45,0.0499999970197677,0.0499999970197677,0.14499999769032,5.909999879077077,7.244999849237502,0.0,0,BIHAR_2022_09_02,2022-09-02,NRSC_Sentinel1A
24.75,85.549995,0.0,0.0,0.1299999943003058,5.259999855421484,6.494999824091792,0.0,0,BIHAR_2022_09_02,2022-09-02,NRSC_Sentinel1A
24.75,85.65,0.0499999970197677,0.0499999970197677,2.019999906420708,9.709999687969685,10.854999664239584,0.0,0,BIHAR_2022_09_02,2022-09-02,NRSC_Sentinel1A
24.75,85.75,0.0499999970197677,0.0499999970197677,0.1349999951198697,5.059999925084412,5.979999892413616,0.0,0,BIHAR_2022_09_02,2022-09-02,NRSC_Sentinel1A
24.75,85.85,0.0549999997019767,0.0549999997019767,0.7049999898299575,7.839999888092279,9.25499985460192,0.0,0,BIHAR_2022_09_02,2022-09-02,NRSC_Sentinel1A
24.75,85.95,0.0549999997019767,0.0549999997019767,3.084999866783619,12.884999625384808,13.919999588280916,0.0,0,BIHAR_2022_09_02,2022-09-02,NRSC_Sentinel1A
24.75,86.049995,0.0499999970197677,0.0499999970197677,1.659999966621399,9.584999792277811,10.434999771416187,0.0,0,BIHAR_2022_09_02,2022-09-02,NRSC_Sentinel1A
24.75,86.15,0.0499999970197677,0.0499999970197677,0.9599999636411668,8.139999778941274,8.914999769069254,0.0,0,BIHAR_2022_09_02,2022-09-02,NRSC_Sentinel1A
24.75,86.25,0.0549999997019767,0.0549999997019767,0.844999972730875,6.999999795109034,7.299999788403511,0.0,0,BIHAR_2022_09_02,2022-09-02,NRSC_Sentinel1A
24.75,86.35,0.0599999986588954,0.0599999986588954,0.0599999986588954,4.824999902397394,5.214999888092279,0.0,0,BIHAR_2022_09_02,2022-09-02,NRSC_Sentinel1A
24.75,86.45,0.0599999986588954,0.0599999986588954,0.0599999986588954,2.0349999256432056,2.849999893456697,0.0,0,BIHAR_2022_09_02,2022-09-02,NRSC_Sentinel1A
24.75,86.549995,0.1399999931454658,0.1399999931454658,0.1399999931454658,2.55999992787838,3.574999888427556,0.0,0,BIHAR_2022_09_02,2022-09-02,NRSC_Sentinel1A
24.75,86.65,0.1399999931454658,0.1399999931454658,0.1399999931454658,3.7799999192357054,4.909999888390303,0.0,0,BIHAR_2022_09_02,2022-09-02,NRSC_Sentinel1A
24.75,86.75,0.1399999931454658,0.1399999931454658,0.1399999931454658,3.0749999061226845,3.87999988347292,0.0,0,BIHAR_2022_09_02,2022-09-02,NRSC_Sentinel1A
24.75,86.85,0.1399999931454658,0.1399999931454658,0.1399999931454658,4.834999911487103,5.399999894201756,0.0,0,BIHAR_2022_09_02,2022-09-02,NRSC_Sentinel1A
24.75,86.95,0.1499999985098838,0.1499999985098838,0.1499999985098838,6.049999915063381,6.459999904036522,0.0,0,BIHAR_2022_09_02,2022-09-02,NRSC_Sentinel1A
24.75,87.049995,0.1649999991059303,0.1649999991059303,0.1649999991059303,6.5049998089671135,6.939999808557332,0.0,0,BIHAR_2022_09_02,2022-09-02,NRSC_Sentinel1A
24.75,87.15,0.089999996125698,0.089999996125698,0.089999996125698,2.279999904334545,3.429999850690365,0.0,0,BIHAR_2022_09_02,2022-09-02,NRSC_Sentinel1A
24.75,87.25,0.1799999997019767,0.1799999997019767,0.1799999997019767,1.7849999517202375,3.8699998911470175,0.0,0,BIHAR_2022_09_02,2022-09-02,NRSC_Sentinel1A
24.75,87.35,0.1899999901652336,0.1899999901652336,0.1899999901652336,2.1999999806284904,3.429999940097332,0.0,0,BIHAR_2022_09_02,2022-09-02,NRSC_Sentinel1A
24.75,87.45,0.2249999940395355,0.2249999940395355,0.2249999940395355,4.934999890625477,6.419999822974205,0.0,0,BIHAR_2022_09_02,2022-09-02,NRSC_Sentinel1A
24.75,87.549995,0.2249999940395355,0.3199999928474426,0.4599999831989407,7.754999821074307,10.11999979056418,0.0,0,BIHAR_2022_09_02,2022-09-02,NRSC_Sentinel1A
24.75,87.65,0.0,0.0,0.1199999973177909,8.249999679625034,10.559999614953997,0.0,0,BIHAR_2022_09_02,2022-09-02,NRSC_Sentinel1A
24.75,87.75,0.0,0.0,0.1400000005960464,7.374999888241291,11.049999803304672,0.0,0,BIHAR_2022_09_02,2022-09-02,NRSC_Sentinel1A
24.75,87.85,0.0,0.0,0.125,1.7549999207258224,5.639999769628048,0.0,0,BIHAR_2022_09_02,2022-09-02,NRSC_Sentinel1A
24.75,87.95,0.0,0.0,0.1299999952316284,1.2499999552965164,6.659999862313271,0.0,0,BIHAR_2022_09_02,2022-09-02,NRSC_Sentinel1A
24.75,88.049995,0.0,0.0,0.0,1.014999993145466,6.39499980956316,0.0,0,BIHAR_2022_09_02,2022-09-02,NRSC_Sentinel1A
24.75,88.15,0.0,0.0,0.0,0.324999988079071,8.694999729283154,0.0,0,BIHAR_2022_09_02,2022-09-02,NRSC_Sentinel1A
24.75,88.25,0.0,0.0,0.0,0.4499999731779098,11.769999662414191,0.0,0,BIHAR_2022_09_02,2022-09-02,NRSC_Sentinel1A
24.75,88.35,0.0,0.0,0.0999999940395355,0.804999977350235,10.18499966710806,0.0,0,BIHAR_2022_09_02,2022-09-02,NRSC_Sentinel1A
24.75,88.45,0.0,0.0,0.089999996125698,0.5849999934434891,10.569999650120735,0.0,0,BIHAR_2022_09_02,2022-09-02,NRSC_Sentinel1A
24.85,83.049995,0.2199999988079071,0.2199999988079071,0.2199999988079071,11.854999661445618,18.57999954279512,0.0,0,BIHAR_2022_09_02,2022-09-02,NRSC_Sentinel1A
24.85,83.15,0.0,0.0,0.0,17.159999549388885,23.39999930560589,0.0,0,BIHAR_2022_09_02,2022-09-02,NRSC_Sentinel1A
24.85,83.25,0.0,0.0,0.0,6.099999867379665,11.054999773390591,0.0,0,BIHAR_2022_09_02,2022-09-02,NRSC_Sentinel1A
24.85,83.35,0.0,0.0,0.0249999985098838,5.709999911487103,11.919999823905528,0.0,0,BIHAR_2022_09_02,2022-09-02,NRSC_Sentinel1A
24.85,83.45,0.0,0.0,0.0,8.529999792575836,16.71999967098236,0.0,0,BIHAR_2022_09_02,2022-09-02,NRSC_Sentinel1A
24.85,83.549995,0.0,0.0,0.0,7.484999865293503,15.839999689720573,0.0,0,BIHAR_2022_09_02,2022-09-02,NRSC_Sentinel1A
24.85,83.65,0.1449999958276748,0.1449999958276748,0.5599999874830246,8.869999825954437,16.5449995752424,0.0,0,BIHAR_2022_09_02,2022-09-02,NRSC_Sentinel1A
24.85,83.75,0.1400000005960464,0.1400000005960464,0.8300000056624413,12.529999695718288,21.754999329335988,0.0,0,BIHAR_2022_09_02,2022-09-02,NRSC_Sentinel1A
24.85,83.85,0.1499999910593032,0.1499999910593032,0.7499999701976776,11.314999520778656,22.494999112561345,0.0,0,BIHAR_2022_09_02,2022-09-02,NRSC_Sentinel1A
24.85,83.95,0.0,0.0,0.7149999625980854,13.61000007018447,24.209999655373394,0.0,0,BIHAR_2022_09_02,2022-09-02,NRSC_Sentinel1A
24.85,84.049995,0.0,0.0,0.0299999993294477,10.434999717399478,22.64999948721379,0.0,0,BIHAR_2022_09_02,2022-09-02,NRSC_Sentinel1A
24.85,84.15,0.0,0.0,0.0,6.934999667108059,21.32999941706657,0.0,0,BIHAR_2022_09_02,2022-09-02,NRSC_Sentinel1A
24.85,84.25,0.0,0.0,0.089999996125698,4.124999903142452,19.274999741464853,0.0,0,BIHAR_2022_09_02,2022-09-02,NRSC_Sentinel1A
24.85,84.35,0.0,0.0,0.6200000047683716,5.089999973773956,22.74999966472388,0.0,0,BIHAR_2022_09_02,2022-09-02,NRSC_Sentinel1A
24.85,84.45,0.0,0.0,0.1849999967962503,4.209999913349748,15.564999783411622,0.0,0,BIHAR_2022_09_02,2022-09-02,NRSC_Sentinel1A
24.85,84.549995,0.0,0.0,0.0,4.829999953508377,12.019999854266644,0.0,0,BIHAR_2022_09_02,2022-09-02,NRSC_Sentinel1A
24.85,84.65,0.0599999986588954,0.0599999986588954,0.0599999986588954,5.409999739378691,7.544999700970948,0.0,0,BIHAR_2022_09_02,2022-09-02,NRSC_Sentinel1A
24.85,84.75,0.1299999952316284,0.1299999952316284,0.1699999943375587,5.6299998909235,7.799999834038317,0.0,0,BIHAR_2022_09_02,2022-09-02,NRSC_Sentinel1A
24.85,84.85,0.0649999976158142,0.0649999976158142,0.0749999973922967,1.5149999279528856,3.094999863766134,0.0,0,BIHAR_2022_09_02,2022-09-02,NRSC_Sentinel1A
24.85,84.95,0.0649999976158142,0.0649999976158142,0.0649999976158142,1.3949999958276749,2.3749999655410647,0.0,0,BIHAR_2022_09_02,2022-09-02,NRSC_Sentinel1A
24.85,85.049995,0.209999993443489,0.3349999897181988,0.3349999897181988,1.8399999681860209,2.639999949373305,0.0,0,BIHAR_2022_09_02,2022-09-02,NRSC_Sentinel1A
24.85,85.15,0.1849999949336052,0.2999999932944774,0.8199999742209911,3.174999948590994,3.364999946206808,0.0,0,BIHAR_2022_09_02,2022-09-02,NRSC_Sentinel1A
24.85,85.25,0.0,0.0,0.7149999737739563,5.764999829232693,6.039999827742577,0.0,0,BIHAR_2022_09_02,2022-09-02,NRSC_Sentinel1A
24.85,85.35,0.0,0.0,0.0099999997764825,5.949999833479524,6.224999831989408,0.0,0,BIHAR_2022_09_02,2022-09-02,NRSC_Sentinel1A
24.85,85.45,0.0,0.0,0.0,4.499999925494194,4.974999913014472,0.0,0,BIHAR_2022_09_02,2022-09-02,NRSC_Sentinel1A
24.85,85.549995,0.0,0.0,0.0,2.6749999299645424,3.354999919421971,0.0,0,BIHAR_2022_09_02,2022-09-02,NRSC_Sentinel1A
24.85,85.65,0.0,0.0,0.0,0.819999985396862,1.609999967738986,0.0,0,BIHAR_2022_09_02,2022-09-02,NRSC_Sentinel1A
24.85,85.75,0.0599999986588954,0.0599999986588954,0.0849999971687793,1.1849999837577343,1.9399999640882013,0.0,0,BIHAR_2022_09_02,2022-09-02,NRSC_Sentinel1A
24.85,85.85,0.0599999986588954,0.0599999986588954,0.1049999967217445,2.99499985948205,3.8399998359382153,0.0,0,BIHAR_2022_09_02,2022-09-02,NRSC_Sentinel1A
24.85,85.95,0.0599999986588954,0.0599999986588954,0.0599999986588954,2.56999995931983,3.0049999468028545,0.0,0,BIHAR_2022_09_02,2022-09-02,NRSC_Sentinel1A
24.85,86.049995,0.0599999986588954,0.0599999986588954,0.759999985806644,5.829999922774732,6.139999913983047,0.0,0,BIHAR_2022_09_02,2022-09-02,NRSC_Sentinel1A
24.85,86.15,0.0499999970197677,0.0499999970197677,1.9299999475479128,10.259999714791777,10.97999969869852,0.0,0,BIHAR_2022_09_02,2022-09-02,NRSC_Sentinel1A
24.85,86.25,0.0549999997019767,0.0549999997019767,0.3799999849870801,5.054999839514494,5.289999835193157,0.0,0,BIHAR_2022_09_02,2022-09-02,NRSC_Sentinel1A
24.85,86.35,0.0599999986588954,0.0599999986588954,0.0599999986588954,1.8599999584257605,2.184999946504832,0.0,0,BIHAR_2022_09_02,2022-09-02,NRSC_Sentinel1A
24.85,86.45,0.0599999986588954,0.0599999986588954,0.0599999986588954,2.139999937266112,2.4799999250099063,0.0,0,BIHAR_2022_09_02,2022-09-02,NRSC_Sentinel1A
24.85,86.549995,0.0700000002980232,0.0700000002980232,0.8949999883770943,6.334999941289425,6.724999932572246,0.0,0,BIHAR_2022_09_02,2022-09-02,NRSC_Sentinel1A
24.85,86.65,0.1449999958276748,0.1449999958276748,0.2249999940395355,5.03999987244606,5.49499986320734,0.0,0,BIHAR_2022_09_02,2022-09-02,NRSC_Sentinel1A
24.85,86.75,0.1449999958276748,0.1449999958276748,1.3099999725818634,6.449999831616879,7.074999824166298,0.0,0,BIHAR_2022_09_02,2022-09-02,NRSC_Sentinel1A
24.85,86.85,0.1399999931454658,0.1399999931454658,0.1399999931454658,4.3749998062849045,4.759999789297581,0.0,0,BIHAR_2022_09_02,2022-09-02,NRSC_Sentinel1A
24.85,86.95,0.1399999931454658,0.1399999931454658,0.1399999931454658,2.649999938905239,3.034999921917916,0.0,0,BIHAR_2022_09_02,2022-09-02,NRSC_Sentinel1A
24.85,87.049995,0.0799999982118606,0.0799999982118606,0.0799999982118606,3.9449998885393134,4.349999882280827,0.0,0,BIHAR_2022_09_02,2022-09-02,NRSC_Sentinel1A
24.85,87.15,0.089999996125698,0.089999996125698,0.089999996125698,2.7249999567866325,3.939999923110008,0.0,0,BIHAR_2022_09_02,2022-09-02,NRSC_Sentinel1A
24.85,87.25,0.089999996125698,0.089999996125698,0.089999996125698,2.1649999544024467,2.909999929368496,0.0,0,BIHAR_2022_09_02,2022-09-02,NRSC_Sentinel1A
24.85,87.35,0.1999999955296516,0.1999999955296516,0.1999999955296516,3.834999866783619,4.6549998447299,0.0,0,BIHAR_2022_09_02,2022-09-02,NRSC_Sentinel1A
24.85,87.45,0.2249999940395355,0.2249999940395355,0.2249999940395355,6.199999809265137,7.319999788887799,0.0,0,BIHAR_2022_09_02,2022-09-02,NRSC_Sentinel1A
24.85,87.549995,0.2499999850988388,0.3549999818205833,0.6599999815225601,13.749999776482582,15.504999734461308,0.0,0,BIHAR_2022_09_02,2022-09-02,NRSC_Sentinel1A
24.85,87.65,0.0,0.0,0.1499999910593032,7.329999804496765,9.57999974489212,0.0,0,BIHAR_2022_09_02,2022-09-02,NRSC_Sentinel1A
24.85,87.75,0.0,0.0,0.1550000011920929,3.90999998152256,7.219999834895134,0.0,0,BIHAR_2022_09_02,2022-09-02,NRSC_Sentinel1A
24.85,87.85,0.0,0.0,0.1400000005960464,1.459999956190586,4.284999869763851,0.0,0,BIHAR_2022_09_02,2022-09-02,NRSC_Sentinel1A
24.85,87.95,0.0,0.0,0.1749999960884452,1.7699999576434493,5.879999942146242,0.0,0,BIHAR_2022_09_02,2022-09-02,NRSC_Sentinel1A
24.85,88.049995,0.0,0.0,0.1749999960884452,1.469999968074262,6.924999891780317,0.0,0,BIHAR_2022_09_02,2022-09-02,NRSC_Sentinel1A
24.85,88.15,0.0,0.0,0.1349999997764825,0.6149999964982271,6.759999888017774,0.0,0,BIHAR_2022_09_02,2022-09-02,NRSC_Sentinel1A
24.85,88.25,0.0,0.0,0.0,0.7799999639391899,6.229999743402004,0.0,0,BIHAR_2022_09_02,2022-09-02,NRSC_Sentinel1A
24.85,88.35,0.0,0.0,0.0850000008940696,0.8449999913573265,6.294999808073044,0.0,0,BIHAR_2022_09_02,2022-09-02,NRSC_Sentinel1A
24.85,88.45,0.0,0.0,0.089999996125698,0.7899999991059303,6.9599998369812965,0.0,0,BIHAR_2022_09_02,2022-09-02,NRSC_Sentinel1A
24.949999,83.049995,0.209999993443489,0.3099999874830246,0.3099999874830246,17.6049997061491,23.289999581873417,0.0,0,BIHAR_2022_09_02,2022-09-02,NRSC_Sentinel1A
24.949999,83.15,0.0,0.0,0.0,11.614999920129776,16.699999824166298,0.0,0,BIHAR_2022_09_02,2022-09-02,NRSC_Sentinel1A
24.949999,83.25,0.0,0.0,0.0,15.46999940276146,19.63499932549894,0.0,0,BIHAR_2022_09_02,2022-09-02,NRSC_Sentinel1A
24.949999,83.35,0.0,0.0,0.0049999998882412,13.194999639876189,18.39999947603792,0.0,0,BIHAR_2022_09_02,2022-09-02,NRSC_Sentinel1A
24.949999,83.45,0.0,0.0,0.0049999998882412,11.90499981213361,15.659999746829271,0.0,0,BIHAR_2022_09_02,2022-09-02,NRSC_Sentinel1A
24.949999,83.549995,0.0,0.0,0.0850000008940696,5.524999871850014,14.319999618455768,0.0,0,BIHAR_2022_09_02,2022-09-02,NRSC_Sentinel1A
24.949999,83.65,0.0,0.0,0.2349999994039535,5.534999862313271,13.279999529011548,0.0,0,BIHAR_2022_09_02,2022-09-02,NRSC_Sentinel1A
24.949999,83.75,0.0,0.0,0.1749999970197677,5.8699998408555984,13.919999633915722,0.0,0,BIHAR_2022_09_02,2022-09-02,NRSC_Sentinel1A
24.949999,83.85,0.0,0.0,0.1850000023841858,7.1299996972084045,15.219999457709491,0.0,0,BIHAR_2022_09_02,2022-09-02,NRSC_Sentinel1A
24.949999,83.95,0.1599999964237213,0.1599999964237213,0.4899999946355819,7.0349998995661736,15.434999683871863,0.0,0,BIHAR_2022_09_02,2022-09-02,NRSC_Sentinel1A
24.949999,84.049995,0.1599999964237213,0.1599999964237213,0.1599999964237213,5.489999957382679,12.004999758675694,0.0,0,BIHAR_2022_09_02,2022-09-02,NRSC_Sentinel1A
24.949999,84.15,0.0,0.0,0.0,2.919999986886978,12.439999878406525,0.0,0,BIHAR_2022_09_02,2022-09-02,NRSC_Sentinel1A
24.949999,84.25,0.1400000005960464,0.1400000005960464,0.1950000002980232,3.0149999484419823,17.879999674856663,0.0,0,BIHAR_2022_09_02,2022-09-02,NRSC_Sentinel1A
24.949999,84.35,0.0,0.0,0.6499999761581421,3.024999938905239,15.359999760985374,0.0,0,BIHAR_2022_09_02,2022-09-02,NRSC_Sentinel1A
24.949999,84.45,0.0,0.0,0.1999999973922968,2.714999979361892,11.854999827221036,0.0,0,BIHAR_2022_09_02,2022-09-02,NRSC_Sentinel1A
24.949999,84.549995,0.0,0.0599999986588954,0.1699999924749136,2.899999959394336,12.584999741986394,0.0,0,BIHAR_2022_09_02,2022-09-02,NRSC_Sentinel1A
24.949999,84.65,0.0,0.0649999985471367,0.1649999925866723,1.884999950416386,4.864999915473163,0.0,0,BIHAR_2022_09_02,2022-09-02,NRSC_Sentinel1A
24.949999,84.75,0.0,0.0,0.1099999938160181,1.9299999345093968,5.394999846816063,0.0,0,BIHAR_2022_09_02,2022-09-02,NRSC_Sentinel1A
24.949999,84.85,0.0,0.0,0.1749999970197677,1.8449999243021007,4.389999881386757,0.0,0,BIHAR_2022_09_02,2022-09-02,NRSC_Sentinel1A
24.949999,84.95,0.0,0.0,0.0199999995529651,1.8149999529123304,2.894999928772449,0.0,0,BIHAR_2022_09_02,2022-09-02,NRSC_Sentinel1A
24.949999,85.049995,0.1149999983608722,0.1149999983608722,0.1149999983608722,2.039999940432608,2.899999920278788,0.0,0,BIHAR_2022_09_02,2022-09-02,NRSC_Sentinel1A
24.949999,85.15,0.0,0.0,0.7349999733269215,2.8649999434128404,3.139999941922724,0.0,0,BIHAR_2022_09_02,2022-09-02,NRSC_Sentinel1A
24.949999,85.25,0.0,0.0,3.1449999026954174,6.659999843686819,6.934999842196703,0.0,0,BIHAR_2022_09_02,2022-09-02,NRSC_Sentinel1A
24.949999,85.35,0.0,0.0,1.125,5.739999890327454,6.0149998888373375,0.0,0,BIHAR_2022_09_02,2022-09-02,NRSC_Sentinel1A
24.949999,85.45,0.0,0.0,0.0149999996647238,3.7699999501928687,4.459999936632812,0.0,0,BIHAR_2022_09_02,2022-09-02,NRSC_Sentinel1A
24.949999,85.549995,0.0,0.0,0.0,2.4949999060481787,2.7699999045580626,0.0,0,BIHAR_2022_09_02,2022-09-02,NRSC_Sentinel1A
24.949999,85.65,0.0549999997019767,0.0549999997019767,0.0549999997019767,0.8849999755620956,0.9949999712407588,0.0,0,BIHAR_2022_09_02,2022-09-02,NRSC_Sentinel1A
24.949999,85.75,0.1099999956786632,0.1099999956786632,0.1299999952316284,0.934999980032444,0.934999980032444,0.0,0,BIHAR_2022_09_02,2022-09-02,NRSC_Sentinel1A
24.949999,85.85,0.0499999970197677,0.0499999970197677,0.0499999970197677,2.8449999392032623,3.14499993249774,0.0,0,BIHAR_2022_09_02,2022-09-02,NRSC_Sentinel1A
24.949999,85.95,0.0599999986588954,0.0599999986588954,0.0899999979883432,3.469999959692359,3.769999952986837,0.0,0,BIHAR_2022_09_02,2022-09-02,NRSC_Sentinel1A
24.949999,86.049995,0.0599999986588954,0.0599999986588954,0.1349999941885471,3.624999899417162,3.92499989271164,0.0,0,BIHAR_2022_09_02,2022-09-02,NRSC_Sentinel1A
24.949999,86.15,0.0499999970197677,0.0499999970197677,0.1549999909475445,1.5699999565258622,1.864999950863421,0.0,0,BIHAR_2022_09_02,2022-09-02,NRSC_Sentinel1A
24.949999,86.25,0.0549999997019767,0.0549999997019767,0.0549999997019767,0.6199999870732427,0.9299999782815576,0.0,0,BIHAR_2022_09_02,2022-09-02,NRSC_Sentinel1A
24.949999,86.35,0.0599999986588954,0.0599999986588954,0.0599999986588954,0.6349999867379665,0.9599999748170376,0.0,0,BIHAR_2022_09_02,2022-09-02,NRSC_Sentinel1A
24.949999,86.45,0.0649999976158142,0.0649999976158142,0.2349999882280826,2.699999932199717,3.1149999126791954,0.0,0,BIHAR_2022_09_02,2022-09-02,NRSC_Sentinel1A
24.949999,86.549995,0.1449999958276748,0.1449999958276748,0.1449999958276748,2.264999933540821,2.9849999099969864,0.0,0,BIHAR_2022_09_02,2022-09-02,NRSC_Sentinel1A
24.949999,86.65,0.0749999955296516,0.0749999955296516,0.4249999839812517,3.914999896660447,4.534999871626496,0.0,0,BIHAR_2022_09_02,2022-09-02,NRSC_Sentinel1A
24.949999,86.75,0.1599999964237213,0.1599999964237213,0.1599999964237213,2.539999932050705,3.124999918043613,0.0,0,BIHAR_2022_09_02,2022-09-02,NRSC_Sentinel1A
24.949999,86.85,0.1599999964237213,0.1599999964237213,0.1599999964237213,2.9949999675154686,3.40499996393919,0.0,0,BIHAR_2022_09_02,2022-09-02,NRSC_Sentinel1A
24.949999,86.95,0.1599999964237213,0.1599999964237213,0.1599999964237213,3.4499999061226845,3.8799998983740807,0.0,0,BIHAR_2022_09_02,2022-09-02,NRSC_Sentinel1A
24.949999,87.049995,0.1599999964237213,0.1599999964237213,0.1599999964237213,4.089999847114086,4.519999839365482,0.0,0,BIHAR_2022_09_02,2022-09-02,NRSC_Sentinel1A
24.949999,87.15,0.1699999943375587,0.1699999943375587,0.1699999943375587,4.299999915063381,4.754999900236726,0.0,0,BIHAR_2022_09_02,2022-09-02,NRSC_Sentinel1A
24.949999,87.25,0.1849999949336052,0.1849999949336052,0.1849999949336052,2.3749999552965164,2.909999944269657,0.0,0,BIHAR_2022_09_02,2022-09-02,NRSC_Sentinel1A
24.949999,87.35,0.2149999961256981,0.2149999961256981,0.2149999961256981,5.094999872148037,5.749999858438969,0.0,0,BIHAR_2022_09_02,2022-09-02,NRSC_Sentinel1A
24.949999,87.45,0.1049999967217445,0.1049999967217445,0.6499999854713678,8.079999977722764,8.929999964311719,0.0,0,BIHAR_2022_09_02,2022-09-02,NRSC_Sentinel1A
24.949999,87.549995,0.2399999946355819,0.2399999946355819,0.4449999965727329,17.62999928370118,18.874999255873263,0.0,0,BIHAR_2022_09_02,2022-09-02,NRSC_Sentinel1A
24.949999,87.65,0.0,0.0,0.1949999975040555,11.759999764151871,12.489999745972456,0.0,0,BIHAR_2022_09_02,2022-09-02,NRSC_Sentinel1A
24.949999,87.75,0.0,0.0,0.1949999975040555,6.224999864585698,7.964999799616635,0.0,0,BIHAR_2022_09_02,2022-09-02,NRSC_Sentinel1A
24.949999,87.85,0.0,0.0,0.1199999973177909,4.459999918937683,7.3299998389557,0.0,0,BIHAR_2022_09_02,2022-09-02,NRSC_Sentinel1A
24.949999,87.95,0.0,0.0,0.1749999960884452,3.5599999418482184,6.66999987885356,0.0,0,BIHAR_2022_09_02,2022-09-02,NRSC_Sentinel1A
24.949999,88.049995,0.0,0.0,0.1349999904632568,1.2099999599158764,3.784999888390303,0.0,0,BIHAR_2022_09_02,2022-09-02,NRSC_Sentinel1A
24.949999,88.15,0.0,0.0,0.1449999958276748,2.019999906420708,6.259999752044678,0.0,0,BIHAR_2022_09_02,2022-09-02,NRSC_Sentinel1A
24.949999,88.25,0.0,0.0,0.125,1.669999971985817,4.834999904036522,0.0,0,BIHAR_2022_09_02,2022-09-02,NRSC_Sentinel1A
24.949999,88.35,0.0,0.0,0.0,0.4099999815225601,5.744999833405018,0.0,0,BIHAR_2022_09_02,2022-09-02,NRSC_Sentinel1A
24.949999,88.45,0.0,0.0,0.0,0.3649999797344208,6.609999820590019,0.0,0,BIHAR_2022_09_02,2022-09-02,NRSC_Sentinel1A
25.05,83.049995,0.0,0.0,0.0,13.084999591112137,17.90999946463853,0.0,0,BIHAR_2022_09_02,2022-09-02,NRSC_Sentinel1A
25.05,83.15,0.0,0.0,0.1550000011920929,12.46999967098236,16.809999560005963,0.0,0,BIHAR_2022_09_02,2022-09-02,NRSC_Sentinel1A
25.05,83.25,0.0,0.0,0.1700000017881393,15.6299998909235,20.83499976992607,0.0,0,BIHAR_2022_09_02,2022-09-02,NRSC_Sentinel1A
25.05,83.35,0.0,0.0,0.7049999823793769,14.969999483786523,19.43499936722219,0.0,0,BIHAR_2022_09_02,2022-09-02,NRSC_Sentinel1A
25.05,83.45,0.0,0.0,0.1349999904632568,13.844999738037586,18.51499961316585,0.0,0,BIHAR_2022_09_02,2022-09-02,NRSC_Sentinel1A
25.05,83.549995,0.1649999991059303,0.1649999991059303,3.15499996393919,15.459999494254587,20.694999292492867,0.0,0,BIHAR_2022_09_02,2022-09-02,NRSC_Sentinel1A
25.05,83.65,0.0,0.0,2.0999999344348907,14.144999608397484,18.66999950632453,0.0,0,BIHAR_2022_09_02,2022-09-02,NRSC_Sentinel1A
25.05,83.75,0.0,0.0,0.1399999903514981,3.459999923594296,7.159999852068722,0.0,0,BIHAR_2022_09_02,2022-09-02,NRSC_Sentinel1A
25.05,83.85,0.0,0.0,0.0799999954178929,3.184999925084412,6.884999894537032,0.0,0,BIHAR_2022_09_02,2022-09-02,NRSC_Sentinel1A
25.05,83.95,0.1599999964237213,0.1599999964237213,0.1599999964237213,1.9399999305605888,9.584999684244394,0.0,0,BIHAR_2022_09_02,2022-09-02,NRSC_Sentinel1A
25.05,84.049995,0.1599999964237213,0.1599999964237213,0.1599999964237213,2.014999955892563,8.099999909289181,0.0,0,BIHAR_2022_09_02,2022-09-02,NRSC_Sentinel1A
25.05,84.15,0.0,0.0,0.0,2.119999960064888,7.949999869801104,0.0,0,BIHAR_2022_09_02,2022-09-02,NRSC_Sentinel1A
25.05,84.25,0.1499999910593032,0.1499999910593032,0.1499999910593032,2.034999966621399,8.439999685622752,0.0,0,BIHAR_2022_09_02,2022-09-02,NRSC_Sentinel1A
25.05,84.35,0.0,0.0,0.0,1.4549999525770545,6.36999980174005,0.0,0,BIHAR_2022_09_02,2022-09-02,NRSC_Sentinel1A
25.05,84.45,0.0,0.0,0.0,1.209999963641167,5.7599998619407415,0.0,0,BIHAR_2022_09_02,2022-09-02,NRSC_Sentinel1A
25.05,84.549995,0.0,0.0,0.0,1.3299999767914414,6.744999879039824,0.0,0,BIHAR_2022_09_02,2022-09-02,NRSC_Sentinel1A
25.05,84.65,0.0649999976158142,0.4849999845027923,0.6949999779462814,1.8799999253824355,3.884999862872064,0.0,0,BIHAR_2022_09_02,2022-09-02,NRSC_Sentinel1A
25.05,84.75,0.0649999976158142,0.3549999892711639,0.3549999892711639,1.7049999497830868,4.399999916553497,0.0,0,BIHAR_2022_09_02,2022-09-02,NRSC_Sentinel1A
25.05,84.85,0.0,0.0,0.0099999997764825,2.004999974742532,4.389999927952886,0.0,0,BIHAR_2022_09_02,2022-09-02,NRSC_Sentinel1A
25.05,84.95,0.0,0.0,0.1299999952316284,2.669999971985817,3.5299999564886093,0.0,0,BIHAR_2022_09_02,2022-09-02,NRSC_Sentinel1A
25.05,85.049995,0.0,0.0,0.0850000008940696,2.8499999586492777,3.574999942444265,0.0,0,BIHAR_2022_09_02,2022-09-02,NRSC_Sentinel1A
25.05,85.15,0.0,0.0,0.1749999998137354,3.224999929778278,3.56999992672354,0.0,0,BIHAR_2022_09_02,2022-09-02,NRSC_Sentinel1A
25.05,85.25,0.0,0.0,1.5799999181181192,3.9749998096376657,4.24999980814755,0.0,0,BIHAR_2022_09_02,2022-09-02,NRSC_Sentinel1A
25.05,85.35,0.0,0.0,0.159999992698431,3.219999872148037,3.324999868869781,0.0,0,BIHAR_2022_09_02,2022-09-02,NRSC_Sentinel1A
25.05,85.45,0.0,0.0,0.1700000017881393,1.7349999845027924,2.059999973513186,0.0,0,BIHAR_2022_09_02,2022-09-02,NRSC_Sentinel1A
25.05,85.549995,0.0549999997019767,0.0549999997019767,0.369999997317791,0.8299999833106995,1.1549999713897705,0.0,0,BIHAR_2022_09_02,2022-09-02,NRSC_Sentinel1A
25.05,85.65,0.1199999973177909,0.1199999973177909,0.2899999991059303,0.5849999859929085,0.5849999859929085,0.0,0,BIHAR_2022_09_02,2022-09-02,NRSC_Sentinel1A
25.05,85.75,0.0549999997019767,0.0549999997019767,0.059999999590218,0.3799999849870801,0.3799999849870801,0.0,0,BIHAR_2022_09_02,2022-09-02,NRSC_Sentinel1A
25.05,85.85,0.0499999970197677,0.0499999970197677,0.0499999970197677,0.5449999868869781,0.5999999865889549,0.0,0,BIHAR_2022_09_02,2022-09-02,NRSC_Sentinel1A
25.05,85.95,0.0599999986588954,0.0599999986588954,0.0599999986588954,0.1849999967962503,0.4149999897927046,0.0,0,BIHAR_2022_09_02,2022-09-02,NRSC_Sentinel1A
25.05,86.049995,0.0599999986588954,0.0599999986588954,0.0599999986588954,0.3750000055879354,0.6749999988824129,0.0,0,BIHAR_2022_09_02,2022-09-02,NRSC_Sentinel1A
25.05,86.15,0.0549999997019767,0.0549999997019767,0.0549999997019767,0.819999985396862,1.1199999786913395,0.0,0,BIHAR_2022_09_02,2022-09-02,NRSC_Sentinel1A
25.05,86.25,0.0499999970197677,0.0499999970197677,0.0499999970197677,0.1249999925494194,0.3999999910593033,0.0,0,BIHAR_2022_09_02,2022-09-02,NRSC_Sentinel1A
25.05,86.35,0.0599999986588954,0.0599999986588954,0.0599999986588954,0.1199999973177909,0.4399999864399433,0.0,0,BIHAR_2022_09_02,2022-09-02,NRSC_Sentinel1A
25.05,86.45,0.0649999976158142,0.0649999976158142,0.0649999976158142,0.3549999818205833,0.7149999737739563,0.0,0,BIHAR_2022_09_02,2022-09-02,NRSC_Sentinel1A
25.05,86.549995,0.0749999955296516,0.0749999955296516,0.0749999955296516,0.6549999779090285,1.0399999609217048,0.0,0,BIHAR_2022_09_02,2022-09-02,NRSC_Sentinel1A
25.05,86.65,0.0,0.0,0.0,0.2349999863654375,0.6199999693781137,0.0,0,BIHAR_2022_09_02,2022-09-02,NRSC_Sentinel1A
25.05,86.75,0.0799999982118606,0.0799999982118606,0.0799999982118606,0.6149999797344208,0.6149999797344208,0.0,0,BIHAR_2022_09_02,2022-09-02,NRSC_Sentinel1A
25.05,86.85,0.0,0.0,0.0,0.7199999913573265,0.8049999922513962,0.0,0,BIHAR_2022_09_02,2022-09-02,NRSC_Sentinel1A
25.05,86.95,0.0,0.0,0.0,1.4999999850988388,1.4999999850988388,0.0,0,BIHAR_2022_09_02,2022-09-02,NRSC_Sentinel1A
25.05,87.049995,0.1799999997019767,0.1799999997019767,0.1799999997019767,2.8049999102950096,2.9749999046325684,0.0,0,BIHAR_2022_09_02,2022-09-02,NRSC_Sentinel1A
25.05,87.15,0.1899999901652336,0.1899999901652336,0.1899999901652336,2.4799999445676804,2.659999944269657,0.0,0,BIHAR_2022_09_02,2022-09-02,NRSC_Sentinel1A
25.05,87.25,0.2149999886751175,0.2149999886751175,0.2149999886751175,2.279999941587448,2.964999921619892,0.0,0,BIHAR_2022_09_02,2022-09-02,NRSC_Sentinel1A
25.05,87.35,0.1099999994039535,0.1099999994039535,0.1099999994039535,3.814999893307686,4.369999878108501,0.0,0,BIHAR_2022_09_02,2022-09-02,NRSC_Sentinel1A
25.05,87.45,0.1199999973177909,0.1199999973177909,1.384999953210354,8.52499956637621,9.434999532997608,0.0,0,BIHAR_2022_09_02,2022-09-02,NRSC_Sentinel1A
25.05,87.549995,0.0,0.0,1.3499999791383743,14.514999762177467,15.494999751448631,0.0,0,BIHAR_2022_09_02,2022-09-02,NRSC_Sentinel1A
25.05,87.65,0.0,0.0,0.2199999885633587,13.549999673850834,14.164999638684094,0.0,0,BIHAR_2022_09_02,2022-09-02,NRSC_Sentinel1A
25.05,87.75,0.0,0.0,0.1849999921396374,7.524999891407788,8.71499985922128,0.0,0,BIHAR_2022_09_02,2022-09-02,NRSC_Sentinel1A
25.05,87.85,0.0,0.0,0.8899999782443047,6.104999877512455,6.894999854266644,0.0,0,BIHAR_2022_09_02,2022-09-02,NRSC_Sentinel1A
25.05,87.95,0.1149999946355819,0.6499999761581421,1.5299999807029965,4.569999942556024,5.609999919310212,0.0,0,BIHAR_2022_09_02,2022-09-02,NRSC_Sentinel1A
25.05,88.049995,0.0,0.0,0.169999991543591,1.3649999694898725,2.579999920912087,0.0,0,BIHAR_2022_09_02,2022-09-02,NRSC_Sentinel1A
25.05,88.15,0.0,0.0,0.1349999904632568,4.474999845027924,5.554999813437462,0.0,0,BIHAR_2022_09_02,2022-09-02,NRSC_Sentinel1A
25.05,88.25,0.0,0.0,0.0,3.089999869465828,4.254999831318855,0.0,0,BIHAR_2022_09_02,2022-09-02,NRSC_Sentinel1A
25.05,88.35,0.089999996125698,0.3149999901652336,0.3149999901652336,1.1549999490380287,2.874999910593033,0.0,0,BIHAR_2022_09_02,2022-09-02,NRSC_Sentinel1A
25.05,88.45,0.0850000008940696,0.2999999970197677,0.2999999970197677,0.5249999836087227,2.219999961555004,0.0,0,BIHAR_2022_09_02,2022-09-02,NRSC_Sentinel1A
25.15,83.049995,0.0,0.0,0.7149999737739563,13.239999696612358,16.804999603889883,0.0,0,BIHAR_2022_09_02,2022-09-02,NRSC_Sentinel1A
25.15,83.15,0.0,0.0,0.0,10.774999730288982,14.03499967418611,0.0,0,BIHAR_2022_09_02,2022-09-02,NRSC_Sentinel1A
25.15,83.25,0.0,0.0,7.144999772310257,27.1149994879961,30.624999403953552,0.0,0,BIHAR_2022_09_02,2022-09-02,NRSC_Sentinel1A
25.15,83.35,0.1899999976158142,0.2849999964237213,0.8649999797344208,12.079999595880508,15.324999518692492,0.0,0,BIHAR_2022_09_02,2022-09-02,NRSC_Sentinel1A
25.15,83.45,0.0,0.0,0.1199999973177909,11.13999979197979,15.714999604970217,0.0,0,BIHAR_2022_09_02,2022-09-02,NRSC_Sentinel1A
25.15,83.549995,0.0,0.0,0.0,5.424999753013253,10.399999546818435,0.0,0,BIHAR_2022_09_02,2022-09-02,NRSC_Sentinel1A
25.15,83.65,0.0,0.0,0.0,4.034999814815819,10.024999697692692,0.0,0,BIHAR_2022_09_02,2022-09-02,NRSC_Sentinel1A
25.15,83.75,0.0,0.0,0.0,2.324999913573265,7.579999828711152,0.0,0,BIHAR_2022_09_02,2022-09-02,NRSC_Sentinel1A
25.15,83.85,0.0,0.0,0.0,0.2099999915808439,4.329999865964055,0.0,0,BIHAR_2022_09_02,2022-09-02,NRSC_Sentinel1A
25.15,83.95,0.0,0.0,0.0,1.2549999635666609,4.0099998991936445,0.0,0,BIHAR_2022_09_02,2022-09-02,NRSC_Sentinel1A
25.15,84.049995,0.0,0.0,0.0,0.9500000029802322,3.8349999580532312,0.0,0,BIHAR_2022_09_02,2022-09-02,NRSC_Sentinel1A
25.15,84.15,0.1499999910593032,0.1499999910593032,0.1499999910593032,1.349999949336052,3.464999921619892,0.0,0,BIHAR_2022_09_02,2022-09-02,NRSC_Sentinel1A
25.15,84.25,0.1400000005960464,0.1400000005960464,0.1400000005960464,1.3899999856948853,5.009999877773225,0.0,0,BIHAR_2022_09_02,2022-09-02,NRSC_Sentinel1A
25.15,84.35,0.0,0.0,0.0,2.294999912381172,9.549999620765448,0.0,0,BIHAR_2022_09_02,2022-09-02,NRSC_Sentinel1A
25.15,84.45,0.0,0.0,0.0,1.1699999440461395,6.099999802187085,0.0,0,BIHAR_2022_09_02,2022-09-02,NRSC_Sentinel1A
25.15,84.549995,0.0,0.0,0.0,1.5249999482184649,5.754999900236726,0.0,0,BIHAR_2022_09_02,2022-09-02,NRSC_Sentinel1A
25.15,84.65,0.0649999976158142,0.4749999791383743,0.679999977350235,1.5749999526888132,3.4699999038130045,0.0,0,BIHAR_2022_09_02,2022-09-02,NRSC_Sentinel1A
25.15,84.75,0.0649999976158142,0.3649999797344208,0.3649999797344208,1.4549999497830868,3.0749999061226845,0.0,0,BIHAR_2022_09_02,2022-09-02,NRSC_Sentinel1A
25.15,84.85,0.0,0.0,0.0,1.5199999511241913,2.584999931044877,0.0,0,BIHAR_2022_09_02,2022-09-02,NRSC_Sentinel1A
25.15,84.95,0.0,0.0,0.0949999988079071,4.16999988257885,5.294999856501818,0.0,0,BIHAR_2022_09_02,2022-09-02,NRSC_Sentinel1A
25.15,85.049995,0.0,0.0,0.2199999988079071,3.85999995470047,4.724999942816794,0.0,0,BIHAR_2022_09_02,2022-09-02,NRSC_Sentinel1A
25.15,85.15,0.0,0.0,0.1999999973922968,3.539999904111028,4.479999884031713,0.0,0,BIHAR_2022_09_02,2022-09-02,NRSC_Sentinel1A
25.15,85.25,0.0,0.0,0.2499999916180968,1.4699999755248427,1.7399999713525176,0.0,0,BIHAR_2022_09_02,2022-09-02,NRSC_Sentinel1A
25.15,85.35,0.0,0.0,0.1449999902397394,1.2649999652057886,1.3849999625235796,0.0,0,BIHAR_2022_09_02,2022-09-02,NRSC_Sentinel1A
25.15,85.45,0.0599999986588954,0.0599999986588954,0.2399999992921948,0.984999974258244,1.1149999732151628,0.0,0,BIHAR_2022_09_02,2022-09-02,NRSC_Sentinel1A
25.15,85.549995,0.0,0.0,0.4549999833106994,0.5999999791383743,0.7199999764561653,0.0,0,BIHAR_2022_09_02,2022-09-02,NRSC_Sentinel1A
25.15,85.65,0.0549999997019767,0.0549999997019767,1.5549999997019768,1.8649999871850007,2.1899999752640724,0.0,0,BIHAR_2022_09_02,2022-09-02,NRSC_Sentinel1A
25.15,85.75,0.0549999997019767,0.0549999997019767,0.2199999913573265,0.4549999888986349,0.779999976977706,0.0,0,BIHAR_2022_09_02,2022-09-02,NRSC_Sentinel1A
25.15,85.85,0.0,0.0,0.0,0.0399999981746077,0.0999999968335032,0.0,0,BIHAR_2022_09_02,2022-09-02,NRSC_Sentinel1A
25.15,85.95,0.0549999997019767,0.0549999997019767,0.0549999997019767,0.1499999947845935,0.2699999921023845,0.0,0,BIHAR_2022_09_02,2022-09-02,NRSC_Sentinel1A
25.15,86.049995,0.0,0.0,0.0,0.3799999952316284,0.9349999949336052,0.1274775785905642,1,BIHAR_2022_09_02,2022-09-02,NRSC_Sentinel1A
25.15,86.15,0.0,0.0,0.0,0.4599999785423279,1.1999999657273293,0.0909403674210714,0,BIHAR_2022_09_02,2022-09-02,NRSC_Sentinel1A
25.15,86.25,0.0,0.0,0.0,0.0949999988079071,0.3899999931454658,0.0229586537626435,0,BIHAR_2022_09_02,2022-09-02,NRSC_Sentinel1A
25.15,86.35,0.0,0.0,0.0,0.2499999944120645,0.3899999875575304,0.011943180689148,0,BIHAR_2022_09_02,2022-09-02,NRSC_Sentinel1A
25.15,86.45,0.0,0.0,0.0,0.3249999927356839,0.5449999840930104,0.0355689367767657,0,BIHAR_2022_09_02,2022-09-02,NRSC_Sentinel1A
25.15,86.549995,0.0,0.0,0.0,0.0,0.0,0.0,0,BIHAR_2022_09_02,2022-09-02,NRSC_Sentinel1A
25.15,86.65,0.0,0.0,0.0,0.0,0.0749999955296516,0.0,0,BIHAR_2022_09_02,2022-09-02,NRSC_Sentinel1A
25.15,86.75,0.0,0.0,0.0,0.1849999949336052,0.8999999761581421,0.0,0,BIHAR_2022_09_02,2022-09-02,NRSC_Sentinel1A
25.15,86.85,0.0,0.0,0.0,0.8849999979138374,1.939999954774976,0.0,0,BIHAR_2022_09_02,2022-09-02,NRSC_Sentinel1A
25.15,86.95,0.0,0.0,0.0,1.214999943971634,1.3999999463558197,0.0,0,BIHAR_2022_09_02,2022-09-02,NRSC_Sentinel1A
25.15,87.049995,0.1099999994039535,0.1099999994039535,0.1099999994039535,2.1999999284744263,2.1999999284744263,0.0,0,BIHAR_2022_09_02,2022-09-02,NRSC_Sentinel1A
25.15,87.15,0.0,0.0,0.0,0.5700000151991844,0.5700000151991844,0.0,0,BIHAR_2022_09_02,2022-09-02,NRSC_Sentinel1A
25.15,87.25,0.1299999952316284,0.5249999910593033,0.8949999809265137,1.3749999850988388,1.3749999850988388,0.0,0,BIHAR_2022_09_02,2022-09-02,NRSC_Sentinel1A
25.15,87.35,0.1149999946355819,0.2999999970197677,0.2999999970197677,0.8449999839067459,1.3449999606236815,0.0,0,BIHAR_2022_09_02,2022-09-02,NRSC_Sentinel1A
25.15,87.45,0.1149999946355819,0.1149999946355819,1.1849999725818634,3.5499999076128006,3.9249999076128006,0.0,0,BIHAR_2022_09_02,2022-09-02,NRSC_Sentinel1A
25.15,87.549995,0.2399999946355819,0.2399999946355819,1.4749999642372131,10.844999611377716,11.409999579191208,0.0,0,BIHAR_2022_09_02,2022-09-02,NRSC_Sentinel1A
25.15,87.65,0.0,0.0,1.2349999696016312,12.144999608397484,13.019999593496324,0.0,0,BIHAR_2022_09_02,2022-09-02,NRSC_Sentinel1A
25.15,87.75,0.0,0.0,1.2849999517202375,9.819999784231186,10.684999763965608,0.0,0,BIHAR_2022_09_02,2022-09-02,NRSC_Sentinel1A
25.15,87.85,0.1299999952316284,0.6849999725818634,1.974999949336052,9.24999988079071,10.174999833106996,0.0,0,BIHAR_2022_09_02,2022-09-02,NRSC_Sentinel1A
25.15,87.95,0.1199999973177909,0.7699999809265137,2.054999962449074,8.63499990105629,9.50499987602234,0.0,0,BIHAR_2022_09_02,2022-09-02,NRSC_Sentinel1A
25.15,88.049995,0.0,0.0,0.4799999743700027,6.399999797344208,7.354999765753746,0.0,0,BIHAR_2022_09_02,2022-09-02,NRSC_Sentinel1A
25.15,88.15,0.0,0.0,0.1899999920278787,5.659999856725335,6.584999838843942,0.0,0,BIHAR_2022_09_02,2022-09-02,NRSC_Sentinel1A
25.15,88.25,0.0,0.0,0.0,4.334999933838844,5.099999904632568,0.0,0,BIHAR_2022_09_02,2022-09-02,NRSC_Sentinel1A
25.15,88.35,0.0,0.0,0.0,0.8599999845027924,1.6699999496340752,0.0,0,BIHAR_2022_09_02,2022-09-02,NRSC_Sentinel1A
25.15,88.45,0.0,0.0,0.0,0.5399999991059303,1.424999974668026,0.0,0,BIHAR_2022_09_02,2022-09-02,NRSC_Sentinel1A
25.25,83.049995,0.0,0.0,0.0,2.989999942481518,6.319999855011702,0.0,0,BIHAR_2022_09_02,2022-09-02,NRSC_Sentinel1A
25.25,83.15,0.0,0.0,0.4899999983608722,3.729999911040068,6.414999838918448,0.0,0,BIHAR_2022_09_02,2022-09-02,NRSC_Sentinel1A
25.25,83.25,0.0,0.0,0.0,1.8299999758601189,4.924999907612801,0.0,0,BIHAR_2022_09_02,2022-09-02,NRSC_Sentinel1A
25.25,83.35,0.0,0.0,0.0,7.709999956190586,10.619999915361404,0.0,0,BIHAR_2022_09_02,2022-09-02,NRSC_Sentinel1A
25.25,83.45,0.0,0.0,0.0,9.014999702572824,12.80499961413443,0.0,0,BIHAR_2022_09_02,2022-09-02,NRSC_Sentinel1A
25.25,83.549995,0.0,0.0,0.1649999916553497,4.479999970644712,7.534999930299818,0.0,0,BIHAR_2022_09_02,2022-09-02,NRSC_Sentinel1A
25.25,83.65,0.0,0.0,0.9299999997019768,2.75500001758337,5.399999976158142,0.0,0,BIHAR_2022_09_02,2022-09-02,NRSC_Sentinel1A
25.25,83.75,0.0,0.0,0.3299999982118606,1.1099999845027924,4.109999901615083,0.0,0,BIHAR_2022_09_02,2022-09-02,NRSC_Sentinel1A
25.25,83.85,0.0,0.0,0.0099999997764825,1.1249999944120646,4.27999989874661,0.0,0,BIHAR_2022_09_02,2022-09-02,NRSC_Sentinel1A
25.25,83.95,0.0,0.0,0.3499999940395355,1.5899999476969242,4.314999889582396,0.0,0,BIHAR_2022_09_02,2022-09-02,NRSC_Sentinel1A
25.25,84.049995,0.1499999910593032,0.1499999910593032,0.3549999892711639,1.1999999871477485,2.744999959133565,0.0,0,BIHAR_2022_09_02,2022-09-02,NRSC_Sentinel1A
25.25,84.15,0.0,0.0,0.4799999874085188,0.9099999787285924,2.949999918229878,0.0,0,BIHAR_2022_09_02,2022-09-02,NRSC_Sentinel1A
25.25,84.25,0.0,0.0,0.0,1.1899999920278788,7.184999914839864,0.0,0,BIHAR_2022_09_02,2022-09-02,NRSC_Sentinel1A
25.25,84.35,0.0,0.0,0.0,1.675000011920929,7.624999903142452,0.0,0,BIHAR_2022_09_02,2022-09-02,NRSC_Sentinel1A
25.25,84.45,0.0,0.0,0.0,1.9349999465048315,7.189999831840396,0.0,0,BIHAR_2022_09_02,2022-09-02,NRSC_Sentinel1A
25.25,84.549995,0.0,0.0,0.0,0.9400000059977174,5.489999857731164,0.0,0,BIHAR_2022_09_02,2022-09-02,NRSC_Sentinel1A
25.25,84.65,0.0,0.0,0.0,0.8699999591335654,5.27499985229224,0.0,0,BIHAR_2022_09_02,2022-09-02,NRSC_Sentinel1A
25.25,84.75,0.0,0.0,0.0,1.3249999480322003,5.504999906755984,0.0,0,BIHAR_2022_09_02,2022-09-02,NRSC_Sentinel1A
25.25,84.85,0.0,0.0,0.0,1.4249999597668648,2.9549999367445707,0.0,0,BIHAR_2022_09_02,2022-09-02,NRSC_Sentinel1A
25.25,84.95,0.0,0.0,0.0,4.924999885261059,6.054999863728881,0.0,0,BIHAR_2022_09_02,2022-09-02,NRSC_Sentinel1A
25.25,85.049995,0.0,0.0,0.0099999997764825,1.7199999783188105,2.044999966397881,0.0,0,BIHAR_2022_09_02,2022-09-02,NRSC_Sentinel1A
25.25,85.15,0.0,0.0,0.3100000023841858,0.6899999938905239,0.9899999871850014,0.0,0,BIHAR_2022_09_02,2022-09-02,NRSC_Sentinel1A
25.25,85.25,0.0,0.0,0.5249999761581421,0.609999974258244,0.9299999633803964,0.0,0,BIHAR_2022_09_02,2022-09-02,NRSC_Sentinel1A
25.25,85.35,0.0649999976158142,0.0649999976158142,0.5599999949336052,0.5599999949336052,0.6249999925494194,0.0,0,BIHAR_2022_09_02,2022-09-02,NRSC_Sentinel1A
25.25,85.45,0.0649999976158142,0.0649999976158142,0.3499999940395355,0.3499999940395355,0.6999999955296516,0.0,0,BIHAR_2022_09_02,2022-09-02,NRSC_Sentinel1A
25.25,85.549995,0.0599999986588954,0.0599999986588954,0.5999999698251486,0.5999999698251486,0.9449999686330556,0.0,0,BIHAR_2022_09_02,2022-09-02,NRSC_Sentinel1A
25.25,85.65,0.0599999986588954,0.0599999986588954,0.14499999769032,0.14499999769032,0.2099999953061342,0.0,0,BIHAR_2022_09_02,2022-09-02,NRSC_Sentinel1A
25.25,85.75,0.0,0.0,0.1599999964237213,0.1599999964237213,0.979999978095293,0.0,0,BIHAR_2022_09_02,2022-09-02,NRSC_Sentinel1A
25.25,85.85,0.0,0.0,0.1549999937415123,0.1549999937415123,0.7649999745190144,0.0,0,BIHAR_2022_09_02,2022-09-02,NRSC_Sentinel1A
25.25,85.95,0.0,0.0,0.0,0.0,1.814999965950847,0.2164192992819065,1,BIHAR_2022_09_02,2022-09-02,NRSC_Sentinel1A
25.25,86.049995,0.0,0.0599999986588954,0.8099999837577343,0.8249999834224582,2.229999952018261,0.9555980395222954,1,BIHAR_2022_09_02,2022-09-02,NRSC_Sentinel1A
25.25,86.15,0.0,0.0,0.8749999599531293,0.9449999602511524,1.9499999452382328,0.4808562976521121,1,BIHAR_2022_09_02,2022-09-02,NRSC_Sentinel1A
25.25,86.25,0.0,0.0,0.5199999883770943,0.6199999880045652,1.519999964162707,0.006794355698299,0,BIHAR_2022_09_02,2022-09-02,NRSC_Sentinel1A
25.25,86.35,0.0,0.0,0.0,0.0700000002980232,0.7899999767541885,0.2245242554837261,1,BIHAR_2022_09_02,2022-09-02,NRSC_Sentinel1A
25.25,86.45,0.089999996125698,0.089999996125698,0.089999996125698,0.089999996125698,0.089999996125698,0.7077546798563862,1,BIHAR_2022_09_02,2022-09-02,NRSC_Sentinel1A
25.25,86.549995,0.1049999967217445,0.3199999872595072,0.3199999872595072,0.6699999803677201,0.6699999803677201,0.6998305181932579,1,BIHAR_2022_09_02,2022-09-02,NRSC_Sentinel1A
25.25,86.65,0.1049999967217445,0.5149999782443047,0.5149999782443047,0.9199999654665588,1.2449999479576943,0.212571744365193,1,BIHAR_2022_09_02,2022-09-02,NRSC_Sentinel1A
25.25,86.75,0.1449999958276748,0.6199999898672104,0.6199999898672104,0.9249999821186066,2.024999968707561,0.0,0,BIHAR_2022_09_02,2022-09-02,NRSC_Sentinel1A
25.25,86.85,0.1649999916553497,0.864999957382679,1.654999941587448,1.939999932423234,3.499999914318323,0.0,0,BIHAR_2022_09_02,2022-09-02,NRSC_Sentinel1A
25.25,86.95,0.1199999973177909,0.7799999788403511,1.3649999722838402,1.4749999660998585,3.1149999257177114,0.0,0,BIHAR_2022_09_02,2022-09-02,NRSC_Sentinel1A
25.25,87.049995,0.0,0.6399999707937241,1.2799999611452222,1.434999962337315,3.1399999326094985,0.0,0,BIHAR_2022_09_02,2022-09-02,NRSC_Sentinel1A
25.25,87.15,0.1149999946355819,0.5949999988079071,1.159999996423721,1.189999995753169,3.0849999459460378,0.0,0,BIHAR_2022_09_02,2022-09-02,NRSC_Sentinel1A
25.25,87.25,0.1449999958276748,0.7499999701976776,1.3949999511241913,1.3949999511241913,2.919999925419688,0.0,0,BIHAR_2022_09_02,2022-09-02,NRSC_Sentinel1A
25.25,87.35,0.0,0.1799999922513961,0.1799999922513961,0.1799999922513961,0.4499999806284904,0.0,0,BIHAR_2022_09_02,2022-09-02,NRSC_Sentinel1A
25.25,87.45,0.0,0.0,0.9949999749660492,3.279999946244061,3.509999942965805,0.0,0,BIHAR_2022_09_02,2022-09-02,NRSC_Sentinel1A
25.25,87.549995,0.0,0.0,1.909999966621399,5.444999933242798,5.704999923706055,0.0,0,BIHAR_2022_09_02,2022-09-02,NRSC_Sentinel1A
25.25,87.65,0.1899999976158142,0.699999988079071,2.294999957084656,5.124999910593033,5.6549998968839645,0.0,0,BIHAR_2022_09_02,2022-09-02,NRSC_Sentinel1A
25.25,87.75,0.199999988079071,0.9949999451637268,2.829999908804893,6.654999874532223,7.524999848566949,0.0,0,BIHAR_2022_09_02,2022-09-02,NRSC_Sentinel1A
25.25,87.85,0.0,0.2199999988079071,0.6850000023841858,5.059999912977219,6.194999902509153,0.0,0,BIHAR_2022_09_02,2022-09-02,NRSC_Sentinel1A
25.25,87.95,0.0,0.0,0.4149999916553497,6.929999932646751,7.464999929070473,0.0,0,BIHAR_2022_09_02,2022-09-02,NRSC_Sentinel1A
25.25,88.049995,0.0,0.0,0.3799999952316284,5.094999849796295,5.554999835789204,0.0,0,BIHAR_2022_09_02,2022-09-02,NRSC_Sentinel1A
25.25,88.15,0.0,0.0,0.439999982714653,6.4649998396635056,6.899999817833304,0.0,0,BIHAR_2022_09_02,2022-09-02,NRSC_Sentinel1A
25.25,88.25,0.0,0.0,0.0,6.009999856352806,6.154999851249158,0.0,0,BIHAR_2022_09_02,2022-09-02,NRSC_Sentinel1A
25.25,88.35,0.0,0.0,0.0,5.419999860227108,5.729999847710133,0.0,0,BIHAR_2022_09_02,2022-09-02,NRSC_Sentinel1A
25.25,88.45,0.0,0.0,0.0,2.694999873638153,3.2499998584389687,0.0,0,BIHAR_2022_09_02,2022-09-02,NRSC_Sentinel1A
25.35,83.049995,0.1799999922513961,0.2649999931454658,0.2649999931454658,2.249999932944774,4.479999849572778,0.0,0,BIHAR_2022_09_02,2022-09-02,NRSC_Sentinel1A
25.35,83.15,0.0,0.0,0.0,1.2899999842047691,5.519999913871288,0.0,0,BIHAR_2022_09_02,2022-09-02,NRSC_Sentinel1A
25.35,83.25,0.0,0.0,0.0,1.029999952763319,3.859999839216471,0.0,0,BIHAR_2022_09_02,2022-09-02,NRSC_Sentinel1A
25.35,83.35,0.0,0.0,0.1749999970197677,0.3499999940395355,3.544999912381172,0.0,0,BIHAR_2022_09_02,2022-09-02,NRSC_Sentinel1A
25.35,83.45,0.0,0.0,0.1449999995529651,0.3499999977648258,3.089999955147505,0.0,0,BIHAR_2022_09_02,2022-09-02,NRSC_Sentinel1A
25.35,83.549995,0.0,0.0,0.1299999952316284,0.3749999850988388,3.004999913275242,0.0,0,BIHAR_2022_09_02,2022-09-02,NRSC_Sentinel1A
25.35,83.65,0.0,0.0,0.2199999913573265,0.7449999880045652,4.504999900236726,0.0,0,BIHAR_2022_09_02,2022-09-02,NRSC_Sentinel1A
25.35,83.75,0.0,0.0,0.1849999958649277,0.1849999958649277,2.849999909289181,0.0,0,BIHAR_2022_09_02,2022-09-02,NRSC_Sentinel1A
25.35,83.85,0.0,0.0,0.5499999932944775,0.6199999935925007,3.784999888390303,0.0,0,BIHAR_2022_09_02,2022-09-02,NRSC_Sentinel1A
25.35,83.95,0.0,0.0,1.2549999877810478,1.7049999833106997,5.269999869167805,0.0,0,BIHAR_2022_09_02,2022-09-02,NRSC_Sentinel1A
25.35,84.049995,0.1499999910593032,0.1499999910593032,0.1749999895691871,1.1899999622255564,4.61499984934926,0.0,0,BIHAR_2022_09_02,2022-09-02,NRSC_Sentinel1A
25.35,84.15,0.0,0.0,0.3649999871850014,0.444999985396862,4.009999903850257,0.0,0,BIHAR_2022_09_02,2022-09-02,NRSC_Sentinel1A
25.35,84.25,0.0,0.0,0.1649999991059303,1.3899999782443049,12.359999592415988,0.0,0,BIHAR_2022_09_02,2022-09-02,NRSC_Sentinel1A
25.35,84.35,0.0,0.0,0.0049999998882412,1.299999942071736,9.554999760352077,0.0,0,BIHAR_2022_09_02,2022-09-02,NRSC_Sentinel1A
25.35,84.45,0.0,0.0,0.0299999983981251,1.2399999843910336,8.964999788440764,0.0,0,BIHAR_2022_09_02,2022-09-02,NRSC_Sentinel1A
25.35,84.549995,0.0,0.0,0.089999996125698,1.1449999809265137,9.609999769367278,0.0,0,BIHAR_2022_09_02,2022-09-02,NRSC_Sentinel1A
25.35,84.65,0.0,0.0,0.0,0.4149999963119626,4.899999847635627,0.0,0,BIHAR_2022_09_02,2022-09-02,NRSC_Sentinel1A
25.35,84.75,0.0,0.0,0.0,0.6599999759346247,5.36499990709126,0.0,0,BIHAR_2022_09_02,2022-09-02,NRSC_Sentinel1A
25.35,84.85,0.0,0.0,0.0,1.804999992251396,3.689999915659428,0.0,0,BIHAR_2022_09_02,2022-09-02,NRSC_Sentinel1A
25.35,84.95,0.0,0.0,0.0,1.9249999672174447,3.264999931678176,0.0,0,BIHAR_2022_09_02,2022-09-02,NRSC_Sentinel1A
25.35,85.049995,0.0,0.0,0.0049999998882412,0.6299999775364995,1.804999929852784,0.0,0,BIHAR_2022_09_02,2022-09-02,NRSC_Sentinel1A
25.35,85.15,0.0,0.0,0.0499999970197677,0.1199999973177909,0.4599999934434891,0.0,0,BIHAR_2022_09_02,2022-09-02,NRSC_Sentinel1A
25.35,85.25,0.0,0.0,0.1099999994039535,0.1099999994039535,0.4549999982118606,0.0,0,BIHAR_2022_09_02,2022-09-02,NRSC_Sentinel1A
25.35,85.35,0.0,0.0,0.0649999976158142,0.0649999976158142,0.4149999963119626,0.0,0,BIHAR_2022_09_02,2022-09-02,NRSC_Sentinel1A
25.35,85.45,0.0,0.0099999997764825,0.2699999902397394,0.2699999902397394,0.3349999878555536,0.0,0,BIHAR_2022_09_02,2022-09-02,NRSC_Sentinel1A
25.35,85.549995,0.0599999986588954,0.0599999986588954,0.2399999909102916,0.2399999909102916,0.7049999870359898,0.0,0,BIHAR_2022_09_02,2022-09-02,NRSC_Sentinel1A
25.35,85.65,0.0,0.0,0.0499999970197677,0.0499999970197677,0.3399999886751175,0.0,0,BIHAR_2022_09_02,2022-09-02,NRSC_Sentinel1A
25.35,85.75,0.0,0.0,0.0199999995529651,0.0199999995529651,0.6099999733269215,0.0,0,BIHAR_2022_09_02,2022-09-02,NRSC_Sentinel1A
25.35,85.85,0.0700000002980232,0.0700000002980232,0.0750000001862645,0.0750000001862645,0.8699999740347266,0.0211888866688219,0,BIHAR_2022_09_02,2022-09-02,NRSC_Sentinel1A
25.35,85.95,0.0799999982118606,0.2849999964237213,0.909999990835786,0.9149999907240272,2.299999958835542,0.6694728770829648,1,BIHAR_2022_09_02,2022-09-02,NRSC_Sentinel1A
25.35,86.049995,0.0949999988079071,0.5449999868869781,1.3199999770149589,1.3199999770149589,2.329999957233668,0.621545177776921,1,BIHAR_2022_09_02,2022-09-02,NRSC_Sentinel1A
25.35,86.15,0.0,0.449999988079071,1.7299999445676804,1.7299999445676804,2.639999907463789,0.0173881910269519,0,BIHAR_2022_09_02,2022-09-02,NRSC_Sentinel1A
25.35,86.25,0.089999996125698,0.4149999842047691,1.134999968111515,1.3499999567866323,2.194999932311476,0.0,0,BIHAR_2022_09_02,2022-09-02,NRSC_Sentinel1A
25.35,86.35,0.089999996125698,0.319999985396862,0.319999985396862,0.5749999806284904,1.3849999606609344,0.0,0,BIHAR_2022_09_02,2022-09-02,NRSC_Sentinel1A
25.35,86.45,0.1049999967217445,0.4999999925494194,1.0699999844655397,1.299999981187284,2.1099999686703086,0.0,0,BIHAR_2022_09_02,2022-09-02,NRSC_Sentinel1A
25.35,86.549995,0.1049999967217445,0.8449999764561653,1.3349999710917473,1.759999959729612,2.579999945126474,0.0118828096241694,0,BIHAR_2022_09_02,2022-09-02,NRSC_Sentinel1A
25.35,86.65,0.125,0.6999999806284904,0.6999999806284904,1.21999997086823,2.724999920465052,0.0787407496324569,0,BIHAR_2022_09_02,2022-09-02,NRSC_Sentinel1A
25.35,86.75,0.1149999946355819,0.8699999749660492,0.8699999749660492,1.909999966621399,3.56499990541488,0.0,0,BIHAR_2022_09_02,2022-09-02,NRSC_Sentinel1A
25.35,86.85,0.0,0.8099999725818634,1.6699999384582045,3.5049999514594674,5.209999909624457,0.0,0,BIHAR_2022_09_02,2022-09-02,NRSC_Sentinel1A
25.35,86.95,0.0,0.6599999815225601,1.5799999795854092,2.4649999598041177,3.95999994687736,0.0,0,BIHAR_2022_09_02,2022-09-02,NRSC_Sentinel1A
25.35,87.049995,0.0,0.3449999885633588,1.0999999633058906,1.5699999472126365,3.149999923072756,0.0,0,BIHAR_2022_09_02,2022-09-02,NRSC_Sentinel1A
25.35,87.15,0.1400000005960464,0.1400000005960464,0.7649999856948853,1.1949999779462814,3.1699999244883657,0.0,0,BIHAR_2022_09_02,2022-09-02,NRSC_Sentinel1A
25.35,87.25,0.0,0.3699999898672104,0.879999965429306,1.1599999517202375,2.0799999237060547,0.0,0,BIHAR_2022_09_02,2022-09-02,NRSC_Sentinel1A
25.35,87.35,0.0999999940395355,0.5299999862909317,1.4349999651312828,1.9999999552965164,3.0199999399483204,0.0,0,BIHAR_2022_09_02,2022-09-02,NRSC_Sentinel1A
25.35,87.45,0.1199999973177909,0.6149999871850014,1.759999953210354,2.779999926686287,4.124999895691872,0.0,0,BIHAR_2022_09_02,2022-09-02,NRSC_Sentinel1A
25.35,87.549995,0.1749999970197677,0.8099999874830246,2.5149999409914017,3.854999927803874,5.249999877996743,0.0,0,BIHAR_2022_09_02,2022-09-02,NRSC_Sentinel1A
25.35,87.65,0.1799999922513961,1.07499997317791,2.774999961256981,4.164999932050705,5.289999906904995,0.0,0,BIHAR_2022_09_02,2022-09-02,NRSC_Sentinel1A
25.35,87.75,0.1949999928474426,1.1299999803304672,2.7749999314546585,5.924999877810478,6.634999856352806,0.0,0,BIHAR_2022_09_02,2022-09-02,NRSC_Sentinel1A
25.35,87.85,0.0,0.2349999994039535,0.7099999934434891,4.049999892711639,4.729999870061874,0.0,0,BIHAR_2022_09_02,2022-09-02,NRSC_Sentinel1A
25.35,87.95,0.0,0.0,0.4999999850988388,6.184999793767929,6.579999774694443,0.0,0,BIHAR_2022_09_02,2022-09-02,NRSC_Sentinel1A
25.35,88.049995,0.0,0.0,0.4850000040605664,6.489999924786389,6.804999914951623,0.0,0,BIHAR_2022_09_02,2022-09-02,NRSC_Sentinel1A
25.35,88.15,0.0,0.0,0.0,2.5849999636411667,2.6349999606609344,0.0,0,BIHAR_2022_09_02,2022-09-02,NRSC_Sentinel1A
25.35,88.25,0.0,0.0,0.0,1.7449999153614044,1.989999908953905,0.0,0,BIHAR_2022_09_02,2022-09-02,NRSC_Sentinel1A
25.35,88.35,0.0,0.0,0.0,1.6749999821186066,1.6749999821186066,0.0,0,BIHAR_2022_09_02,2022-09-02,NRSC_Sentinel1A
25.35,88.45,0.0,0.0,0.1899999976158142,2.939999938011169,3.18499992787838,0.0,0,BIHAR_2022_09_02,2022-09-02,NRSC_Sentinel1A
25.449999,83.049995,0.1749999970197677,0.3399999961256981,0.3399999961256981,1.0599999874830246,3.7999999476596713,0.0,0,BIHAR_2022_09_02,2022-09-02,NRSC_Sentinel1A
25.449999,83.15,0.1700000017881393,0.255000002682209,0.255000002682209,0.9599999859929084,4.359999865293503,0.0,0,BIHAR_2022_09_02,2022-09-02,NRSC_Sentinel1A
25.449999,83.25,0.1449999958276748,0.2849999964237213,0.2849999964237213,0.569999985396862,4.1349998489022255,0.0,0,BIHAR_2022_09_02,2022-09-02,NRSC_Sentinel1A
25.449999,83.35,0.1599999964237213,0.3049999922513962,0.4649999886751175,0.5449999868869781,3.624999910593033,0.0,0,BIHAR_2022_09_02,2022-09-02,NRSC_Sentinel1A
25.449999,83.45,0.0,0.0,0.0,0.0850000008940696,2.4149999395012856,0.0,0,BIHAR_2022_09_02,2022-09-02,NRSC_Sentinel1A
25.449999,83.549995,0.0,0.0,0.1149999946355819,0.1999999955296516,2.234999991953373,0.0,0,BIHAR_2022_09_02,2022-09-02,NRSC_Sentinel1A
25.449999,83.65,0.0,0.0,0.1099999994039535,0.2349999994039535,5.00999990850687,0.0,0,BIHAR_2022_09_02,2022-09-02,NRSC_Sentinel1A
25.449999,83.75,0.0,0.0,0.0,0.1599999964237213,5.0199999287724495,0.0,0,BIHAR_2022_09_02,2022-09-02,NRSC_Sentinel1A
25.449999,83.85,0.0,0.0,0.1199999945238232,0.3249999927356839,7.069999841041863,0.0,0,BIHAR_2022_09_02,2022-09-02,NRSC_Sentinel1A
25.449999,83.95,0.0,0.0,0.209999993443489,2.319999948143959,10.344999700784683,0.0,0,BIHAR_2022_09_02,2022-09-02,NRSC_Sentinel1A
25.449999,84.049995,0.0,0.0,0.0,1.8799999728798864,11.359999764710665,0.0,0,BIHAR_2022_09_02,2022-09-02,NRSC_Sentinel1A
25.449999,84.15,0.0,0.0,0.0149999996647238,0.5999999856576324,4.2099998807534575,0.0,0,BIHAR_2022_09_02,2022-09-02,NRSC_Sentinel1A
25.449999,84.25,0.0,0.0,0.0949999988079071,1.8049999177455904,11.489999664016068,0.0,0,BIHAR_2022_09_02,2022-09-02,NRSC_Sentinel1A
25.449999,84.35,0.0,0.0,0.0649999976158142,1.5899999514222145,14.169999696314337,0.0,0,BIHAR_2022_09_02,2022-09-02,NRSC_Sentinel1A
25.449999,84.45,0.0,0.0,0.4749999940395355,1.4699999392032623,12.50999966263771,0.0,0,BIHAR_2022_09_02,2022-09-02,NRSC_Sentinel1A
25.449999,84.549995,0.0,0.0,0.204999997280538,1.0699999434873462,12.474999542348089,0.0,0,BIHAR_2022_09_02,2022-09-02,NRSC_Sentinel1A
25.449999,84.65,0.0,0.0,0.1799999922513961,1.0949999801814556,13.104999367147684,0.0,0,BIHAR_2022_09_02,2022-09-02,NRSC_Sentinel1A
25.449999,84.75,0.0,0.0,0.179999996908009,0.2349999966099858,1.6749999271705749,0.0,0,BIHAR_2022_09_02,2022-09-02,NRSC_Sentinel1A
25.449999,84.85,0.0,0.0,0.1700000017881393,0.3900000005960464,1.2249999912455678,0.0,0,BIHAR_2022_09_02,2022-09-02,NRSC_Sentinel1A
25.449999,84.95,0.1249999962747097,0.1249999962747097,0.2399999909102916,0.4249999932944774,1.35499996971339,0.0,0,BIHAR_2022_09_02,2022-09-02,NRSC_Sentinel1A
25.449999,85.049995,0.0,0.0,0.0199999995529651,0.0949999950826168,1.2349999621510506,0.0,0,BIHAR_2022_09_02,2022-09-02,NRSC_Sentinel1A
25.449999,85.15,0.0,0.0,0.0,0.0,0.609999991953373,0.0,0,BIHAR_2022_09_02,2022-09-02,NRSC_Sentinel1A
25.449999,85.25,0.0,0.0,0.0,0.0,0.0949999960139393,0.0,0,BIHAR_2022_09_02,2022-09-02,NRSC_Sentinel1A
25.449999,85.35,0.0,0.0099999997764825,0.0099999997764825,0.1099999938160181,0.3199999872595072,0.0,0,BIHAR_2022_09_02,2022-09-02,NRSC_Sentinel1A
25.449999,85.45,0.0,1.0549999475479126,1.0999999456107616,1.0999999456107616,2.0549999233335257,0.0,0,BIHAR_2022_09_02,2022-09-02,NRSC_Sentinel1A
25.449999,85.549995,0.0,0.0249999985098838,0.0349999982863664,0.0949999969452619,2.524999925866723,0.0,0,BIHAR_2022_09_02,2022-09-02,NRSC_Sentinel1A
25.449999,85.65,0.0,0.0,0.0,0.0599999986588954,3.019999941810965,0.0,0,BIHAR_2022_09_02,2022-09-02,NRSC_Sentinel1A
25.449999,85.75,0.0749999955296516,0.0749999955296516,0.0749999955296516,0.0749999955296516,1.324999963864684,0.0,0,BIHAR_2022_09_02,2022-09-02,NRSC_Sentinel1A
25.449999,85.85,0.0749999955296516,0.1549999937415123,0.2499999925494194,0.2499999925494194,1.519999971613288,0.6288628978473483,1,BIHAR_2022_09_02,2022-09-02,NRSC_Sentinel1A
25.449999,85.95,0.089999996125698,0.3049999922513962,0.45499999076128,0.5249999910593033,1.9349999651312828,0.2042852654579441,1,BIHAR_2022_09_02,2022-09-02,NRSC_Sentinel1A
25.449999,86.049995,0.0,0.3499999791383743,0.3499999791383743,0.3499999791383743,1.3749999599531293,0.0,0,BIHAR_2022_09_02,2022-09-02,NRSC_Sentinel1A
25.449999,86.15,0.0,0.2499999925494194,0.2499999925494194,0.2499999925494194,1.2299999687820673,0.0,0,BIHAR_2022_09_02,2022-09-02,NRSC_Sentinel1A
25.449999,86.25,0.0,0.1649999916553497,0.1649999916553497,0.3799999803304672,1.5049999430775642,0.0,0,BIHAR_2022_09_02,2022-09-02,NRSC_Sentinel1A
25.449999,86.35,0.0,0.0,0.0,0.0850000008940696,1.1449999883770945,0.0,0,BIHAR_2022_09_02,2022-09-02,NRSC_Sentinel1A
25.449999,86.45,0.0,0.0,0.0,0.0,0.9199999645352364,0.0,0,BIHAR_2022_09_02,2022-09-02,NRSC_Sentinel1A
25.449999,86.549995,0.0,0.0049999998882412,0.5749999778345227,0.949999970383942,0.97999996971339,0.0,0,BIHAR_2022_09_02,2022-09-02,NRSC_Sentinel1A
25.449999,86.65,0.1199999973177909,0.1199999973177909,0.1199999973177909,0.494999997317791,0.494999997317791,0.0,0,BIHAR_2022_09_02,2022-09-02,NRSC_Sentinel1A
25.449999,86.75,0.125,0.2549999952316284,0.2549999952316284,1.784999966621399,1.784999966621399,0.0,0,BIHAR_2022_09_02,2022-09-02,NRSC_Sentinel1A
25.449999,86.85,0.0,0.2449999973177909,0.2449999973177909,1.600000016391277,1.900000013411045,0.0,0,BIHAR_2022_09_02,2022-09-02,NRSC_Sentinel1A
25.449999,86.95,0.0,0.2399999946355819,0.2399999946355819,0.8849999755620956,1.6599999591708183,0.0,0,BIHAR_2022_09_02,2022-09-02,NRSC_Sentinel1A
25.449999,87.049995,0.1349999904632568,0.2649999856948852,2.384999915957451,7.394999771378934,8.174999755807221,0.0,0,BIHAR_2022_09_02,2022-09-02,NRSC_Sentinel1A
25.449999,87.15,0.0,0.1799999922513961,0.819999985396862,3.114999942481518,4.044999904930592,0.0,0,BIHAR_2022_09_02,2022-09-02,NRSC_Sentinel1A
25.449999,87.25,0.0,0.1799999922513961,0.6649999963119626,0.9249999942258,2.0049999905750155,0.0,0,BIHAR_2022_09_02,2022-09-02,NRSC_Sentinel1A
25.449999,87.35,0.0,0.1749999970197677,1.0799999833106997,1.6149999722838402,2.9699999187141657,0.0,0,BIHAR_2022_09_02,2022-09-02,NRSC_Sentinel1A
25.449999,87.45,0.0,0.0,0.3599999845027923,0.5499999821186066,0.7549999728798866,0.0,0,BIHAR_2022_09_02,2022-09-02,NRSC_Sentinel1A
25.449999,87.549995,0.0,0.0,0.375,0.5899999886751175,0.7999999821186066,0.0,0,BIHAR_2022_09_02,2022-09-02,NRSC_Sentinel1A
25.449999,87.65,0.0,0.0,0.429999977350235,1.6249999403953552,2.084999926388264,0.0,0,BIHAR_2022_09_02,2022-09-02,NRSC_Sentinel1A
25.449999,87.75,0.0,0.0,0.375,2.2849999964237213,2.5599999874830246,0.0,0,BIHAR_2022_09_02,2022-09-02,NRSC_Sentinel1A
25.449999,87.85,0.0,0.0,0.375,4.799999862909317,5.099999859929085,0.0,0,BIHAR_2022_09_02,2022-09-02,NRSC_Sentinel1A
25.449999,87.95,0.0,0.0,0.5900000035762787,0.8299999982118607,0.834999998100102,0.0,0,BIHAR_2022_09_02,2022-09-02,NRSC_Sentinel1A
25.449999,88.049995,0.0,0.0,0.6449999809265137,0.8599999696016312,1.1899999603629112,0.0,0,BIHAR_2022_09_02,2022-09-02,NRSC_Sentinel1A
25.449999,88.15,0.0,0.0,0.1850000023841858,0.2000000020489096,0.2000000020489096,0.0,0,BIHAR_2022_09_02,2022-09-02,NRSC_Sentinel1A
25.449999,88.25,0.0,0.0,0.0199999995529651,0.7099999748170376,0.9149999730288982,0.0,0,BIHAR_2022_09_02,2022-09-02,NRSC_Sentinel1A
25.449999,88.35,0.0,0.0,0.0,0.4149999991059303,0.4149999991059303,0.0,0,BIHAR_2022_09_02,2022-09-02,NRSC_Sentinel1A
25.449999,88.45,0.0,0.0,0.1850000023841858,0.6599999889731407,0.6599999889731407,0.0,0,BIHAR_2022_09_02,2022-09-02,NRSC_Sentinel1A
25.55,83.049995,0.0,0.0,0.0,2.8849999606609344,5.724999874830246,0.0,0,BIHAR_2022_09_02,2022-09-02,NRSC_Sentinel1A
25.55,83.15,0.1700000017881393,0.25,0.25,4.9549999088048935,8.1899998113513,0.0,0,BIHAR_2022_09_02,2022-09-02,NRSC_Sentinel1A
25.55,83.25,0.0,0.0,0.0,3.404999852180481,8.864999748766422,0.0,0,BIHAR_2022_09_02,2022-09-02,NRSC_Sentinel1A
25.55,83.35,0.0,0.0,0.0,0.7699999883770943,5.754999801516533,0.0,0,BIHAR_2022_09_02,2022-09-02,NRSC_Sentinel1A
25.55,83.45,0.0,0.0,0.0,1.0499999597668648,5.414999842643738,0.0,0,BIHAR_2022_09_02,2022-09-02,NRSC_Sentinel1A
25.55,83.549995,0.0,0.0,0.0649999976158142,1.594999998807907,9.57999987155199,0.0,0,BIHAR_2022_09_02,2022-09-02,NRSC_Sentinel1A
25.55,83.65,0.0,0.0,0.0649999976158142,2.4049999341368675,13.80499973706901,0.0,0,BIHAR_2022_09_02,2022-09-02,NRSC_Sentinel1A
25.55,83.75,0.0,0.0,0.0,1.2699999660253525,10.449999742209911,0.0,0,BIHAR_2022_09_02,2022-09-02,NRSC_Sentinel1A
25.55,83.85,0.0,0.0,0.0,3.269999921321869,13.929999716579914,0.0,0,BIHAR_2022_09_02,2022-09-02,NRSC_Sentinel1A
25.55,83.95,0.0,0.0,0.0,5.41499987244606,14.6249995008111,0.0,0,BIHAR_2022_09_02,2022-09-02,NRSC_Sentinel1A
25.55,84.049995,0.0,0.0,0.0,3.109999880194664,13.329999566078186,0.0,0,BIHAR_2022_09_02,2022-09-02,NRSC_Sentinel1A
25.55,84.15,0.0,0.0,0.0,4.894999958574772,21.00999976322055,0.0,0,BIHAR_2022_09_02,2022-09-02,NRSC_Sentinel1A
25.55,84.25,0.0,0.0,0.0,3.229999929666519,19.56999938189984,0.0,0,BIHAR_2022_09_02,2022-09-02,NRSC_Sentinel1A
25.55,84.35,0.0,0.0,0.0049999998882412,2.990000025369227,23.98999987635761,0.0,0,BIHAR_2022_09_02,2022-09-02,NRSC_Sentinel1A
25.55,84.45,0.0,0.0,0.2699999809265136,3.4399998784065247,29.334999460726976,0.0,0,BIHAR_2022_09_02,2022-09-02,NRSC_Sentinel1A
25.55,84.549995,0.0,0.0,0.0749999955296516,1.894999958574772,16.78999963030219,0.0,0,BIHAR_2022_09_02,2022-09-02,NRSC_Sentinel1A
25.55,84.65,0.0,0.0,0.3200000021606684,1.0099999848753214,10.394999781623484,0.0,0,BIHAR_2022_09_02,2022-09-02,NRSC_Sentinel1A
25.55,84.75,0.0,0.0,0.5600000023841858,0.5600000023841858,3.904999893158674,0.0,0,BIHAR_2022_09_02,2022-09-02,NRSC_Sentinel1A
25.55,84.85,0.0,0.0,0.2750000059604645,0.385000005364418,3.4149999655783176,0.0,0,BIHAR_2022_09_02,2022-09-02,NRSC_Sentinel1A
25.55,84.95,0.0,0.0,0.2950000017881393,0.3949999958276748,3.7699999697506414,0.0,0,BIHAR_2022_09_02,2022-09-02,NRSC_Sentinel1A
25.55,85.049995,0.0,0.0,1.9699999140575528,1.9699999140575528,5.809999794699252,0.0,0,BIHAR_2022_09_02,2022-09-02,NRSC_Sentinel1A
25.55,85.15,0.0,0.0,0.6649999618530273,0.6649999618530273,1.7999999364838004,0.0,0,BIHAR_2022_09_02,2022-09-02,NRSC_Sentinel1A
25.55,85.25,0.0,0.0,0.0350000001490116,0.0350000001490116,1.204999971203506,0.0,0,BIHAR_2022_09_02,2022-09-02,NRSC_Sentinel1A
25.55,85.35,0.0,0.0,0.0,0.0,1.0249999724328518,0.0,0,BIHAR_2022_09_02,2022-09-02,NRSC_Sentinel1A
25.55,85.45,0.0,0.0999999940395355,0.0999999940395355,0.0999999940395355,3.05999992787838,0.0,0,BIHAR_2022_09_02,2022-09-02,NRSC_Sentinel1A
25.55,85.549995,0.0799999982118606,0.25,0.25,0.3249999955296516,5.664999891072512,0.0,0,BIHAR_2022_09_02,2022-09-02,NRSC_Sentinel1A
25.55,85.65,0.0799999982118606,0.2399999946355819,0.2399999946355819,0.3149999901652336,7.144999869167805,0.0,0,BIHAR_2022_09_02,2022-09-02,NRSC_Sentinel1A
25.55,85.75,0.0,0.3099999874830246,0.7849999591708183,0.7849999591708183,5.884999804198742,0.0,0,BIHAR_2022_09_02,2022-09-02,NRSC_Sentinel1A
25.55,85.85,0.0,0.2299999892711639,0.484999974258244,0.484999974258244,1.4549999609589577,0.0,0,BIHAR_2022_09_02,2022-09-02,NRSC_Sentinel1A
25.55,85.95,0.0,0.1550000011920929,0.4299999922513962,0.4349999921396374,1.8699999637901783,0.0,0,BIHAR_2022_09_02,2022-09-02,NRSC_Sentinel1A
25.55,86.049995,0.0,0.0,0.0,0.0,1.5899999663233757,0.0,0,BIHAR_2022_09_02,2022-09-02,NRSC_Sentinel1A
25.55,86.15,0.0,0.0,0.0,0.0,2.9549999237060547,0.0,0,BIHAR_2022_09_02,2022-09-02,NRSC_Sentinel1A
25.55,86.25,0.0,0.0,0.0,0.1299999952316284,2.9749999195337296,0.0,0,BIHAR_2022_09_02,2022-09-02,NRSC_Sentinel1A
25.55,86.35,0.0,0.0,0.0,0.0,2.504999935626984,0.0,0,BIHAR_2022_09_02,2022-09-02,NRSC_Sentinel1A
25.55,86.45,0.0,0.0,0.0,0.0,0.5649999752640724,0.0,0,BIHAR_2022_09_02,2022-09-02,NRSC_Sentinel1A
25.55,86.549995,0.0,0.0,0.0,0.0,1.5749999396502972,0.0,0,BIHAR_2022_09_02,2022-09-02,NRSC_Sentinel1A
25.55,86.65,0.0,0.0,0.0,0.2099999897181987,2.2849999591708183,0.0,0,BIHAR_2022_09_02,2022-09-02,NRSC_Sentinel1A
25.55,86.75,0.0,0.0,0.0,0.9249999523162842,2.5749998968094587,0.0,0,BIHAR_2022_09_02,2022-09-02,NRSC_Sentinel1A
25.55,86.85,0.0,0.0,0.0,1.5299999713897705,1.98999996483326,0.0,0,BIHAR_2022_09_02,2022-09-02,NRSC_Sentinel1A
25.55,86.95,0.0,0.0,0.3149999901652336,1.8299999460577965,2.024999938905239,0.0,0,BIHAR_2022_09_02,2022-09-02,NRSC_Sentinel1A
25.55,87.049995,0.0,0.0,0.0,0.0649999976158142,0.0649999976158142,0.0,0,BIHAR_2022_09_02,2022-09-02,NRSC_Sentinel1A
25.55,87.15,0.0,0.0,0.0099999997764825,0.0099999997764825,0.0099999997764825,0.0,0,BIHAR_2022_09_02,2022-09-02,NRSC_Sentinel1A
25.55,87.25,0.0,0.0,0.0199999995529651,0.0199999995529651,0.0199999995529651,0.0,0,BIHAR_2022_09_02,2022-09-02,NRSC_Sentinel1A
25.55,87.35,0.0,0.0,0.3499999940395355,0.5199999958276749,0.9449999779462814,0.0,0,BIHAR_2022_09_02,2022-09-02,NRSC_Sentinel1A
25.55,87.45,0.0,0.0,0.3699999898672104,1.7199999503791332,2.1599999330937862,0.0,0,BIHAR_2022_09_02,2022-09-02,NRSC_Sentinel1A
25.55,87.549995,0.0,0.0,0.3899999856948852,1.9199999421834943,2.1599999368190765,0.0,0,BIHAR_2022_09_02,2022-09-02,NRSC_Sentinel1A
25.55,87.65,0.0,0.0,0.4249999867752194,0.6349999802187085,0.8749999748542905,0.0,0,BIHAR_2022_09_02,2022-09-02,NRSC_Sentinel1A
25.55,87.75,0.0,0.0,0.0749999955296516,0.0749999955296516,0.32999999076128,0.0,0,BIHAR_2022_09_02,2022-09-02,NRSC_Sentinel1A
25.55,87.85,0.0,0.0,0.2649999856948852,1.94499996304512,2.0649999603629112,0.0,0,BIHAR_2022_09_02,2022-09-02,NRSC_Sentinel1A
25.55,87.95,0.0,0.0,0.1850000023841858,0.1850000023841858,0.3049999997019768,0.0,0,BIHAR_2022_09_02,2022-09-02,NRSC_Sentinel1A
25.55,88.049995,0.0,0.0,0.2250000014901161,0.2250000014901161,0.6199999824166298,0.0,0,BIHAR_2022_09_02,2022-09-02,NRSC_Sentinel1A
25.55,88.15,0.0,0.0,0.2349999994039535,0.3449999988079071,0.5899999961256981,0.0,0,BIHAR_2022_09_02,2022-09-02,NRSC_Sentinel1A
25.55,88.25,0.0,0.0,0.3649999797344208,0.3649999797344208,0.979999952018261,0.0,0,BIHAR_2022_09_02,2022-09-02,NRSC_Sentinel1A
25.55,88.35,0.0,0.0,0.1850000023841858,0.1850000023841858,0.7649999912828207,0.0,0,BIHAR_2022_09_02,2022-09-02,NRSC_Sentinel1A
25.55,88.45,0.0,0.0,0.0149999996647238,0.0149999996647238,0.7149999802932143,0.0,0,BIHAR_2022_09_02,2022-09-02,NRSC_Sentinel1A
25.65,83.049995,0.0,0.0,0.0,2.8799998983740807,5.674999840557575,0.0,0,BIHAR_2022_09_02,2022-09-02,NRSC_Sentinel1A
25.65,83.15,0.0,0.0,0.0,4.254999943077564,8.084999851882458,0.0,0,BIHAR_2022_09_02,2022-09-02,NRSC_Sentinel1A
25.65,83.25,0.0,0.0,0.0,7.344999872148037,14.90999969188124,0.0,0,BIHAR_2022_09_02,2022-09-02,NRSC_Sentinel1A
25.65,83.35,0.0,0.0,0.0,4.309999912977219,13.494999735616148,0.0,0,BIHAR_2022_09_02,2022-09-02,NRSC_Sentinel1A
25.65,83.45,0.0,0.0,0.0,5.769999846816063,14.474999668076634,0.0,0,BIHAR_2022_09_02,2022-09-02,NRSC_Sentinel1A
25.65,83.549995,0.0,0.0,0.0,2.939999908208847,12.32499971613288,0.0,0,BIHAR_2022_09_02,2022-09-02,NRSC_Sentinel1A
25.65,83.65,0.0,0.0,0.0,3.31999996304512,17.11499935388565,0.0,0,BIHAR_2022_09_02,2022-09-02,NRSC_Sentinel1A
25.65,83.75,0.0,0.0,0.0,4.569999843835831,17.584999665617943,0.0,0,BIHAR_2022_09_02,2022-09-02,NRSC_Sentinel1A
25.65,83.85,0.0,0.0,0.0,5.164999961853027,21.409999385476112,0.0,0,BIHAR_2022_09_02,2022-09-02,NRSC_Sentinel1A
25.65,83.95,0.0,0.0,0.0,6.944999940693378,22.579999577254057,0.0,0,BIHAR_2022_09_02,2022-09-02,NRSC_Sentinel1A
25.65,84.049995,0.0,0.0,0.0,3.794999808073044,19.379999220371246,0.0,0,BIHAR_2022_09_02,2022-09-02,NRSC_Sentinel1A
25.65,84.15,0.0,0.0,0.2799999909475446,2.964999874122441,16.604999457485974,0.0,0,BIHAR_2022_09_02,2022-09-02,NRSC_Sentinel1A
25.65,84.25,0.1199999973177909,0.2299999967217445,0.5249999836087227,2.1599998995661736,14.994999427348375,0.0,0,BIHAR_2022_09_02,2022-09-02,NRSC_Sentinel1A
25.65,84.35,0.1199999973177909,0.2249999940395355,0.5049999803304672,1.7849999479949474,17.034999560564756,0.0,0,BIHAR_2022_09_02,2022-09-02,NRSC_Sentinel1A
25.65,84.45,0.1149999983608722,0.1149999983608722,0.4299999885261059,3.089999880641699,24.72499928250909,0.0,0,BIHAR_2022_09_02,2022-09-02,NRSC_Sentinel1A
25.65,84.549995,0.1049999967217445,0.1499999947845935,0.1499999947845935,1.9699999578297136,24.489999514073133,0.0,0,BIHAR_2022_09_02,2022-09-02,NRSC_Sentinel1A
25.65,84.65,0.0549999997019767,0.0549999997019767,0.0549999997019767,1.774999998509884,19.07499974220991,0.0,0,BIHAR_2022_09_02,2022-09-02,NRSC_Sentinel1A
25.65,84.75,0.0,0.0,0.0049999998882412,0.0649999985471367,6.724999816156924,0.0,0,BIHAR_2022_09_02,2022-09-02,NRSC_Sentinel1A
25.65,84.85,0.0,0.0,0.0099999997764825,0.0999999959021806,6.689999805763364,0.0,0,BIHAR_2022_09_02,2022-09-02,NRSC_Sentinel1A
25.65,84.95,0.0,0.0,0.0249999985098838,0.0249999985098838,3.8049999438226223,0.0,0,BIHAR_2022_09_02,2022-09-02,NRSC_Sentinel1A
25.65,85.049995,0.0,0.0,0.1449999958276748,0.1449999958276748,3.2299999073147774,0.0,0,BIHAR_2022_09_02,2022-09-02,NRSC_Sentinel1A
25.65,85.15,0.0,0.0,0.0350000001490116,0.0350000001490116,2.2949999421834946,0.0,0,BIHAR_2022_09_02,2022-09-02,NRSC_Sentinel1A
25.65,85.25,0.0,0.0,0.0,0.0,0.8799999756738544,0.0,0,BIHAR_2022_09_02,2022-09-02,NRSC_Sentinel1A
25.65,85.35,0.0,0.0,0.0,0.0,0.3099999949336052,0.0,0,BIHAR_2022_09_02,2022-09-02,NRSC_Sentinel1A
25.65,85.45,0.0749999955296516,0.0749999955296516,0.0749999955296516,0.1249999925494194,1.1399999484419825,0.0,0,BIHAR_2022_09_02,2022-09-02,NRSC_Sentinel1A
25.65,85.549995,0.0749999955296516,0.1549999937415123,0.1549999937415123,0.1699999934062361,1.2899999683722854,0.0,0,BIHAR_2022_09_02,2022-09-02,NRSC_Sentinel1A
25.65,85.65,0.0799999982118606,0.2399999946355819,0.2399999946355819,0.2599999941885471,5.339999858289957,0.0,0,BIHAR_2022_09_02,2022-09-02,NRSC_Sentinel1A
25.65,85.75,0.0,0.1700000017881393,0.5849999934434891,0.5849999934434891,4.249999925494194,0.0,0,BIHAR_2022_09_02,2022-09-02,NRSC_Sentinel1A
25.65,85.85,0.0,0.089999996125698,1.685000019147992,2.9850000012665987,12.184999676421285,0.0,0,BIHAR_2022_09_02,2022-09-02,NRSC_Sentinel1A
25.65,85.95,0.0,0.0,0.0099999997764825,0.0449999999254941,8.844999825581908,0.0,0,BIHAR_2022_09_02,2022-09-02,NRSC_Sentinel1A
25.65,86.049995,0.0,0.0,0.0,0.0,9.589999750256538,0.0,0,BIHAR_2022_09_02,2022-09-02,NRSC_Sentinel1A
25.65,86.15,0.0,0.0,0.0,0.0,5.609999909996986,0.0,0,BIHAR_2022_09_02,2022-09-02,NRSC_Sentinel1A
25.65,86.25,0.0,0.0,0.0,0.0249999985098838,6.649999886751175,0.0,0,BIHAR_2022_09_02,2022-09-02,NRSC_Sentinel1A
25.65,86.35,0.0,0.0,0.0,0.0199999995529651,4.474999843165278,0.0,0,BIHAR_2022_09_02,2022-09-02,NRSC_Sentinel1A
25.65,86.45,0.0,0.0,0.0,0.0,7.074999828822911,0.0,0,BIHAR_2022_09_02,2022-09-02,NRSC_Sentinel1A
25.65,86.549995,0.0,0.0,0.0,0.0299999993294477,12.704999847337604,0.0,0,BIHAR_2022_09_02,2022-09-02,NRSC_Sentinel1A
25.65,86.65,0.0,0.0,0.0,0.3099999874830246,12.454999789595604,0.0,0,BIHAR_2022_09_02,2022-09-02,NRSC_Sentinel1A
25.65,86.75,0.0,0.0099999997764825,0.0299999993294477,1.044999985024333,14.299999503418803,0.0,0,BIHAR_2022_09_02,2022-09-02,NRSC_Sentinel1A
25.65,86.85,0.0,0.0,0.3949999958276748,1.094999983906746,5.549999758601189,0.0,0,BIHAR_2022_09_02,2022-09-02,NRSC_Sentinel1A
25.65,86.95,0.0,0.0,0.2549999952316284,0.4749999940395355,1.2599999606609344,0.0,0,BIHAR_2022_09_02,2022-09-02,NRSC_Sentinel1A
25.65,87.049995,0.0,0.0,0.4050000011920929,0.4050000011920929,0.5849999934434891,0.0,0,BIHAR_2022_09_02,2022-09-02,NRSC_Sentinel1A
25.65,87.15,0.0,0.0,0.2899999916553497,0.2899999916553497,0.6899999901652336,0.0,0,BIHAR_2022_09_02,2022-09-02,NRSC_Sentinel1A
25.65,87.25,0.0,0.0,0.679999977350235,0.9549999833106996,1.7349999472498894,0.0,0,BIHAR_2022_09_02,2022-09-02,NRSC_Sentinel1A
25.65,87.35,0.0,0.0,0.6849999874830246,0.929999977350235,1.3149999752640724,0.0,0,BIHAR_2022_09_02,2022-09-02,NRSC_Sentinel1A
25.65,87.45,0.0,0.0,0.5399999916553497,1.539999969303608,1.5699999686330557,0.0,0,BIHAR_2022_09_02,2022-09-02,NRSC_Sentinel1A
25.65,87.549995,0.0,0.0,0.4799999743700027,1.829999923706055,1.829999923706055,0.0,0,BIHAR_2022_09_02,2022-09-02,NRSC_Sentinel1A
25.65,87.65,0.0,0.0,0.4199999906122684,0.9799999706447124,0.9799999706447124,0.0,0,BIHAR_2022_09_02,2022-09-02,NRSC_Sentinel1A
25.65,87.75,0.0,0.0,0.1199999991804361,0.4249999914318323,0.4249999914318323,0.0,0,BIHAR_2022_09_02,2022-09-02,NRSC_Sentinel1A
25.65,87.85,0.0,0.0,0.089999996125698,0.369999997317791,0.5049999877810478,0.0,0,BIHAR_2022_09_02,2022-09-02,NRSC_Sentinel1A
25.65,87.95,0.0,0.0,0.0,2.849999949336052,3.244999937713146,0.0,0,BIHAR_2022_09_02,2022-09-02,NRSC_Sentinel1A
25.65,88.049995,0.0,0.0,0.0,1.8699999675154688,2.684999942779541,0.0,0,BIHAR_2022_09_02,2022-09-02,NRSC_Sentinel1A
25.65,88.15,0.0,0.0,0.0,0.8349999636411667,1.8099999502301216,0.0,0,BIHAR_2022_09_02,2022-09-02,NRSC_Sentinel1A
25.65,88.25,0.0,0.0,0.2049999982118606,0.2899999991059303,1.1049999743700027,0.0,0,BIHAR_2022_09_02,2022-09-02,NRSC_Sentinel1A
25.65,88.35,0.0,0.0,0.2349999994039535,0.2349999994039535,1.949999943375588,0.0,0,BIHAR_2022_09_02,2022-09-02,NRSC_Sentinel1A
25.65,88.45,0.0,0.0,0.5999999642372131,1.279999956488609,2.939999923110008,0.0,0,BIHAR_2022_09_02,2022-09-02,NRSC_Sentinel1A
25.75,83.049995,0.089999996125698,0.089999996125698,0.089999996125698,4.169999912381172,7.399999864399433,0.0,0,BIHAR_2022_09_02,2022-09-02,NRSC_Sentinel1A
25.75,83.15,0.0,0.0,0.0,6.459999859333038,10.324999697506428,0.0,0,BIHAR_2022_09_02,2022-09-02,NRSC_Sentinel1A
25.75,83.25,0.0,0.0,0.0,8.609999850392342,14.049999803304672,0.0,0,BIHAR_2022_09_02,2022-09-02,NRSC_Sentinel1A
25.75,83.35,0.1649999991059303,0.1649999991059303,0.1649999991059303,15.174999371170998,25.44999922066927,0.0,0,BIHAR_2022_09_02,2022-09-02,NRSC_Sentinel1A
25.75,83.45,0.0,0.0,0.0,14.639999613165855,24.86499937530607,0.0,0,BIHAR_2022_09_02,2022-09-02,NRSC_Sentinel1A
25.75,83.549995,0.0,0.0,0.0,4.689999938011169,13.804999724961815,0.0,0,BIHAR_2022_09_02,2022-09-02,NRSC_Sentinel1A
25.75,83.65,0.1599999964237213,0.1599999964237213,0.1599999964237213,3.389999888837337,12.774999760091305,0.0,0,BIHAR_2022_09_02,2022-09-02,NRSC_Sentinel1A
25.75,83.75,0.0,0.0,0.0,5.059999977238476,15.02999967429787,0.0,0,BIHAR_2022_09_02,2022-09-02,NRSC_Sentinel1A
25.75,83.85,0.0,0.0,0.0,2.579999898560345,13.359999586828051,0.0,0,BIHAR_2022_09_02,2022-09-02,NRSC_Sentinel1A
25.75,83.95,0.0,0.0,0.0,3.849999946542084,15.254999519325793,0.0,0,BIHAR_2022_09_02,2022-09-02,NRSC_Sentinel1A
25.75,84.049995,0.0,0.0,0.0,1.489999957382679,15.364999670535326,0.0,0,BIHAR_2022_09_02,2022-09-02,NRSC_Sentinel1A
25.75,84.15,0.0599999986588954,0.3449999867007136,0.6449999837204814,2.029999944381416,15.234999793581665,0.0,0,BIHAR_2022_09_02,2022-09-02,NRSC_Sentinel1A
25.75,84.25,0.0549999997019767,0.3849999904632568,0.7399999722838402,1.979999914765358,12.884999614208937,0.0,0,BIHAR_2022_09_02,2022-09-02,NRSC_Sentinel1A
25.75,84.35,0.1199999973177909,0.2299999967217445,0.5149999856948853,1.1799999549984932,12.654999770224094,0.0,0,BIHAR_2022_09_02,2022-09-02,NRSC_Sentinel1A
25.75,84.45,0.1299999952316284,0.1849999949336052,0.1849999949336052,1.7849999442696571,16.639999482780695,0.0,0,BIHAR_2022_09_02,2022-09-02,NRSC_Sentinel1A
25.75,84.549995,0.0549999997019767,0.0549999997019767,0.0549999997019767,1.034999996423721,14.52499956637621,0.0,0,BIHAR_2022_09_02,2022-09-02,NRSC_Sentinel1A
25.75,84.65,0.0549999997019767,0.0549999997019767,0.3349999934434891,0.6299999915063381,9.474999714642763,0.0,0,BIHAR_2022_09_02,2022-09-02,NRSC_Sentinel1A
25.75,84.75,0.0,0.0,0.0,0.3199999891221523,8.619999788701534,0.0,0,BIHAR_2022_09_02,2022-09-02,NRSC_Sentinel1A
25.75,84.85,0.0,0.0,0.0,0.1850000023841858,6.324999863281846,0.0,0,BIHAR_2022_09_02,2022-09-02,NRSC_Sentinel1A
25.75,84.95,0.0,0.0,0.0,0.1850000023841858,6.719999931752682,0.0,0,BIHAR_2022_09_02,2022-09-02,NRSC_Sentinel1A
25.75,85.049995,0.0,0.0,0.0,0.1400000005960464,2.6299999207258224,0.0,0,BIHAR_2022_09_02,2022-09-02,NRSC_Sentinel1A
25.75,85.15,0.0,0.0,0.0,0.0,2.1199999414384365,0.0,0,BIHAR_2022_09_02,2022-09-02,NRSC_Sentinel1A
25.75,85.25,0.0,0.0,0.0,0.0700000002980232,0.5799999907612801,0.0,0,BIHAR_2022_09_02,2022-09-02,NRSC_Sentinel1A
25.75,85.35,0.0,0.0,0.0,0.0999999940395355,0.2149999924004078,0.0,0,BIHAR_2022_09_02,2022-09-02,NRSC_Sentinel1A
25.75,85.45,0.0,0.0,0.0,0.0,0.0,0.0,0,BIHAR_2022_09_02,2022-09-02,NRSC_Sentinel1A
25.75,85.549995,0.0,0.0,0.0,0.0,0.0,0.0,0,BIHAR_2022_09_02,2022-09-02,NRSC_Sentinel1A
25.75,85.65,0.0,0.0,0.0,0.0,0.4699999988079071,0.0,0,BIHAR_2022_09_02,2022-09-02,NRSC_Sentinel1A
25.75,85.75,0.0,0.0,0.0,0.0,1.159999986179173,0.0,0,BIHAR_2022_09_02,2022-09-02,NRSC_Sentinel1A
25.75,85.85,0.0,0.0,0.1099999994039535,0.1099999994039535,2.419999925419688,0.0,0,BIHAR_2022_09_02,2022-09-02,NRSC_Sentinel1A
25.75,85.95,0.0,0.0,0.0,0.0799999982118606,3.039999946951866,0.0,0,BIHAR_2022_09_02,2022-09-02,NRSC_Sentinel1A
25.75,86.049995,0.0,0.0,0.0,0.0,13.819999642670156,0.0,0,BIHAR_2022_09_02,2022-09-02,NRSC_Sentinel1A
25.75,86.15,0.0,0.0,0.0,0.0099999997764825,6.06999989785254,0.0,0,BIHAR_2022_09_02,2022-09-02,NRSC_Sentinel1A
25.75,86.25,0.0,0.0,0.0,0.0149999996647238,10.204999917186797,0.0,0,BIHAR_2022_09_02,2022-09-02,NRSC_Sentinel1A
25.75,86.35,0.0,0.0,0.0,0.1449999958276748,12.649999682791533,0.0,0,BIHAR_2022_09_02,2022-09-02,NRSC_Sentinel1A
25.75,86.45,0.0,0.0,0.0,0.1649999991059303,16.319999528117478,0.0,0,BIHAR_2022_09_02,2022-09-02,NRSC_Sentinel1A
25.75,86.549995,0.0,0.0,0.0049999998882412,0.1399999903514981,14.104999591596425,0.0,0,BIHAR_2022_09_02,2022-09-02,NRSC_Sentinel1A
25.75,86.65,0.0,0.1199999973177909,0.30999999307096,0.4499999862164259,14.429999781772494,0.0,0,BIHAR_2022_09_02,2022-09-02,NRSC_Sentinel1A
25.75,86.75,0.0,0.1349999904632568,0.6299999803304672,0.7749999761581421,10.659999627619982,0.0,0,BIHAR_2022_09_02,2022-09-02,NRSC_Sentinel1A
25.75,86.85,0.0,0.0749999955296516,0.9149999842047692,1.0149999782443049,4.474999852478504,0.0,0,BIHAR_2022_09_02,2022-09-02,NRSC_Sentinel1A
25.75,86.95,0.0,0.0,1.0549999475479126,1.0549999475479126,4.52999983727932,0.0,0,BIHAR_2022_09_02,2022-09-02,NRSC_Sentinel1A
25.75,87.049995,0.0,0.0,1.2400000095367432,1.2400000095367432,2.4399999603629112,0.0,0,BIHAR_2022_09_02,2022-09-02,NRSC_Sentinel1A
25.75,87.15,0.0,0.0,1.270000010728836,1.270000010728836,2.444999977946281,0.0,0,BIHAR_2022_09_02,2022-09-02,NRSC_Sentinel1A
25.75,87.25,0.0,0.0,0.929999977350235,1.1749999672174454,2.229999929666519,0.0,0,BIHAR_2022_09_02,2022-09-02,NRSC_Sentinel1A
25.75,87.35,0.0,0.0,0.8099999874830246,1.3999999687075615,1.8799999579787248,0.0,0,BIHAR_2022_09_02,2022-09-02,NRSC_Sentinel1A
25.75,87.45,0.0,0.1099999994039535,0.9149999618530272,1.5099999383091929,2.119999922811985,0.0,0,BIHAR_2022_09_02,2022-09-02,NRSC_Sentinel1A
25.75,87.549995,0.0999999940395355,0.4649999886751175,3.539999917149544,4.309999898076057,4.849999881349504,0.0,0,BIHAR_2022_09_02,2022-09-02,NRSC_Sentinel1A
25.75,87.65,0.0,0.0,0.5149999856948853,1.6199999377131462,1.724999931640923,0.0,0,BIHAR_2022_09_02,2022-09-02,NRSC_Sentinel1A
25.75,87.75,0.0,0.0,0.4899999946355819,1.6849999651312828,1.8999999538064003,0.0,0,BIHAR_2022_09_02,2022-09-02,NRSC_Sentinel1A
25.75,87.85,0.0,0.0,0.1949999928474426,4.194999875500798,4.829999865964055,0.0,0,BIHAR_2022_09_02,2022-09-02,NRSC_Sentinel1A
25.75,87.95,0.0,0.0,0.2049999982118606,4.344999924302101,5.354999914765358,0.0,0,BIHAR_2022_09_02,2022-09-02,NRSC_Sentinel1A
25.75,88.049995,0.0,0.0,0.0,6.474999874830246,7.579999849200249,0.0,0,BIHAR_2022_09_02,2022-09-02,NRSC_Sentinel1A
25.75,88.15,0.0,0.0,0.0,6.98499983549118,8.439999796450138,0.0,0,BIHAR_2022_09_02,2022-09-02,NRSC_Sentinel1A
25.75,88.25,0.0,0.0,0.0350000001490116,1.7699999175965786,3.4099998585879803,0.0,0,BIHAR_2022_09_02,2022-09-02,NRSC_Sentinel1A
25.75,88.35,0.0,0.0,0.1850000023841858,1.1549999825656414,2.994999926537276,0.0,0,BIHAR_2022_09_02,2022-09-02,NRSC_Sentinel1A
25.75,88.45,0.0,0.0,0.8799999952316284,1.5099999755620956,4.809999912977219,0.0,0,BIHAR_2022_09_02,2022-09-02,NRSC_Sentinel1A
25.849998,83.049995,0.089999996125698,0.089999996125698,0.089999996125698,1.879999943077564,4.309999883174896,0.0,0,BIHAR_2022_09_02,2022-09-02,NRSC_Sentinel1A
25.849998,83.15,0.0799999982118606,0.0799999982118606,0.0799999982118606,6.524999886751175,9.03499985486269,0.0,0,BIHAR_2022_09_02,2022-09-02,NRSC_Sentinel1A
25.849998,83.25,0.0,0.0,0.1499999901279807,6.999999790452421,10.204999743960798,0.0,0,BIHAR_2022_09_02,2022-09-02,NRSC_Sentinel1A
25.849998,83.35,0.0,0.0,0.0,9.459999904036522,13.849999845027924,0.0,0,BIHAR_2022_09_02,2022-09-02,NRSC_Sentinel1A
25.849998,83.45,0.1849999949336052,0.1849999949336052,0.1849999949336052,5.8799998089671135,10.55999967455864,0.0,0,BIHAR_2022_09_02,2022-09-02,NRSC_Sentinel1A
25.849998,83.549995,0.0,0.0,0.0,5.784999795258045,9.949999701231718,0.0,0,BIHAR_2022_09_02,2022-09-02,NRSC_Sentinel1A
25.849998,83.65,0.0,0.0,0.0,6.129999965429306,12.049999778158965,0.0,0,BIHAR_2022_09_02,2022-09-02,NRSC_Sentinel1A
25.849998,83.75,0.0,0.0,0.0,7.759999876841903,14.819999700412154,0.0,0,BIHAR_2022_09_02,2022-09-02,NRSC_Sentinel1A
25.849998,83.85,0.0,0.0,0.0,3.669999957084656,11.519999757409096,0.0,0,BIHAR_2022_09_02,2022-09-02,NRSC_Sentinel1A
25.849998,83.95,0.0,0.0,0.0,3.214999932795763,9.994999837130308,0.0,0,BIHAR_2022_09_02,2022-09-02,NRSC_Sentinel1A
25.849998,84.049995,0.1249999962747097,0.1249999962747097,0.1249999962747097,1.5299999471753836,9.49499978683889,0.0,0,BIHAR_2022_09_02,2022-09-02,NRSC_Sentinel1A
25.849998,84.15,0.0649999976158142,0.2149999961256981,0.2149999961256981,1.2049999609589577,5.1099998280406,0.0,0,BIHAR_2022_09_02,2022-09-02,NRSC_Sentinel1A
25.849998,84.25,0.1399999931454658,0.3149999901652336,0.3149999901652336,2.5649999603629112,5.849999901838601,0.0,0,BIHAR_2022_09_02,2022-09-02,NRSC_Sentinel1A
25.849998,84.35,0.0,0.0,0.0,3.98999993968755,12.679999847896395,0.0,0,BIHAR_2022_09_02,2022-09-02,NRSC_Sentinel1A
25.849998,84.45,0.1249999962747097,0.1249999962747097,0.1249999962747097,1.429999973624945,8.604999799281359,0.0,0,BIHAR_2022_09_02,2022-09-02,NRSC_Sentinel1A
25.849998,84.549995,0.0,0.0,0.0,2.049999937415123,15.384999491274357,0.0,0,BIHAR_2022_09_02,2022-09-02,NRSC_Sentinel1A
25.849998,84.65,0.0,0.0,0.3099999949336052,1.554999977350235,7.629999831318855,0.0,0,BIHAR_2022_09_02,2022-09-02,NRSC_Sentinel1A
25.849998,84.75,0.0,0.0,0.0,1.1099999770522118,7.259999820962548,0.0,0,BIHAR_2022_09_02,2022-09-02,NRSC_Sentinel1A
25.849998,84.85,0.0,0.0,0.0,1.334999993443489,6.249999834224582,0.0,0,BIHAR_2022_09_02,2022-09-02,NRSC_Sentinel1A
25.849998,84.95,0.0,0.0,0.0,6.154999911785126,9.289999834261836,0.0,0,BIHAR_2022_09_02,2022-09-02,NRSC_Sentinel1A
25.849998,85.049995,0.0,0.0,0.0,5.069999754428864,8.164999653585255,0.0,0,BIHAR_2022_09_02,2022-09-02,NRSC_Sentinel1A
25.849998,85.15,0.0,0.0,0.0,3.3249998167157173,4.259999793954194,0.0,0,BIHAR_2022_09_02,2022-09-02,NRSC_Sentinel1A
25.849998,85.25,0.0,0.0,0.0,1.289999969303608,1.954999951645732,0.0,0,BIHAR_2022_09_02,2022-09-02,NRSC_Sentinel1A
25.849998,85.35,0.0,0.0,0.0,1.199999988079071,1.37999998498708,0.0,0,BIHAR_2022_09_02,2022-09-02,NRSC_Sentinel1A
25.849998,85.45,0.0,0.0,0.0,1.154999956488609,1.6049999482929709,0.0,0,BIHAR_2022_09_02,2022-09-02,NRSC_Sentinel1A
25.849998,85.549995,0.0,0.0,0.0,0.5949999839067459,1.3799999579787254,0.0,0,BIHAR_2022_09_02,2022-09-02,NRSC_Sentinel1A
25.849998,85.65,0.0,0.0,0.0,0.0,0.8949999799951911,0.0,0,BIHAR_2022_09_02,2022-09-02,NRSC_Sentinel1A
25.849998,85.75,0.0,0.0,0.0,0.0,1.714999970048666,0.0,0,BIHAR_2022_09_02,2022-09-02,NRSC_Sentinel1A
25.849998,85.85,0.0,0.0,0.0,0.0,1.9349999353289604,0.0,0,BIHAR_2022_09_02,2022-09-02,NRSC_Sentinel1A
25.849998,85.95,0.0,0.0,0.0,0.0350000001490116,3.639999937266112,0.0,0,BIHAR_2022_09_02,2022-09-02,NRSC_Sentinel1A
25.849998,86.049995,0.0,0.0,0.0,0.0,7.1849998626858,0.0,0,BIHAR_2022_09_02,2022-09-02,NRSC_Sentinel1A
25.849998,86.15,0.0,0.0299999993294477,0.0299999993294477,0.1249999981373548,6.70999988168478,0.0,0,BIHAR_2022_09_02,2022-09-02,NRSC_Sentinel1A
25.849998,86.25,0.0,0.1349999904632568,0.1349999904632568,0.1499999901279807,14.239999486133456,0.0,0,BIHAR_2022_09_02,2022-09-02,NRSC_Sentinel1A
25.849998,86.35,0.0,0.1499999910593032,0.1499999910593032,0.3649999871850014,17.3049995591864,0.0,0,BIHAR_2022_09_02,2022-09-02,NRSC_Sentinel1A
25.849998,86.45,0.0,0.1899999976158142,0.3599999994039535,0.4999999944120645,14.759999537840486,0.0,0,BIHAR_2022_09_02,2022-09-02,NRSC_Sentinel1A
25.849998,86.549995,0.0,0.2049999982118606,0.6549999713897705,0.7949999645352364,11.889999848790469,0.0,0,BIHAR_2022_09_02,2022-09-02,NRSC_Sentinel1A
25.849998,86.65,0.0,0.1700000017881393,1.1799999922513962,1.2799999862909317,7.189999944530428,0.0,0,BIHAR_2022_09_02,2022-09-02,NRSC_Sentinel1A
25.849998,86.75,0.0,0.199999988079071,1.7099999338388443,1.9649999290704727,6.554999721236527,0.0,0,BIHAR_2022_09_02,2022-09-02,NRSC_Sentinel1A
25.849998,86.85,0.0,0.209999993443489,2.114999935030937,2.114999935030937,5.334999851882458,0.0,0,BIHAR_2022_09_02,2022-09-02,NRSC_Sentinel1A
25.849998,86.95,0.0,0.089999996125698,2.479999981820584,2.479999981820584,5.054999887943268,0.0,0,BIHAR_2022_09_02,2022-09-02,NRSC_Sentinel1A
25.849998,87.049995,0.0,0.0,2.774999886751175,2.774999886751175,3.994999877177179,0.0,0,BIHAR_2022_09_02,2022-09-02,NRSC_Sentinel1A
25.849998,87.15,0.0850000008940696,0.0850000008940696,2.504999957978725,2.504999957978725,3.904999950900674,0.0,0,BIHAR_2022_09_02,2022-09-02,NRSC_Sentinel1A
25.849998,87.25,0.0,0.1199999973177909,3.0699999406933784,4.244999878108501,5.339999869465828,0.0,0,BIHAR_2022_09_02,2022-09-02,NRSC_Sentinel1A
25.849998,87.35,0.0,0.6549999937415123,7.159999690949917,8.99999963492155,9.62999963015318,0.0,0,BIHAR_2022_09_02,2022-09-02,NRSC_Sentinel1A
25.849998,87.45,0.0,0.4699999988079071,7.954999834299087,9.704999774694445,10.184999749064444,0.0,0,BIHAR_2022_09_02,2022-09-02,NRSC_Sentinel1A
25.849998,87.549995,0.1049999967217445,0.4299999997019768,3.684999965131283,4.779999934136868,5.289999909698963,0.0,0,BIHAR_2022_09_02,2022-09-02,NRSC_Sentinel1A
25.849998,87.65,0.0,0.0,0.3849999755620956,0.7249999642372131,0.98499995470047,0.0,0,BIHAR_2022_09_02,2022-09-02,NRSC_Sentinel1A
25.849998,87.75,0.0,0.0,0.3849999904632568,1.0999999716877935,1.494999960064888,0.0,0,BIHAR_2022_09_02,2022-09-02,NRSC_Sentinel1A
25.849998,87.85,0.0,0.0,0.6049999911338091,1.5099999625235796,2.444999950006604,0.0,0,BIHAR_2022_09_02,2022-09-02,NRSC_Sentinel1A
25.849998,87.95,0.0,0.0,0.4249999960884452,2.384999959729612,3.4549999302253127,0.0,0,BIHAR_2022_09_02,2022-09-02,NRSC_Sentinel1A
25.849998,88.049995,0.0,0.0,0.2649999856948852,2.059999957680702,3.26499991863966,0.0,0,BIHAR_2022_09_02,2022-09-02,NRSC_Sentinel1A
25.849998,88.15,0.0,0.0,0.0,4.6949998289346695,6.069999776780605,0.0,0,BIHAR_2022_09_02,2022-09-02,NRSC_Sentinel1A
25.849998,88.25,0.0,0.0,0.0,2.4199999468401074,4.004999917931855,0.0,0,BIHAR_2022_09_02,2022-09-02,NRSC_Sentinel1A
25.849998,88.35,0.0,0.0,1.2799999713897705,3.2149998992681503,5.254999868571758,0.0,0,BIHAR_2022_09_02,2022-09-02,NRSC_Sentinel1A
25.849998,88.45,0.0,0.0,0.3199999928474426,2.7099999925121665,5.944999924860895,0.0,0,BIHAR_2022_09_02,2022-09-02,NRSC_Sentinel1A
25.949999,83.049995,0.0799999982118606,0.0799999982118606,0.0799999982118606,2.859999917447567,4.324999876320362,0.0,0,BIHAR_2022_09_02,2022-09-02,NRSC_Sentinel1A
25.949999,83.15,0.0700000002980232,0.0700000002980232,0.0700000002980232,5.954999901354313,7.094999864697456,0.0,0,BIHAR_2022_09_02,2022-09-02,NRSC_Sentinel1A
25.949999,83.25,0.0700000002980232,0.0700000002980232,0.2649999968707561,7.609999861568212,9.094999816268682,0.0,0,BIHAR_2022_09_02,2022-09-02,NRSC_Sentinel1A
25.949999,83.35,0.0850000008940696,0.0850000008940696,0.0850000008940696,6.564999811351299,8.309999777004123,0.0,0,BIHAR_2022_09_02,2022-09-02,NRSC_Sentinel1A
25.949999,83.45,0.1649999991059303,0.1649999991059303,0.1649999991059303,4.934999845921993,6.899999804794788,0.0,0,BIHAR_2022_09_02,2022-09-02,NRSC_Sentinel1A
25.949999,83.549995,0.0,0.0,0.0,6.679999858140945,10.34999976027757,0.0,0,BIHAR_2022_09_02,2022-09-02,NRSC_Sentinel1A
25.949999,83.65,0.0,0.0,0.0,6.514999866485596,9.414999771863222,0.0,0,BIHAR_2022_09_02,2022-09-02,NRSC_Sentinel1A
25.949999,83.75,0.0,0.0,0.0,7.019999884068966,9.824999823234975,0.0,0,BIHAR_2022_09_02,2022-09-02,NRSC_Sentinel1A
25.949999,83.85,0.0,0.0,0.0,9.11999985575676,11.629999776370823,0.0,0,BIHAR_2022_09_02,2022-09-02,NRSC_Sentinel1A
25.949999,83.95,0.0,0.0,0.0,3.069999970495701,5.334999918937683,0.0,0,BIHAR_2022_09_02,2022-09-02,NRSC_Sentinel1A
25.949999,84.049995,0.0599999986588954,0.0599999986588954,0.0599999986588954,3.0749998800456524,7.159999753348529,0.0,0,BIHAR_2022_09_02,2022-09-02,NRSC_Sentinel1A
25.949999,84.15,0.0,0.0,0.0,1.2899999991059303,3.584999980404973,0.0,0,BIHAR_2022_09_02,2022-09-02,NRSC_Sentinel1A
25.949999,84.25,0.0599999986588954,0.0599999986588954,0.0599999986588954,5.184999939054251,8.344999858178198,0.0,0,BIHAR_2022_09_02,2022-09-02,NRSC_Sentinel1A
25.949999,84.35,0.0,0.0,0.0,4.184999910183251,7.149999854154885,0.0,0,BIHAR_2022_09_02,2022-09-02,NRSC_Sentinel1A
25.949999,84.45,0.0599999986588954,0.0599999986588954,0.0599999986588954,2.914999920874834,5.9099998511374,0.0,0,BIHAR_2022_09_02,2022-09-02,NRSC_Sentinel1A
25.949999,84.549995,0.0,0.0,0.0,2.2999999597668648,5.1699999291449785,0.0,0,BIHAR_2022_09_02,2022-09-02,NRSC_Sentinel1A
25.949999,84.65,0.0,0.0049999998882412,0.0049999998882412,1.4050000282004476,3.5849999776110053,0.0,0,BIHAR_2022_09_02,2022-09-02,NRSC_Sentinel1A
25.949999,84.75,0.0,0.0,0.0,2.1099999994039536,5.119999981485307,0.0,0,BIHAR_2022_09_02,2022-09-02,NRSC_Sentinel1A
25.949999,84.85,0.0,0.0,0.0,3.4149999022483826,5.4649998638778925,0.0,0,BIHAR_2022_09_02,2022-09-02,NRSC_Sentinel1A
25.949999,84.95,0.0,0.0,0.0,4.149999879300594,5.694999849423766,0.0,0,BIHAR_2022_09_02,2022-09-02,NRSC_Sentinel1A
25.949999,85.049995,0.0,0.0,0.0,4.859999731183052,6.999999691732228,0.0,0,BIHAR_2022_09_02,2022-09-02,NRSC_Sentinel1A
25.949999,85.15,0.0,0.0,0.0,3.529999881982804,4.519999856129289,0.0,0,BIHAR_2022_09_02,2022-09-02,NRSC_Sentinel1A
25.949999,85.25,0.0,0.0,0.0,6.17499977350235,7.854999724775553,0.0,0,BIHAR_2022_09_02,2022-09-02,NRSC_Sentinel1A
25.949999,85.35,0.0,0.0,0.0,4.654999913647771,6.064999850466847,0.0,0,BIHAR_2022_09_02,2022-09-02,NRSC_Sentinel1A
25.949999,85.45,0.0,0.0,0.0,3.789999909698963,5.869999814778566,0.0,0,BIHAR_2022_09_02,2022-09-02,NRSC_Sentinel1A
25.949999,85.549995,0.0,0.0,0.0,0.8699999675154686,2.914999909698963,0.0,0,BIHAR_2022_09_02,2022-09-02,NRSC_Sentinel1A
25.949999,85.65,0.0,0.0,0.0,0.2649999856948852,1.844999948516488,0.0,0,BIHAR_2022_09_02,2022-09-02,NRSC_Sentinel1A
25.949999,85.75,0.0,0.0,0.0,0.0,1.7399999499320984,0.0,0,BIHAR_2022_09_02,2022-09-02,NRSC_Sentinel1A
25.949999,85.85,0.0,0.0,0.0,0.0,2.0599999204277992,0.0,0,BIHAR_2022_09_02,2022-09-02,NRSC_Sentinel1A
25.949999,85.95,0.0,0.0,0.0,0.0,3.0849999636411667,0.0,0,BIHAR_2022_09_02,2022-09-02,NRSC_Sentinel1A
25.949999,86.049995,0.0,0.0749999955296516,0.0749999955296516,0.1699999943375587,7.429999895393848,0.0,0,BIHAR_2022_09_02,2022-09-02,NRSC_Sentinel1A
25.949999,86.15,0.0,0.209999993443489,0.209999993443489,0.3149999901652336,13.829999879002573,0.0,0,BIHAR_2022_09_02,2022-09-02,NRSC_Sentinel1A
25.949999,86.25,0.0,0.2449999898672104,0.2449999898672104,0.2449999898672104,16.404999747872353,0.0,0,BIHAR_2022_09_02,2022-09-02,NRSC_Sentinel1A
25.949999,86.35,0.0,0.2849999964237213,0.4099999964237213,0.5049999952316284,12.89999993890524,0.0,0,BIHAR_2022_09_02,2022-09-02,NRSC_Sentinel1A
25.949999,86.45,0.0,0.3199999928474426,0.7349999938160181,0.7349999938160181,8.89999970421195,0.0,0,BIHAR_2022_09_02,2022-09-02,NRSC_Sentinel1A
25.949999,86.549995,0.0,0.199999988079071,1.2749999463558197,1.2749999463558197,6.089999868534505,0.0,0,BIHAR_2022_09_02,2022-09-02,NRSC_Sentinel1A
25.949999,86.65,0.0,0.4599999785423279,2.859999895095825,2.859999895095825,6.47499980032444,0.0,0,BIHAR_2022_09_02,2022-09-02,NRSC_Sentinel1A
25.949999,86.75,0.0,0.3700000047683716,2.929999902844429,2.929999902844429,8.499999718740582,0.0,0,BIHAR_2022_09_02,2022-09-02,NRSC_Sentinel1A
25.949999,86.85,0.0949999988079071,0.3649999797344208,3.2849999368190765,3.2849999368190765,7.934999715536833,0.0,0,BIHAR_2022_09_02,2022-09-02,NRSC_Sentinel1A
25.949999,86.95,0.089999996125698,0.2799999937415123,4.119999967515469,4.119999967515469,6.34499991312623,0.0,0,BIHAR_2022_09_02,2022-09-02,NRSC_Sentinel1A
25.949999,87.049995,0.2449999973177909,0.3349999934434891,4.549999788403511,4.549999788403511,5.154999762773514,0.0,0,BIHAR_2022_09_02,2022-09-02,NRSC_Sentinel1A
25.949999,87.15,0.2299999967217445,0.3799999952316284,4.05499978363514,5.129999741911888,5.744999721646309,0.0,0,BIHAR_2022_09_02,2022-09-02,NRSC_Sentinel1A
25.949999,87.25,0.1149999946355819,0.3499999931082129,2.96999993827194,3.994999914430082,4.539999893866479,0.0,0,BIHAR_2022_09_02,2022-09-02,NRSC_Sentinel1A
25.949999,87.35,0.0949999988079071,1.279999956488609,8.274999901652336,10.004999861121178,10.48999985307455,0.0,0,BIHAR_2022_09_02,2022-09-02,NRSC_Sentinel1A
25.949999,87.45,0.324999988079071,1.1549999490380287,10.489999748766422,12.299999721348286,12.754999719560146,0.0,0,BIHAR_2022_09_02,2022-09-02,NRSC_Sentinel1A
25.949999,87.549995,0.4049999862909317,0.9399999752640724,6.164999879896641,7.849999811500311,8.319999802857637,0.0,0,BIHAR_2022_09_02,2022-09-02,NRSC_Sentinel1A
25.949999,87.65,0.2199999913573265,0.5799999758601189,4.379999898374081,5.669999864883721,6.139999848790467,0.0,0,BIHAR_2022_09_02,2022-09-02,NRSC_Sentinel1A
25.949999,87.75,0.2149999961256981,0.2149999961256981,1.2349999621510506,2.3049999475479126,2.989999935030937,0.0,0,BIHAR_2022_09_02,2022-09-02,NRSC_Sentinel1A
25.949999,87.85,0.0,0.0,1.369999960064888,2.14999994635582,3.449999891221524,0.0,0,BIHAR_2022_09_02,2022-09-02,NRSC_Sentinel1A
25.949999,87.95,0.0,0.0,0.699999988079071,1.0399999767541883,2.529999986290932,0.0,0,BIHAR_2022_09_02,2022-09-02,NRSC_Sentinel1A
25.949999,88.049995,0.0,0.0,0.3400000035762787,0.5,2.0749999582767487,0.0,0,BIHAR_2022_09_02,2022-09-02,NRSC_Sentinel1A
25.949999,88.15,0.0,0.1400000005960464,1.0499999672174454,2.499999947845936,4.229999892413616,0.0,0,BIHAR_2022_09_02,2022-09-02,NRSC_Sentinel1A
25.949999,88.25,0.0,0.0,0.0,1.3149999883025885,3.5099999960511923,0.0,0,BIHAR_2022_09_02,2022-09-02,NRSC_Sentinel1A
25.949999,88.35,0.0,0.0,1.0649999976158142,2.799999997019768,5.259999997913837,0.0,0,BIHAR_2022_09_02,2022-09-02,NRSC_Sentinel1A
25.949999,88.45,0.0,0.0,1.0999999642372131,2.2749999091029167,5.214999817311764,0.0,0,BIHAR_2022_09_02,2022-09-02,NRSC_Sentinel1A
26.05,83.049995,0.089999996125698,0.089999996125698,0.089999996125698,13.79999988526106,14.804999861866236,0.0,0,BIHAR_2022_09_02,2022-09-02,NRSC_Sentinel1A
26.05,83.15,0.0799999982118606,0.0799999982118606,0.0799999982118606,16.859999760985374,17.769999749027193,0.0,0,BIHAR_2022_09_02,2022-09-02,NRSC_Sentinel1A
26.05,83.25,0.0799999982118606,0.0799999982118606,0.0799999982118606,7.989999778568745,8.78499976824969,0.0,0,BIHAR_2022_09_02,2022-09-02,NRSC_Sentinel1A
26.05,83.35,0.0799999982118606,0.0799999982118606,0.0799999982118606,4.869999885559082,5.859999876469374,0.0,0,BIHAR_2022_09_02,2022-09-02,NRSC_Sentinel1A
26.05,83.45,0.1649999991059303,0.1649999991059303,0.1649999991059303,2.7449999526143074,4.3999999249354005,0.0,0,BIHAR_2022_09_02,2022-09-02,NRSC_Sentinel1A
26.05,83.549995,0.0,0.0,0.0,3.8699999302625656,6.144999869167805,0.0,0,BIHAR_2022_09_02,2022-09-02,NRSC_Sentinel1A
26.05,83.65,0.0,0.0,0.0,3.0149999260902405,4.5049998909235,0.0,0,BIHAR_2022_09_02,2022-09-02,NRSC_Sentinel1A
26.05,83.75,0.0,0.0,0.0,10.834999834187329,12.439999798312783,0.0,0,BIHAR_2022_09_02,2022-09-02,NRSC_Sentinel1A
26.05,83.85,0.0,0.0,0.0,6.064999911934137,7.849999860860407,0.0,0,BIHAR_2022_09_02,2022-09-02,NRSC_Sentinel1A
26.05,83.95,0.1549999937415123,0.1549999937415123,0.1549999937415123,0.9649999737739564,2.3699999526143074,0.0,0,BIHAR_2022_09_02,2022-09-02,NRSC_Sentinel1A
26.05,84.049995,0.0649999976158142,0.0649999976158142,0.0649999976158142,1.4899999797344208,4.089999936521053,0.0,0,BIHAR_2022_09_02,2022-09-02,NRSC_Sentinel1A
26.05,84.15,0.0649999976158142,0.0649999976158142,0.0649999976158142,1.4799999371170998,2.614999908953905,0.0,0,BIHAR_2022_09_02,2022-09-02,NRSC_Sentinel1A
26.05,84.25,0.0649999976158142,0.0649999976158142,0.0649999976158142,5.08499988168478,6.149999854154885,0.0,0,BIHAR_2022_09_02,2022-09-02,NRSC_Sentinel1A
26.05,84.35,0.0649999976158142,0.0649999976158142,0.0649999976158142,4.249999910593033,5.324999891221523,0.0,0,BIHAR_2022_09_02,2022-09-02,NRSC_Sentinel1A
26.05,84.45,0.0599999986588954,0.0599999986588954,0.0599999986588954,0.4699999950826168,1.9099999405443668,0.0,0,BIHAR_2022_09_02,2022-09-02,NRSC_Sentinel1A
26.05,84.549995,0.0,0.0099999997764825,0.0099999997764825,0.3849999960511923,2.10999998357147,0.0,0,BIHAR_2022_09_02,2022-09-02,NRSC_Sentinel1A
26.05,84.65,0.0,0.449999988079071,0.449999988079071,1.9299999587237835,3.7749998793005934,0.0,0,BIHAR_2022_09_02,2022-09-02,NRSC_Sentinel1A
26.05,84.75,0.0,0.0949999988079071,0.0949999988079071,2.119999922811985,5.259999834001064,0.0,0,BIHAR_2022_09_02,2022-09-02,NRSC_Sentinel1A
26.05,84.85,0.0,0.0,0.0,1.8649999424815176,3.6549999099224806,0.0,0,BIHAR_2022_09_02,2022-09-02,NRSC_Sentinel1A
26.05,84.95,0.0,0.0,0.0,2.104999955743552,3.529999927617609,0.0,0,BIHAR_2022_09_02,2022-09-02,NRSC_Sentinel1A
26.05,85.049995,0.0,0.0,0.0,1.3799999728798866,2.319999948143959,0.0,0,BIHAR_2022_09_02,2022-09-02,NRSC_Sentinel1A
26.05,85.15,0.0,0.0,0.0,1.624999966472387,2.284999966621399,0.0,0,BIHAR_2022_09_02,2022-09-02,NRSC_Sentinel1A
26.05,85.25,0.0,0.0,0.0,2.709999993443489,3.969999980181456,0.0,0,BIHAR_2022_09_02,2022-09-02,NRSC_Sentinel1A
26.05,85.35,0.0,0.0,0.0,1.3349999878555536,3.3399999048560858,0.0,0,BIHAR_2022_09_02,2022-09-02,NRSC_Sentinel1A
26.05,85.45,0.0,0.0,0.0,2.894999921321869,6.169999860227108,0.0,0,BIHAR_2022_09_02,2022-09-02,NRSC_Sentinel1A
26.05,85.549995,0.0,0.0,0.0,1.0,5.66999976336956,0.0,0,BIHAR_2022_09_02,2022-09-02,NRSC_Sentinel1A
26.05,85.65,0.0,0.0,0.0,0.6899999901652336,3.409999839961529,0.0,0,BIHAR_2022_09_02,2022-09-02,NRSC_Sentinel1A
26.05,85.75,0.0749999955296516,0.0749999955296516,0.0749999955296516,0.0749999955296516,1.2049999497830868,0.0,0,BIHAR_2022_09_02,2022-09-02,NRSC_Sentinel1A
26.05,85.85,0.0,0.0,0.0,0.0,1.1849999697878957,0.0,0,BIHAR_2022_09_02,2022-09-02,NRSC_Sentinel1A
26.05,85.95,0.0,0.0,0.0,0.0,4.224999882280827,0.0,0,BIHAR_2022_09_02,2022-09-02,NRSC_Sentinel1A
26.05,86.049995,0.0,0.0049999998882412,0.0049999998882412,0.0049999998882412,4.489999944344163,0.0,0,BIHAR_2022_09_02,2022-09-02,NRSC_Sentinel1A
26.05,86.15,0.0,0.199999988079071,0.199999988079071,0.199999988079071,7.604999844916165,0.0,0,BIHAR_2022_09_02,2022-09-02,NRSC_Sentinel1A
26.05,86.25,0.0,0.2149999886751175,0.4899999946355819,0.4899999946355819,16.824999548494816,0.0,0,BIHAR_2022_09_02,2022-09-02,NRSC_Sentinel1A
26.05,86.35,0.0,0.2249999940395355,0.7899999916553497,0.7899999916553497,9.879999853670595,0.0,0,BIHAR_2022_09_02,2022-09-02,NRSC_Sentinel1A
26.05,86.45,0.0,0.2899999916553497,1.4249999672174454,1.4249999672174454,5.219999893568456,0.0,0,BIHAR_2022_09_02,2022-09-02,NRSC_Sentinel1A
26.05,86.549995,0.0,0.73499995470047,2.709999918937683,2.709999918937683,6.284999846480787,0.0,0,BIHAR_2022_09_02,2022-09-02,NRSC_Sentinel1A
26.05,86.65,0.0,2.109999895095825,5.354999825358391,5.354999825358391,9.914999693632126,0.0,0,BIHAR_2022_09_02,2022-09-02,NRSC_Sentinel1A
26.05,86.75,0.0,0.8449999690055847,4.639999806880951,4.639999806880951,9.784999810159206,0.0,0,BIHAR_2022_09_02,2022-09-02,NRSC_Sentinel1A
26.05,86.85,0.3099999874830246,0.5449999868869781,4.039999961853027,4.039999961853027,5.804999944753945,0.0,0,BIHAR_2022_09_02,2022-09-02,NRSC_Sentinel1A
26.05,86.95,0.2999999970197677,0.4899999909102916,3.0299998931586742,3.0299998931586742,3.7799998857080936,0.0,0,BIHAR_2022_09_02,2022-09-02,NRSC_Sentinel1A
26.05,87.049995,0.3899999856948852,0.5749999778345227,2.974999983794987,2.974999983794987,3.4349999772384763,0.0,0,BIHAR_2022_09_02,2022-09-02,NRSC_Sentinel1A
26.05,87.15,0.3700000047683716,0.7250000089406967,3.4499999582767487,4.5249999314546585,5.444999912753701,0.0,0,BIHAR_2022_09_02,2022-09-02,NRSC_Sentinel1A
26.05,87.25,0.6399999856948853,1.2499999850988388,4.244999945163727,5.424999885261059,6.409999847412109,0.0,0,BIHAR_2022_09_02,2022-09-02,NRSC_Sentinel1A
26.05,87.35,0.4999999850988388,1.9449999183416369,8.239999875426292,10.734999880194664,13.344999849796295,0.0,0,BIHAR_2022_09_02,2022-09-02,NRSC_Sentinel1A
26.05,87.45,0.699999988079071,2.0299999117851257,8.489999771118164,10.889999747276306,11.764999732375143,0.0,0,BIHAR_2022_09_02,2022-09-02,NRSC_Sentinel1A
26.05,87.549995,0.4899999946355819,1.1999999582767489,4.95499986410141,7.319999814033508,7.689999803900719,0.0,0,BIHAR_2022_09_02,2022-09-02,NRSC_Sentinel1A
26.05,87.65,0.5550000071525574,1.3699999898672104,5.099999889731407,7.779999843798578,8.229999831877649,0.0,0,BIHAR_2022_09_02,2022-09-02,NRSC_Sentinel1A
26.05,87.75,0.429999977350235,1.1899999603629112,2.709999926388264,4.764999873936176,5.544999852776527,0.0,0,BIHAR_2022_09_02,2022-09-02,NRSC_Sentinel1A
26.05,87.85,0.3949999958276748,1.0299999862909317,2.579999938607216,3.289999932050705,4.859999909996986,0.0,0,BIHAR_2022_09_02,2022-09-02,NRSC_Sentinel1A
26.05,87.95,0.2199999988079071,0.6749999821186066,1.829999953508377,2.0899999514222145,3.929999932646752,0.0,0,BIHAR_2022_09_02,2022-09-02,NRSC_Sentinel1A
26.05,88.049995,0.3099999874830246,0.5849999934434891,1.844999983906746,2.024999976158142,6.049999915063381,0.0,0,BIHAR_2022_09_02,2022-09-02,NRSC_Sentinel1A
26.05,88.15,0.0999999940395355,0.3049999922513962,1.7299999594688416,2.144999958574772,6.164999797940254,0.0,0,BIHAR_2022_09_02,2022-09-02,NRSC_Sentinel1A
26.05,88.25,0.0850000008940696,0.2899999991059303,2.599999912083149,3.914999917149544,8.344999857246876,0.0,0,BIHAR_2022_09_02,2022-09-02,NRSC_Sentinel1A
26.05,88.35,0.0850000008940696,0.2599999979138374,1.7399999424815178,3.38999988976866,6.934999712742865,0.0,0,BIHAR_2022_09_02,2022-09-02,NRSC_Sentinel1A
26.05,88.45,0.0,0.1599999964237213,1.444999948143959,2.534999929368496,3.869999907910824,0.0,0,BIHAR_2022_09_02,2022-09-02,NRSC_Sentinel1A
26.15,83.049995,0.089999996125698,0.089999996125698,4.344999812543392,26.384999357163903,27.524999332614243,0.0,0,BIHAR_2022_09_02,2022-09-02,NRSC_Sentinel1A
26.15,83.15,0.0850000008940696,0.0850000008940696,2.4149999246001244,25.109999112784863,25.98999909497797,0.0,0,BIHAR_2022_09_02,2022-09-02,NRSC_Sentinel1A
26.15,83.25,0.0850000008940696,0.0850000008940696,1.5749999359250069,25.03999963402748,26.24499959405512,0.0,0,BIHAR_2022_09_02,2022-09-02,NRSC_Sentinel1A
26.15,83.35,0.089999996125698,0.089999996125698,0.089999996125698,16.489999935030937,18.03499991632998,0.0,0,BIHAR_2022_09_02,2022-09-02,NRSC_Sentinel1A
26.15,83.45,0.0,0.0149999996647238,0.0149999996647238,5.264999865554273,7.489999867044389,0.0,0,BIHAR_2022_09_02,2022-09-02,NRSC_Sentinel1A
26.15,83.549995,0.0,0.0,0.0,2.924999922513962,4.714999914169312,0.0,0,BIHAR_2022_09_02,2022-09-02,NRSC_Sentinel1A
26.15,83.65,0.0,0.0,0.0,3.6199999004602432,4.559999871999025,0.0,0,BIHAR_2022_09_02,2022-09-02,NRSC_Sentinel1A
26.15,83.75,0.0,0.0,0.0,7.169999837875366,8.004999831318855,0.0,0,BIHAR_2022_09_02,2022-09-02,NRSC_Sentinel1A
26.15,83.85,0.0,0.0,0.6599999703466892,9.879999611526728,10.584999591112137,0.0,0,BIHAR_2022_09_02,2022-09-02,NRSC_Sentinel1A
26.15,83.95,0.0,0.0,0.0,0.5649999678134918,1.0049999505281448,0.0,0,BIHAR_2022_09_02,2022-09-02,NRSC_Sentinel1A
26.15,84.049995,0.0649999976158142,0.0649999976158142,0.0649999976158142,2.429999925196171,2.989999920129776,0.0,0,BIHAR_2022_09_02,2022-09-02,NRSC_Sentinel1A
26.15,84.15,0.0649999976158142,0.0649999976158142,0.0649999976158142,3.274999938905239,3.789999932050705,0.0,0,BIHAR_2022_09_02,2022-09-02,NRSC_Sentinel1A
26.15,84.25,0.0649999976158142,0.0649999976158142,0.0649999976158142,3.3299998939037323,4.049999870359898,0.0,0,BIHAR_2022_09_02,2022-09-02,NRSC_Sentinel1A
26.15,84.35,0.0649999976158142,0.0649999976158142,0.0649999976158142,3.5699998810887337,4.334999851882458,0.0,0,BIHAR_2022_09_02,2022-09-02,NRSC_Sentinel1A
26.15,84.45,0.0649999976158142,0.0649999976158142,0.0649999976158142,0.6749999821186066,2.239999920129776,0.0,0,BIHAR_2022_09_02,2022-09-02,NRSC_Sentinel1A
26.15,84.549995,0.0,0.0,0.0,0.6399999782443047,2.9799998896196485,0.0,0,BIHAR_2022_09_02,2022-09-02,NRSC_Sentinel1A
26.15,84.65,0.0,0.0850000008940696,0.0850000008940696,1.009999956935644,3.2699998766183853,0.0,0,BIHAR_2022_09_02,2022-09-02,NRSC_Sentinel1A
26.15,84.75,0.0,0.0,0.0,2.0299999602139,3.609999906271696,0.0,0,BIHAR_2022_09_02,2022-09-02,NRSC_Sentinel1A
26.15,84.85,0.0549999997019767,0.0549999997019767,0.0549999997019767,1.909999971278012,3.124999931082129,0.0,0,BIHAR_2022_09_02,2022-09-02,NRSC_Sentinel1A
26.15,84.95,0.0549999997019767,0.0549999997019767,0.0549999997019767,6.059999816119671,6.789999806322157,0.0,0,BIHAR_2022_09_02,2022-09-02,NRSC_Sentinel1A
26.15,85.049995,0.0,0.0,0.0,4.044999875128269,4.349999868310988,0.0,0,BIHAR_2022_09_02,2022-09-02,NRSC_Sentinel1A
26.15,85.15,0.0,0.0,0.0,2.4399999789893627,2.7799999713897705,0.0,0,BIHAR_2022_09_02,2022-09-02,NRSC_Sentinel1A
26.15,85.25,0.0,0.0,0.0,5.284999884665012,5.759999871253967,0.0,0,BIHAR_2022_09_02,2022-09-02,NRSC_Sentinel1A
26.15,85.35,0.0,0.0,0.0,1.4599999710917473,2.3249999657273293,0.0,0,BIHAR_2022_09_02,2022-09-02,NRSC_Sentinel1A
26.15,85.45,0.0,0.0,0.0,2.7249999195337296,4.81499981880188,0.0,0,BIHAR_2022_09_02,2022-09-02,NRSC_Sentinel1A
26.15,85.549995,0.0,0.0,0.0,0.0,2.259999990463257,0.0,0,BIHAR_2022_09_02,2022-09-02,NRSC_Sentinel1A
26.15,85.65,0.0,0.0,0.044999998062849,0.044999998062849,1.3850000016391275,0.0,0,BIHAR_2022_09_02,2022-09-02,NRSC_Sentinel1A
26.15,85.75,0.0,0.0,0.0,0.0,1.1499999668449163,0.0,0,BIHAR_2022_09_02,2022-09-02,NRSC_Sentinel1A
26.15,85.85,0.0,0.0,0.0749999955296516,0.0749999955296516,0.9349999874830246,0.0,0,BIHAR_2022_09_02,2022-09-02,NRSC_Sentinel1A
26.15,85.95,0.0,0.0,0.0,0.0,2.199999950826168,0.0,0,BIHAR_2022_09_02,2022-09-02,NRSC_Sentinel1A
26.15,86.049995,0.0,0.0,0.0,0.0,3.074999839067459,0.0,0,BIHAR_2022_09_02,2022-09-02,NRSC_Sentinel1A
26.15,86.15,0.0,0.0,0.0,0.0,1.9249999821186063,0.0,0,BIHAR_2022_09_02,2022-09-02,NRSC_Sentinel1A
26.15,86.25,0.0,0.044999998062849,0.2649999968707561,0.2649999968707561,2.0149999745190144,0.0,0,BIHAR_2022_09_02,2022-09-02,NRSC_Sentinel1A
26.15,86.35,0.0,0.1149999946355819,0.5099999755620956,0.5099999755620956,2.299999952316284,0.0,0,BIHAR_2022_09_02,2022-09-02,NRSC_Sentinel1A
26.15,86.45,0.0,0.25,1.579999923706055,1.579999923706055,4.434999905526638,0.0,0,BIHAR_2022_09_02,2022-09-02,NRSC_Sentinel1A
26.15,86.549995,0.0,0.9549999833106996,2.599999964237213,2.599999964237213,5.5149999260902405,0.0,0,BIHAR_2022_09_02,2022-09-02,NRSC_Sentinel1A
26.15,86.65,0.0,2.424999952316284,4.5149999260902405,4.5149999260902405,6.974999807775021,0.0,0,BIHAR_2022_09_02,2022-09-02,NRSC_Sentinel1A
26.15,86.75,0.2399999946355819,1.364999994635582,3.7049999088048935,3.7049999088048935,5.364999860525131,0.0,0,BIHAR_2022_09_02,2022-09-02,NRSC_Sentinel1A
26.15,86.85,0.2849999889731407,0.8349999859929085,3.189999930560589,3.189999930560589,4.174999892711639,0.0,0,BIHAR_2022_09_02,2022-09-02,NRSC_Sentinel1A
26.15,86.95,0.4449999779462814,0.8449999634176493,2.024999955669045,2.024999955669045,2.6099999537691474,0.0,0,BIHAR_2022_09_02,2022-09-02,NRSC_Sentinel1A
26.15,87.049995,0.5349999815225601,1.0349999517202375,1.5799999432638288,1.899999936111272,3.629999880678952,0.0,0,BIHAR_2022_09_02,2022-09-02,NRSC_Sentinel1A
26.15,87.15,0.6949999928474426,1.3149999771267176,2.174999976530671,2.974999973550439,4.99499992467463,0.0,0,BIHAR_2022_09_02,2022-09-02,NRSC_Sentinel1A
26.15,87.25,0.6849999725818634,1.559999942779541,3.05499991774559,4.149999916553497,9.469999864697456,0.0,0,BIHAR_2022_09_02,2022-09-02,NRSC_Sentinel1A
26.15,87.35,0.7749999761581421,1.709999978542328,3.069999948143959,3.92999991774559,14.474999636411669,0.0,0,BIHAR_2022_09_02,2022-09-02,NRSC_Sentinel1A
26.15,87.45,1.92499989271164,3.244999870657921,5.544999822974205,7.049999751150608,14.379999704658983,0.0,0,BIHAR_2022_09_02,2022-09-02,NRSC_Sentinel1A
26.15,87.549995,0.8449999988079071,2.0149999856948853,4.27499994635582,7.464999862015247,8.434999838471413,0.0,0,BIHAR_2022_09_02,2022-09-02,NRSC_Sentinel1A
26.15,87.65,0.9449999630451202,1.8549999594688416,3.849999874830246,7.134999804198742,7.674999795854092,0.0,0,BIHAR_2022_09_02,2022-09-02,NRSC_Sentinel1A
26.15,87.75,0.5899999737739563,1.4049999713897705,3.409999907016754,5.709999844431877,6.519999831914902,0.0,0,BIHAR_2022_09_02,2022-09-02,NRSC_Sentinel1A
26.15,87.85,1.3899999856948853,2.1749999821186066,4.124999940395355,5.33999992813915,6.819999917410314,0.0,0,BIHAR_2022_09_02,2022-09-02,NRSC_Sentinel1A
26.15,87.95,1.0249999463558197,2.929999902844429,6.259999796748161,6.774999767541885,8.61999972909689,0.0,0,BIHAR_2022_09_02,2022-09-02,NRSC_Sentinel1A
26.15,88.049995,1.7899999618530271,4.574999928474426,7.979999899864197,8.49999986588955,10.994999825954435,0.0,0,BIHAR_2022_09_02,2022-09-02,NRSC_Sentinel1A
26.15,88.15,0.5899999886751175,3.51499991118908,6.584999784827232,6.999999783933163,9.889999747276306,0.0,0,BIHAR_2022_09_02,2022-09-02,NRSC_Sentinel1A
26.15,88.25,0.2800000011920929,2.834999948740005,6.809999823570252,7.779999792575836,10.024999737739565,0.0,0,BIHAR_2022_09_02,2022-09-02,NRSC_Sentinel1A
26.15,88.35,0.199999988079071,1.8849999606609344,4.739999920129776,5.954999863170087,7.47499983664602,0.0,0,BIHAR_2022_09_02,2022-09-02,NRSC_Sentinel1A
26.15,88.45,0.0749999955296516,1.324999950826168,3.8249998912215233,5.659999813884497,7.174999762326479,0.0,0,BIHAR_2022_09_02,2022-09-02,NRSC_Sentinel1A
26.25,83.049995,0.089999996125698,0.089999996125698,15.394999347627165,46.91999877989292,47.96499876398593,0.0,0,BIHAR_2022_09_02,2022-09-02,NRSC_Sentinel1A
26.25,83.15,0.089999996125698,0.089999996125698,8.074999891221523,39.6499992236495,40.654999209567904,0.0,0,BIHAR_2022_09_02,2022-09-02,NRSC_Sentinel1A
26.25,83.25,0.0949999988079071,0.0949999988079071,0.0949999988079071,8.144999668002129,9.674999628216028,0.0,0,BIHAR_2022_09_02,2022-09-02,NRSC_Sentinel1A
26.25,83.35,0.0,0.1949999928474426,0.3299999879673123,11.904999745078385,13.479999709874392,0.0,0,BIHAR_2022_09_02,2022-09-02,NRSC_Sentinel1A
26.25,83.45,0.1049999967217445,0.684999980032444,0.684999980032444,4.429999940097332,5.55499987769872,0.0,0,BIHAR_2022_09_02,2022-09-02,NRSC_Sentinel1A
26.25,83.549995,0.0999999940395355,0.2749999910593033,0.2749999910593033,2.869999937713146,3.479999924078584,0.0,0,BIHAR_2022_09_02,2022-09-02,NRSC_Sentinel1A
26.25,83.65,0.0999999940395355,0.0999999940395355,0.0999999940395355,2.864999920129776,3.3399999057874084,0.0,0,BIHAR_2022_09_02,2022-09-02,NRSC_Sentinel1A
26.25,83.75,0.0999999940395355,0.0999999940395355,0.0999999940395355,4.449999913573265,4.799999907612801,0.0,0,BIHAR_2022_09_02,2022-09-02,NRSC_Sentinel1A
26.25,83.85,0.089999996125698,0.089999996125698,0.089999996125698,4.069999881088734,4.564999870955944,0.0,0,BIHAR_2022_09_02,2022-09-02,NRSC_Sentinel1A
26.25,83.95,0.0,0.0,0.0,4.699999898672104,5.149999890476465,0.0,0,BIHAR_2022_09_02,2022-09-02,NRSC_Sentinel1A
26.25,84.049995,0.0649999976158142,0.0649999976158142,0.0649999976158142,5.569999858736992,5.94999984651804,0.0,0,BIHAR_2022_09_02,2022-09-02,NRSC_Sentinel1A
26.25,84.15,0.0649999976158142,0.0649999976158142,0.0649999976158142,4.514999963343144,4.949999943375588,0.0,0,BIHAR_2022_09_02,2022-09-02,NRSC_Sentinel1A
26.25,84.25,0.0599999986588954,0.0599999986588954,0.0599999986588954,3.234999973326921,3.854999952018261,0.0,0,BIHAR_2022_09_02,2022-09-02,NRSC_Sentinel1A
26.25,84.35,0.0,0.0,0.0,3.059999890625477,3.709999870508909,0.0,0,BIHAR_2022_09_02,2022-09-02,NRSC_Sentinel1A
26.25,84.45,0.0,0.0,0.0,1.644999958574772,2.714999955147505,0.0,0,BIHAR_2022_09_02,2022-09-02,NRSC_Sentinel1A
26.25,84.549995,0.0,0.0,0.0,0.4499999918043613,1.5799999684095385,0.0,0,BIHAR_2022_09_02,2022-09-02,NRSC_Sentinel1A
26.25,84.65,0.0599999986588954,0.0599999986588954,0.0599999986588954,1.3299999721348286,2.619999933987856,0.0,0,BIHAR_2022_09_02,2022-09-02,NRSC_Sentinel1A
26.25,84.75,0.0549999997019767,0.0549999997019767,0.0549999997019767,1.3799999803304672,2.419999983161688,0.0,0,BIHAR_2022_09_02,2022-09-02,NRSC_Sentinel1A
26.25,84.85,0.0499999970197677,0.0499999970197677,0.0499999970197677,1.829999977722764,2.35999998357147,0.0,0,BIHAR_2022_09_02,2022-09-02,NRSC_Sentinel1A
26.25,84.95,0.0,0.0,0.0,6.284999862313271,6.7599998489022255,0.0,0,BIHAR_2022_09_02,2022-09-02,NRSC_Sentinel1A
26.25,85.049995,0.0,0.0,0.0,4.374999865889549,4.669999860227108,0.0,0,BIHAR_2022_09_02,2022-09-02,NRSC_Sentinel1A
26.25,85.15,0.0,0.0049999998882412,0.0049999998882412,2.0849999459460378,2.3599999444559216,0.0,0,BIHAR_2022_09_02,2022-09-02,NRSC_Sentinel1A
26.25,85.25,0.0,0.0,0.0,4.239999797195196,4.479999791830778,0.0,0,BIHAR_2022_09_02,2022-09-02,NRSC_Sentinel1A
26.25,85.35,0.0,0.0,0.0,0.8749999888241291,1.1649999804794788,0.0,0,BIHAR_2022_09_02,2022-09-02,NRSC_Sentinel1A
26.25,85.45,0.0,0.0,0.0,0.0,0.4099999889731407,0.0,0,BIHAR_2022_09_02,2022-09-02,NRSC_Sentinel1A
26.25,85.549995,0.0,0.0,0.0,0.0,0.2549999896436929,0.0,0,BIHAR_2022_09_02,2022-09-02,NRSC_Sentinel1A
26.25,85.65,0.0,0.0,0.0099999997764825,0.0099999997764825,0.2699999902397394,0.0,0,BIHAR_2022_09_02,2022-09-02,NRSC_Sentinel1A
26.25,85.75,0.1099999994039535,0.1099999994039535,0.1099999994039535,0.1099999994039535,0.7299999743700027,0.0,0,BIHAR_2022_09_02,2022-09-02,NRSC_Sentinel1A
26.25,85.85,0.0,0.0,0.0199999995529651,0.0199999995529651,0.5749999918043613,0.0,0,BIHAR_2022_09_02,2022-09-02,NRSC_Sentinel1A
26.25,85.95,0.0,0.0,0.0,0.0,0.6449999809265137,0.0,0,BIHAR_2022_09_02,2022-09-02,NRSC_Sentinel1A
26.25,86.049995,0.0,0.0,0.0,0.0,0.7449999749660492,0.0,0,BIHAR_2022_09_02,2022-09-02,NRSC_Sentinel1A
26.25,86.15,0.0,0.0,0.0,0.0,0.7699999809265137,0.0,0,BIHAR_2022_09_02,2022-09-02,NRSC_Sentinel1A
26.25,86.25,0.0,0.0,0.0,0.0,0.5699999928474426,0.0,0,BIHAR_2022_09_02,2022-09-02,NRSC_Sentinel1A
26.25,86.35,0.0,0.0,0.0599999986588954,0.0599999986588954,0.5099999867379665,0.0,0,BIHAR_2022_09_02,2022-09-02,NRSC_Sentinel1A
26.25,86.45,0.0,0.1949999928474426,0.8399999737739563,0.8399999737739563,1.839999943971634,0.0,0,BIHAR_2022_09_02,2022-09-02,NRSC_Sentinel1A
26.25,86.549995,0.209999993443489,1.0899999886751175,1.7999999597668648,1.7999999597668648,2.8449999541044235,0.0,0,BIHAR_2022_09_02,2022-09-02,NRSC_Sentinel1A
26.25,86.65,0.2899999916553497,2.869999893009662,3.5099998833611608,3.5099998833611608,4.074999866075814,0.0,0,BIHAR_2022_09_02,2022-09-02,NRSC_Sentinel1A
26.25,86.75,0.2349999994039535,2.429999843239784,3.2049998342990875,3.2049998342990875,3.659999817609787,0.0,0,BIHAR_2022_09_02,2022-09-02,NRSC_Sentinel1A
26.25,86.85,0.375,1.5499999523162842,2.3499999344348907,2.3499999344348907,2.814999915659428,0.0,0,BIHAR_2022_09_02,2022-09-02,NRSC_Sentinel1A
26.25,86.95,0.3949999958276748,1.0899999737739563,1.399999976158142,1.399999976158142,2.2399999499320984,0.0,0,BIHAR_2022_09_02,2022-09-02,NRSC_Sentinel1A
26.25,87.049995,0.629999965429306,1.2749999519437551,2.204999921843409,2.794999910518527,4.574999896809459,0.0,0,BIHAR_2022_09_02,2022-09-02,NRSC_Sentinel1A
26.25,87.15,1.3049999475479126,2.189999938011169,3.1149999126791954,3.704999901354313,10.024999760091305,0.0,0,BIHAR_2022_09_02,2022-09-02,NRSC_Sentinel1A
26.25,87.25,1.6949999928474426,3.3249999284744263,4.814999893307686,6.05499987769872,13.349999715574086,0.0,0,BIHAR_2022_09_02,2022-09-02,NRSC_Sentinel1A
26.25,87.35,1.5949999690055847,3.754999876022339,5.114999830722809,6.38999979943037,13.864999666810036,0.0,0,BIHAR_2022_09_02,2022-09-02,NRSC_Sentinel1A
26.25,87.45,1.919999957084656,4.559999883174896,6.0149998515844345,7.799999833106995,12.44499972462654,0.0,0,BIHAR_2022_09_02,2022-09-02,NRSC_Sentinel1A
26.25,87.549995,2.9099998474121094,6.179999768733978,8.099999755620956,12.414999708533289,13.549999676644802,0.0,0,BIHAR_2022_09_02,2022-09-02,NRSC_Sentinel1A
26.25,87.65,2.959999918937683,6.6499998569488525,9.484999775886536,14.03999961167574,15.52499956637621,0.0,0,BIHAR_2022_09_02,2022-09-02,NRSC_Sentinel1A
26.25,87.75,3.4349998235702515,7.139999628067017,9.969999611377716,11.834999546408651,13.584999524056911,0.0,0,BIHAR_2022_09_02,2022-09-02,NRSC_Sentinel1A
26.25,87.85,1.5949999690055847,5.664999842643738,9.269999712705612,10.75999966263771,12.454999634996057,0.0,0,BIHAR_2022_09_02,2022-09-02,NRSC_Sentinel1A
26.25,87.95,2.5049999952316284,6.479999840259552,10.014999777078629,11.294999733567238,12.859999686479568,0.0,0,BIHAR_2022_09_02,2022-09-02,NRSC_Sentinel1A
26.25,88.049995,2.399999976158142,6.289999842643738,9.72499978542328,10.834999740123749,12.229999668896198,0.0,0,BIHAR_2022_09_02,2022-09-02,NRSC_Sentinel1A
26.25,88.15,1.8199999332427976,5.439999759197235,8.804999679327011,9.174999660812318,10.424999645911155,0.0,0,BIHAR_2022_09_02,2022-09-02,NRSC_Sentinel1A
26.25,88.25,1.5049999356269836,5.059999823570252,10.23999971151352,11.55999967455864,12.29999966919422,0.0,0,BIHAR_2022_09_02,2022-09-02,NRSC_Sentinel1A
26.25,88.35,1.6999999284744265,4.449999913573265,8.49999986588955,9.889999829232693,10.714999802410604,0.0,0,BIHAR_2022_09_02,2022-09-02,NRSC_Sentinel1A
26.25,88.45,0.3849999904632568,3.114999935030937,6.8699998408555984,9.809999823570251,10.374999818392098,0.0,0,BIHAR_2022_09_02,2022-09-02,NRSC_Sentinel1A
26.349998,83.049995,0.2849999889731407,0.6249999776482582,0.6249999776482582,12.58999965339899,13.699999626725912,0.0,0,BIHAR_2022_09_02,2022-09-02,NRSC_Sentinel1A
26.349998,83.15,0.2699999958276748,0.41499999538064,0.41499999538064,10.649999622255564,11.484999600797892,0.0,0,BIHAR_2022_09_02,2022-09-02,NRSC_Sentinel1A
26.349998,83.25,0.2749999910593033,0.3799999877810478,0.5349999889731407,15.424999438226225,16.23499943036586,0.0,0,BIHAR_2022_09_02,2022-09-02,NRSC_Sentinel1A
26.349998,83.35,0.324999988079071,0.6999999731779099,0.9649999663233756,10.22499980777502,11.11499976925552,0.0,0,BIHAR_2022_09_02,2022-09-02,NRSC_Sentinel1A
26.349998,83.45,0.3199999928474426,0.7299999743700027,1.2249999716877935,5.034999921917915,5.55499991774559,0.0,0,BIHAR_2022_09_02,2022-09-02,NRSC_Sentinel1A
26.349998,83.549995,0.2149999961256981,0.449999988079071,1.625,3.77499994635582,4.274999924004078,0.0,0,BIHAR_2022_09_02,2022-09-02,NRSC_Sentinel1A
26.349998,83.65,0.1599999964237213,0.1599999964237213,2.409999921917916,7.384999714791775,7.884999703615904,0.0,0,BIHAR_2022_09_02,2022-09-02,NRSC_Sentinel1A
26.349998,83.75,0.0949999988079071,0.0949999988079071,5.014999821782112,11.104999728500845,11.644999704323707,0.0,0,BIHAR_2022_09_02,2022-09-02,NRSC_Sentinel1A
26.349998,83.85,0.1700000017881393,0.1700000017881393,1.1150000095367432,10.26999967545271,10.829999670386314,0.0,0,BIHAR_2022_09_02,2022-09-02,NRSC_Sentinel1A
26.349998,83.95,0.0,0.0,0.0,10.649999782443048,11.109999768435957,0.0,0,BIHAR_2022_09_02,2022-09-02,NRSC_Sentinel1A
26.349998,84.049995,0.0700000002980232,0.0700000002980232,0.0700000002980232,8.044999860227108,8.424999848008156,0.0,0,BIHAR_2022_09_02,2022-09-02,NRSC_Sentinel1A
26.349998,84.15,0.0749999955296516,0.0749999955296516,0.0749999955296516,4.094999946653843,4.554999947547913,0.0,0,BIHAR_2022_09_02,2022-09-02,NRSC_Sentinel1A
26.349998,84.25,0.0,0.0,0.0,2.1249999403953552,2.629999943077564,0.0,0,BIHAR_2022_09_02,2022-09-02,NRSC_Sentinel1A
26.349998,84.35,0.0,0.0,0.0,1.2449999703094363,1.8049999475479128,0.0,0,BIHAR_2022_09_02,2022-09-02,NRSC_Sentinel1A
26.349998,84.45,0.0,0.0,0.0,1.404999965801835,2.134999955072999,0.0,0,BIHAR_2022_09_02,2022-09-02,NRSC_Sentinel1A
26.349998,84.549995,0.0,0.0,0.0,1.0149999810382724,1.7049999563023448,0.0,0,BIHAR_2022_09_02,2022-09-02,NRSC_Sentinel1A
26.349998,84.65,0.0,0.0,0.0,1.6199999675154686,2.5249999538064003,0.0,0,BIHAR_2022_09_02,2022-09-02,NRSC_Sentinel1A
26.349998,84.75,0.0,0.0,0.0,1.1299999803304672,1.7999999783933165,0.0,0,BIHAR_2022_09_02,2022-09-02,NRSC_Sentinel1A
26.349998,84.85,0.0,0.0,0.0,1.0899999411776662,1.6499999249354005,0.0,0,BIHAR_2022_09_02,2022-09-02,NRSC_Sentinel1A
26.349998,84.95,0.0,0.0,0.0,4.694999933242798,5.149999912828207,0.0,0,BIHAR_2022_09_02,2022-09-02,NRSC_Sentinel1A
26.349998,85.049995,0.0,0.0499999970197677,0.0499999970197677,1.1899999529123306,1.4449999472126365,0.0,0,BIHAR_2022_09_02,2022-09-02,NRSC_Sentinel1A
26.349998,85.15,0.0,0.1049999967217445,0.1049999967217445,0.1049999967217445,0.3849999904632568,0.0,0,BIHAR_2022_09_02,2022-09-02,NRSC_Sentinel1A
26.349998,85.25,0.0,0.0,0.0,0.3299999795854091,0.6449999697506428,0.0,0,BIHAR_2022_09_02,2022-09-02,NRSC_Sentinel1A
26.349998,85.35,0.0,0.0,0.0,0.0,0.3349999934434891,0.0,0,BIHAR_2022_09_02,2022-09-02,NRSC_Sentinel1A
26.349998,85.45,0.0700000002980232,0.0700000002980232,0.0700000002980232,0.0700000002980232,0.449999988079071,0.0,0,BIHAR_2022_09_02,2022-09-02,NRSC_Sentinel1A
26.349998,85.549995,0.2499999925494194,0.2499999925494194,0.2499999925494194,0.2499999925494194,0.9099999666213988,0.0,0,BIHAR_2022_09_02,2022-09-02,NRSC_Sentinel1A
26.349998,85.65,0.1199999973177909,0.1199999973177909,0.1199999973177909,0.1199999973177909,1.0149999409914017,0.0,0,BIHAR_2022_09_02,2022-09-02,NRSC_Sentinel1A
26.349998,85.75,0.3149999976158142,0.3149999976158142,0.3149999976158142,0.3149999976158142,1.5649999976158142,0.0,0,BIHAR_2022_09_02,2022-09-02,NRSC_Sentinel1A
26.349998,85.85,0.4199999868869781,0.4199999868869781,0.4199999868869781,0.4199999868869781,1.3199999630451202,0.0,0,BIHAR_2022_09_02,2022-09-02,NRSC_Sentinel1A
26.349998,85.95,0.2849999964237213,0.2849999964237213,0.2849999964237213,0.2849999964237213,0.7849999740719795,0.0,0,BIHAR_2022_09_02,2022-09-02,NRSC_Sentinel1A
26.349998,86.049995,0.2399999946355819,0.2399999946355819,0.2399999946355819,0.2399999946355819,0.8099999874830246,0.0,0,BIHAR_2022_09_02,2022-09-02,NRSC_Sentinel1A
26.349998,86.15,0.1349999904632568,0.1349999904632568,0.1349999904632568,0.1349999904632568,0.7999999672174454,0.0,0,BIHAR_2022_09_02,2022-09-02,NRSC_Sentinel1A
26.349998,86.25,0.1649999916553497,0.1649999916553497,0.1649999916553497,0.1649999916553497,0.7049999833106995,0.0,0,BIHAR_2022_09_02,2022-09-02,NRSC_Sentinel1A
26.349998,86.35,0.1400000005960464,0.1400000005960464,0.1400000005960464,0.1400000005960464,0.6199999898672104,0.0,0,BIHAR_2022_09_02,2022-09-02,NRSC_Sentinel1A
26.349998,86.45,0.1449999958276748,0.3099999874830246,0.3199999872595072,0.3199999872595072,0.7849999684840441,0.0,0,BIHAR_2022_09_02,2022-09-02,NRSC_Sentinel1A
26.349998,86.549995,0.5149999856948853,1.184999942779541,1.22999994084239,1.22999994084239,1.8699999265372755,0.0,0,BIHAR_2022_09_02,2022-09-02,NRSC_Sentinel1A
26.349998,86.65,0.554999977350235,3.5250000059604645,3.5250000059604645,3.5250000059604645,4.049999997019768,0.0,0,BIHAR_2022_09_02,2022-09-02,NRSC_Sentinel1A
26.349998,86.75,0.5849999934434891,3.1800000220537186,3.18500002194196,3.18500002194196,3.770000007934868,0.0,0,BIHAR_2022_09_02,2022-09-02,NRSC_Sentinel1A
26.349998,86.85,0.6099999845027924,2.1999999582767487,2.219999957829714,2.219999957829714,3.499999944120645,0.0,0,BIHAR_2022_09_02,2022-09-02,NRSC_Sentinel1A
26.349998,86.95,0.8749999701976776,2.014999955892563,2.014999955892563,2.014999955892563,4.159999892115593,0.0,0,BIHAR_2022_09_02,2022-09-02,NRSC_Sentinel1A
26.349998,87.049995,1.0049999952316284,2.344999998807907,2.9699999764561653,3.259999968111515,6.609999900683761,0.0,0,BIHAR_2022_09_02,2022-09-02,NRSC_Sentinel1A
26.349998,87.15,1.3299999833106997,2.9949999302625656,3.6299999076873055,3.919999899342656,7.61499978043139,0.0,0,BIHAR_2022_09_02,2022-09-02,NRSC_Sentinel1A
26.349998,87.25,1.3499999642372131,3.6549999117851257,4.544999896548688,5.134999885223806,9.099999818950891,0.0,0,BIHAR_2022_09_02,2022-09-02,NRSC_Sentinel1A
26.349998,87.35,2.459999918937683,5.164999842643738,6.019999824464321,6.649999804794788,10.329999677836897,0.0,0,BIHAR_2022_09_02,2022-09-02,NRSC_Sentinel1A
26.349998,87.45,2.9299999475479126,6.059999823570252,7.444999784231186,8.859999746084213,12.219999641180038,0.0,0,BIHAR_2022_09_02,2022-09-02,NRSC_Sentinel1A
26.349998,87.549995,3.534999966621399,7.189999938011169,8.694999888539314,11.419999785721302,15.169999703764915,0.0,0,BIHAR_2022_09_02,2022-09-02,NRSC_Sentinel1A
26.349998,87.65,4.444999933242798,8.744999825954437,11.81999972462654,16.079999670386314,20.88999959826469,0.0,0,BIHAR_2022_09_02,2022-09-02,NRSC_Sentinel1A
26.349998,87.75,6.634999752044678,11.689999550580978,14.814999490976334,16.97499942779541,22.769999355077744,0.0,0,BIHAR_2022_09_02,2022-09-02,NRSC_Sentinel1A
26.349998,87.85,4.340000033378601,11.199999928474426,16.139999866485596,18.11999981105328,24.70499989390373,0.0,0,BIHAR_2022_09_02,2022-09-02,NRSC_Sentinel1A
26.349998,87.95,4.074999928474426,10.90999960899353,16.09499943256378,18.53499940037728,23.3849992454052,0.0,0,BIHAR_2022_09_02,2022-09-02,NRSC_Sentinel1A
26.349998,88.049995,3.7499998807907104,9.544999837875366,14.974999636411669,16.724999591708183,19.44999947398901,0.0,0,BIHAR_2022_09_02,2022-09-02,NRSC_Sentinel1A
26.349998,88.15,4.139999985694885,9.864999890327454,14.589999824762344,15.359999790787697,17.15499969571829,0.0,0,BIHAR_2022_09_02,2022-09-02,NRSC_Sentinel1A
26.349998,88.25,3.834999918937683,9.614999890327454,14.084999680519104,14.619999662041664,15.559999629855156,0.0,0,BIHAR_2022_09_02,2022-09-02,NRSC_Sentinel1A
26.349998,88.35,2.814999938011169,8.259999811649323,12.669999837875366,13.6799997985363,14.17999978736043,0.0,0,BIHAR_2022_09_02,2022-09-02,NRSC_Sentinel1A
26.349998,88.45,2.809999942779541,7.574999809265137,11.68499967455864,14.094999596476557,14.56999957561493,0.0,0,BIHAR_2022_09_02,2022-09-02,NRSC_Sentinel1A
26.449999,83.049995,0.5349999964237213,1.834999978542328,1.834999978542328,9.059999734163284,9.74999970383942,0.0,0,BIHAR_2022_09_02,2022-09-02,NRSC_Sentinel1A
26.449999,83.15,0.5149999856948853,1.5799999311566353,1.5799999311566353,6.199999839067459,6.944999814033508,0.0,0,BIHAR_2022_09_02,2022-09-02,NRSC_Sentinel1A
26.449999,83.25,0.8349999785423279,2.129999935626984,2.129999935626984,6.224999845027924,6.684999834746122,0.0,0,BIHAR_2022_09_02,2022-09-02,NRSC_Sentinel1A
26.449999,83.35,0.9549999833106996,1.8399999737739563,1.874999973922968,5.634999860078096,6.094999846071005,0.0,0,BIHAR_2022_09_02,2022-09-02,NRSC_Sentinel1A
26.449999,83.45,1.3399999737739563,2.519999951124192,2.5899999514222145,3.699999935925007,4.0249999314546585,0.0,0,BIHAR_2022_09_02,2022-09-02,NRSC_Sentinel1A
26.449999,83.549995,0.3999999761581421,0.7949999645352364,1.3399999476969242,1.64999995008111,1.944999942556024,0.0,0,BIHAR_2022_09_02,2022-09-02,NRSC_Sentinel1A
26.449999,83.65,0.385000005364418,0.4800000041723251,1.044999998062849,4.514999937266111,5.064999923110008,0.0,0,BIHAR_2022_09_02,2022-09-02,NRSC_Sentinel1A
26.449999,83.75,0.199999988079071,0.199999988079071,0.3499999791383743,5.494999907910824,6.4049998968839645,0.0,0,BIHAR_2022_09_02,2022-09-02,NRSC_Sentinel1A
26.449999,83.85,0.2750000059604645,0.375,0.5300000011920929,7.929999843239784,8.529999821446836,0.0,0,BIHAR_2022_09_02,2022-09-02,NRSC_Sentinel1A
26.449999,83.95,0.0999999940395355,0.1799999922513961,0.19499999191612,8.4849998569116,8.839999853633344,0.0,0,BIHAR_2022_09_02,2022-09-02,NRSC_Sentinel1A
26.449999,84.049995,0.0999999940395355,0.0999999940395355,0.0999999940395355,10.379999473690988,10.859999462030828,0.0,0,BIHAR_2022_09_02,2022-09-02,NRSC_Sentinel1A
26.449999,84.15,0.0,0.0,0.0149999996647238,6.329999960027635,6.899999941699207,0.0,0,BIHAR_2022_09_02,2022-09-02,NRSC_Sentinel1A
26.449999,84.25,0.0,0.0,0.0149999996647238,5.389999791048467,6.024999772198498,0.0,0,BIHAR_2022_09_02,2022-09-02,NRSC_Sentinel1A
26.449999,84.35,0.0,0.0,0.0,4.749999895691872,5.4399998700246215,0.0,0,BIHAR_2022_09_02,2022-09-02,NRSC_Sentinel1A
26.449999,84.45,0.0,0.0,0.0,6.424999825656414,6.97999981790781,0.0,0,BIHAR_2022_09_02,2022-09-02,NRSC_Sentinel1A
26.449999,84.549995,0.0,0.0,0.0,5.7699998170137405,6.239999800920487,0.0,0,BIHAR_2022_09_02,2022-09-02,NRSC_Sentinel1A
26.449999,84.65,0.0,0.0,0.0,6.559999920427799,6.92999991029501,0.0,0,BIHAR_2022_09_02,2022-09-02,NRSC_Sentinel1A
26.449999,84.75,0.0,0.0,0.0,4.69999997317791,4.984999965876341,0.0,0,BIHAR_2022_09_02,2022-09-02,NRSC_Sentinel1A
26.449999,84.85,0.0599999986588954,0.0599999986588954,0.0599999986588954,2.434999894350767,2.7599998861551285,0.0,0,BIHAR_2022_09_02,2022-09-02,NRSC_Sentinel1A
26.449999,84.95,0.0499999970197677,0.0499999970197677,0.0499999970197677,0.6999999769032001,0.929999972693622,0.0,0,BIHAR_2022_09_02,2022-09-02,NRSC_Sentinel1A
26.449999,85.049995,0.0700000002980232,0.0750000001862645,0.0750000001862645,0.7499999720603228,0.984999967738986,0.0,0,BIHAR_2022_09_02,2022-09-02,NRSC_Sentinel1A
26.449999,85.15,0.1499999910593032,0.2599999904632568,0.2599999904632568,0.2599999904632568,0.5349999889731407,0.0,0,BIHAR_2022_09_02,2022-09-02,NRSC_Sentinel1A
26.449999,85.25,0.1400000005960464,0.1400000005960464,0.1400000005960464,0.1400000005960464,0.4099999964237213,0.0,0,BIHAR_2022_09_02,2022-09-02,NRSC_Sentinel1A
26.449999,85.35,0.1399999931454658,0.1399999931454658,0.1399999931454658,0.1399999931454658,0.514999981969595,0.0,0,BIHAR_2022_09_02,2022-09-02,NRSC_Sentinel1A
26.449999,85.45,0.2599999904632568,0.3499999856576323,0.3499999856576323,0.3499999856576323,1.0649999668821692,0.0,0,BIHAR_2022_09_02,2022-09-02,NRSC_Sentinel1A
26.449999,85.549995,0.2299999967217445,0.809999980032444,0.809999980032444,0.809999980032444,2.7499999292194843,0.0,0,BIHAR_2022_09_02,2022-09-02,NRSC_Sentinel1A
26.449999,85.65,0.3099999874830246,0.8699999824166298,0.8699999824166298,0.8699999824166298,4.419999919831753,0.0,0,BIHAR_2022_09_02,2022-09-02,NRSC_Sentinel1A
26.449999,85.75,0.9999999701976776,1.3199999555945396,1.3199999555945396,1.3199999555945396,5.919999845325947,0.0,0,BIHAR_2022_09_02,2022-09-02,NRSC_Sentinel1A
26.449999,85.85,1.090000003576279,1.409999996423721,1.409999996423721,1.409999996423721,6.429999776184559,0.0,0,BIHAR_2022_09_02,2022-09-02,NRSC_Sentinel1A
26.449999,85.95,1.1549999713897705,1.3599999696016312,1.3599999696016312,1.3599999696016312,5.449999831616879,0.0,0,BIHAR_2022_09_02,2022-09-02,NRSC_Sentinel1A
26.449999,86.049995,0.1400000005960464,0.2699999958276748,0.2699999958276748,0.2699999958276748,4.534999862313271,0.0,0,BIHAR_2022_09_02,2022-09-02,NRSC_Sentinel1A
26.449999,86.15,0.4949999749660492,0.4949999749660492,0.4949999749660492,0.4949999749660492,4.059999838471413,0.0,0,BIHAR_2022_09_02,2022-09-02,NRSC_Sentinel1A
26.449999,86.25,0.5699999779462814,0.6649999767541885,0.6649999767541885,0.6649999767541885,2.379999943077564,0.0,0,BIHAR_2022_09_02,2022-09-02,NRSC_Sentinel1A
26.449999,86.35,0.8199999779462814,0.8199999779462814,0.8199999779462814,0.8199999779462814,2.709999918937683,0.0,0,BIHAR_2022_09_02,2022-09-02,NRSC_Sentinel1A
26.449999,86.45,1.3199999630451202,1.3199999630451202,1.3199999630451202,1.3199999630451202,2.2299999417737126,0.0,0,BIHAR_2022_09_02,2022-09-02,NRSC_Sentinel1A
26.449999,86.549995,0.4549999833106994,0.9099999666213988,0.9099999666213988,0.9099999666213988,1.3899999558925629,0.0,0,BIHAR_2022_09_02,2022-09-02,NRSC_Sentinel1A
26.449999,86.65,0.5899999886751175,2.014999970793724,2.014999970793724,2.014999970793724,2.6999999284744263,0.0,0,BIHAR_2022_09_02,2022-09-02,NRSC_Sentinel1A
26.449999,86.75,0.5149999856948853,1.829999923706055,1.939999923110008,1.939999923110008,2.4049999117851257,0.0,0,BIHAR_2022_09_02,2022-09-02,NRSC_Sentinel1A
26.449999,86.85,0.8099999725818634,2.414999909698963,2.5149999037384987,2.5149999037384987,3.039999894797802,0.0,0,BIHAR_2022_09_02,2022-09-02,NRSC_Sentinel1A
26.449999,86.95,1.1799999475479126,2.8549998998641968,2.9549998939037323,2.9549998939037323,3.739999862387776,0.0,0,BIHAR_2022_09_02,2022-09-02,NRSC_Sentinel1A
26.449999,87.049995,1.6199999451637268,3.404999881982804,3.849999879486859,3.974999879486859,4.859999862499535,0.0,0,BIHAR_2022_09_02,2022-09-02,NRSC_Sentinel1A
26.449999,87.15,1.7899999618530271,3.8749999403953552,4.384999915957451,4.59499990940094,5.5899998769164085,0.0,0,BIHAR_2022_09_02,2022-09-02,NRSC_Sentinel1A
26.449999,87.25,3.225000023841858,5.969999894499779,6.699999876320362,7.264999868348241,8.444999838247895,0.0,0,BIHAR_2022_09_02,2022-09-02,NRSC_Sentinel1A
26.449999,87.35,2.9049999713897705,6.379999876022339,7.879999861121178,8.504999838769436,9.809999807737768,0.0,0,BIHAR_2022_09_02,2022-09-02,NRSC_Sentinel1A
26.449999,87.45,3.9049999713897705,8.544999778270721,10.219999760389328,11.254999734461308,13.204999692738056,0.0,0,BIHAR_2022_09_02,2022-09-02,NRSC_Sentinel1A
26.449999,87.549995,4.014999866485596,10.179999709129332,12.084999680519104,13.389999650418758,16.754999555647373,0.0,0,BIHAR_2022_09_02,2022-09-02,NRSC_Sentinel1A
26.449999,87.65,4.93999981880188,10.959999680519104,14.769999563694,16.654999494552612,22.00999942421913,0.0,0,BIHAR_2022_09_02,2022-09-02,NRSC_Sentinel1A
26.449999,87.75,4.809999942779541,10.679999828338625,14.56999972462654,16.704999655485153,23.029999379068613,0.0,0,BIHAR_2022_09_02,2022-09-02,NRSC_Sentinel1A
26.449999,87.85,4.034999966621399,10.489999771118164,16.18999969959259,21.03999947756529,26.90999947488308,0.0,0,BIHAR_2022_09_02,2022-09-02,NRSC_Sentinel1A
26.449999,87.95,4.234999775886536,10.484999656677246,15.934999525547028,21.67999954521656,27.04499945789576,0.0,0,BIHAR_2022_09_02,2022-09-02,NRSC_Sentinel1A
26.449999,88.049995,4.074999928474426,10.12999975681305,15.374999701976776,19.744999557733536,22.74999949336052,0.0,0,BIHAR_2022_09_02,2022-09-02,NRSC_Sentinel1A
26.449999,88.15,4.579999923706055,11.259999990463257,18.97499972581864,21.89499976485968,23.65499972552061,0.0,0,BIHAR_2022_09_02,2022-09-02,NRSC_Sentinel1A
26.449999,88.25,3.8049999475479126,10.43999981880188,17.40999972820282,19.33999964594841,19.98499962408096,0.0,0,BIHAR_2022_09_02,2022-09-02,NRSC_Sentinel1A
26.449999,88.35,3.6899999380111694,10.90499985218048,17.56999960541725,19.439999546855688,19.93499952927232,0.0,0,BIHAR_2022_09_02,2022-09-02,NRSC_Sentinel1A
26.449999,88.45,5.539999961853027,13.644999861717224,20.21999973058701,21.3099996894598,21.789999675005674,0.0,0,BIHAR_2022_09_02,2022-09-02,NRSC_Sentinel1A
26.55,83.049995,0.7949999868869781,2.064999967813492,2.064999967813492,5.099999934434891,5.554999927058816,0.0,0,BIHAR_2022_09_02,2022-09-02,NRSC_Sentinel1A
26.55,83.15,0.9949999749660492,2.4649999141693115,2.4649999141693115,4.329999879002571,4.774999871850014,0.0,0,BIHAR_2022_09_02,2022-09-02,NRSC_Sentinel1A
26.55,83.25,1.0550000071525574,2.6749999821186066,2.6749999821186066,4.739999912679195,4.9549999088048935,0.0,0,BIHAR_2022_09_02,2022-09-02,NRSC_Sentinel1A
26.55,83.35,1.2750000059604645,2.774999976158142,2.7849999759346247,4.004999963566661,4.344999959692359,0.0,0,BIHAR_2022_09_02,2022-09-02,NRSC_Sentinel1A
26.55,83.45,1.2649999558925629,2.9049999117851257,3.034999911673367,4.029999886639416,4.264999879524112,0.0,0,BIHAR_2022_09_02,2022-09-02,NRSC_Sentinel1A
26.55,83.549995,0.7599999904632568,1.9999999552965164,2.1199999526143074,4.174999862909317,4.884999841451645,0.0,0,BIHAR_2022_09_02,2022-09-02,NRSC_Sentinel1A
26.55,83.65,0.4450000077486038,0.7299999967217445,0.9099999889731408,4.50499988347292,5.59499984420836,0.0,0,BIHAR_2022_09_02,2022-09-02,NRSC_Sentinel1A
26.55,83.75,0.5399999916553497,0.7549999877810478,0.7549999877810478,5.914999894797802,6.969999872148037,0.0,0,BIHAR_2022_09_02,2022-09-02,NRSC_Sentinel1A
26.55,83.85,0.5849999785423279,0.8499999642372131,0.8499999642372131,5.539999917149544,6.324999893084168,0.0,0,BIHAR_2022_09_02,2022-09-02,NRSC_Sentinel1A
26.55,83.95,0.1099999994039535,0.2299999967217445,0.2299999967217445,4.634999953210354,4.999999939464033,0.0,0,BIHAR_2022_09_02,2022-09-02,NRSC_Sentinel1A
26.55,84.049995,0.1749999970197677,0.1999999955296516,0.1999999955296516,6.260000042617321,6.850000031292439,0.0,0,BIHAR_2022_09_02,2022-09-02,NRSC_Sentinel1A
26.55,84.15,0.1099999994039535,0.1099999994039535,0.5899999737739563,5.449999816715717,6.669999790377915,0.0,0,BIHAR_2022_09_02,2022-09-02,NRSC_Sentinel1A
26.55,84.25,0.0,0.0,6.329999923706055,11.28499971330166,12.294999670237305,0.0,0,BIHAR_2022_09_02,2022-09-02,NRSC_Sentinel1A
26.55,84.35,0.0,0.0,2.689999967813492,12.534999594092367,13.244999574497342,0.0,0,BIHAR_2022_09_02,2022-09-02,NRSC_Sentinel1A
26.55,84.45,0.0,0.0,1.81499994546175,12.79999952018261,13.279999509453772,0.0,0,BIHAR_2022_09_02,2022-09-02,NRSC_Sentinel1A
26.55,84.549995,0.0,0.0,0.98999996855855,11.74499967508018,12.139999669976532,0.0,0,BIHAR_2022_09_02,2022-09-02,NRSC_Sentinel1A
26.55,84.65,0.0649999976158142,0.0649999976158142,1.1099999593570828,9.13499962259084,9.524999615736306,0.0,0,BIHAR_2022_09_02,2022-09-02,NRSC_Sentinel1A
26.55,84.75,0.0749999955296516,0.0749999955296516,0.8199999975040555,6.949999851174653,7.28999984357506,0.0,0,BIHAR_2022_09_02,2022-09-02,NRSC_Sentinel1A
26.55,84.85,0.0700000002980232,0.0700000002980232,0.0700000002980232,3.769999898970127,4.029999889433384,0.0,0,BIHAR_2022_09_02,2022-09-02,NRSC_Sentinel1A
26.55,84.95,0.1299999952316284,0.1299999952316284,0.1299999952316284,1.2399999722838402,1.5649999603629112,0.0,0,BIHAR_2022_09_02,2022-09-02,NRSC_Sentinel1A
26.55,85.049995,0.1700000017881393,0.1700000017881393,0.1700000017881393,1.1649999767541883,1.469999961555004,0.0,0,BIHAR_2022_09_02,2022-09-02,NRSC_Sentinel1A
26.55,85.15,0.1849999949336052,0.2849999945610761,0.2849999945610761,0.6099999826401472,1.039999982342124,0.0,0,BIHAR_2022_09_02,2022-09-02,NRSC_Sentinel1A
26.55,85.25,0.3599999994039535,0.4399999976158142,0.4399999976158142,0.7949999943375587,1.5599999595433474,0.0,0,BIHAR_2022_09_02,2022-09-02,NRSC_Sentinel1A
26.55,85.35,0.5349999815225601,0.6399999782443047,0.6399999782443047,0.839999970048666,2.4849999360740185,0.0,0,BIHAR_2022_09_02,2022-09-02,NRSC_Sentinel1A
26.55,85.45,0.5649999976158142,0.9999999850988388,0.9999999850988388,1.1899999752640724,4.039999896660447,0.0,0,BIHAR_2022_09_02,2022-09-02,NRSC_Sentinel1A
26.55,85.549995,0.7499999701976776,2.459999904036522,2.459999904036522,2.6049998998641968,7.754999861121178,0.0,0,BIHAR_2022_09_02,2022-09-02,NRSC_Sentinel1A
26.55,85.65,0.9449999928474426,2.365000009536743,2.365000009536743,2.365000009536743,7.909999787807465,0.0,0,BIHAR_2022_09_02,2022-09-02,NRSC_Sentinel1A
26.55,85.75,1.819999873638153,2.794999845325947,2.794999845325947,2.794999845325947,8.134999744594097,0.0,0,BIHAR_2022_09_02,2022-09-02,NRSC_Sentinel1A
26.55,85.85,3.339999794960022,4.4649997651577,4.4649997651577,4.4649997651577,10.974999733269216,0.0,0,BIHAR_2022_09_02,2022-09-02,NRSC_Sentinel1A
26.55,85.95,2.959999918937683,3.994999885559082,3.994999885559082,3.994999885559082,9.664999693632126,0.0,0,BIHAR_2022_09_02,2022-09-02,NRSC_Sentinel1A
26.55,86.049995,1.594999998807907,2.269999973475933,2.269999973475933,2.269999973475933,7.959999822080135,0.0,0,BIHAR_2022_09_02,2022-09-02,NRSC_Sentinel1A
26.55,86.15,1.8199999928474424,2.0399999916553497,2.1599999889731407,2.1599999889731407,6.689999878406525,0.0,0,BIHAR_2022_09_02,2022-09-02,NRSC_Sentinel1A
26.55,86.25,2.1799999475479126,2.6999999284744263,2.799999922513962,2.799999922513962,6.389999859035015,0.0,0,BIHAR_2022_09_02,2022-09-02,NRSC_Sentinel1A
26.55,86.35,4.449999928474426,5.239999920129776,5.239999920129776,5.239999920129776,8.854999803006649,0.0,0,BIHAR_2022_09_02,2022-09-02,NRSC_Sentinel1A
26.55,86.45,3.284999966621399,4.824999958276749,4.824999958276749,4.824999958276749,7.164999917149544,0.0,0,BIHAR_2022_09_02,2022-09-02,NRSC_Sentinel1A
26.55,86.549995,1.4849999248981476,2.584999904036522,2.584999904036522,2.584999904036522,3.4999998807907104,0.0,0,BIHAR_2022_09_02,2022-09-02,NRSC_Sentinel1A
26.55,86.65,1.0999999642372131,2.574999898672104,2.574999898672104,2.574999898672104,2.979999884963036,0.0,0,BIHAR_2022_09_02,2022-09-02,NRSC_Sentinel1A
26.55,86.75,2.6549999713897705,4.3949998915195465,4.3949998915195465,4.3949998915195465,4.814999878406525,0.0,0,BIHAR_2022_09_02,2022-09-02,NRSC_Sentinel1A
26.55,86.85,1.574999988079071,4.060000017285347,4.1700000166893005,4.1700000166893005,4.595000006258488,0.0,0,BIHAR_2022_09_02,2022-09-02,NRSC_Sentinel1A
26.55,86.95,1.6799999475479126,3.969999924302101,4.799999901093543,4.929999896325171,5.329999872483313,0.0,0,BIHAR_2022_09_02,2022-09-02,NRSC_Sentinel1A
26.55,87.049995,1.7299999594688416,3.934999912977218,4.899999883957207,4.899999883957207,5.319999867118895,0.0,0,BIHAR_2022_09_02,2022-09-02,NRSC_Sentinel1A
26.55,87.15,3.169999837875366,5.764999717473984,7.609999656677246,8.029999643564224,8.58999963849783,0.0,0,BIHAR_2022_09_02,2022-09-02,NRSC_Sentinel1A
26.55,87.25,3.019999861717224,6.074999779462814,8.12999975681305,8.719999730587006,9.594999723136423,0.0,0,BIHAR_2022_09_02,2022-09-02,NRSC_Sentinel1A
26.55,87.35,7.104999780654907,10.194999665021896,12.189999669790268,12.43499966710806,13.339999631047249,0.0,0,BIHAR_2022_09_02,2022-09-02,NRSC_Sentinel1A
26.55,87.45,9.854999542236328,16.399999618530273,18.80999955534935,19.079999543726444,20.269999511539936,0.0,0,BIHAR_2022_09_02,2022-09-02,NRSC_Sentinel1A
26.55,87.549995,4.644999980926514,13.054999828338625,15.28999973833561,15.774999737739565,17.26999969035387,0.0,0,BIHAR_2022_09_02,2022-09-02,NRSC_Sentinel1A
26.55,87.65,7.089999914169312,15.404999613761902,19.869999557733536,21.00999953597784,22.874999474734068,0.0,0,BIHAR_2022_09_02,2022-09-02,NRSC_Sentinel1A
26.55,87.75,6.489999771118164,14.924999475479126,21.68999934196472,24.329999320209023,25.98499926924705,0.0,0,BIHAR_2022_09_02,2022-09-02,NRSC_Sentinel1A
26.55,87.85,4.854999780654907,12.959999442100523,22.919999301433563,28.45999911427498,29.62999906390905,0.0,0,BIHAR_2022_09_02,2022-09-02,NRSC_Sentinel1A
26.55,87.95,3.989999771118164,11.904999613761902,20.28499948978424,30.169999308884144,30.94499928504229,0.0,0,BIHAR_2022_09_02,2022-09-02,NRSC_Sentinel1A
26.55,88.049995,3.240000009536743,11.524999856948853,21.104999661445618,26.56999945640564,27.214999429881573,0.0,0,BIHAR_2022_09_02,2022-09-02,NRSC_Sentinel1A
26.55,88.15,3.804999828338623,11.459999680519104,20.18999946117401,23.30999945104122,23.839999433606863,0.0,0,BIHAR_2022_09_02,2022-09-02,NRSC_Sentinel1A
26.55,88.25,3.009999871253968,10.074999690055847,17.599999487400055,20.314999379217625,20.569999374449253,0.0,0,BIHAR_2022_09_02,2022-09-02,NRSC_Sentinel1A
26.55,88.35,3.509999871253968,10.90999960899353,18.804999351501465,21.18999924510717,21.524999238550663,0.0,0,BIHAR_2022_09_02,2022-09-02,NRSC_Sentinel1A
26.55,88.45,4.864999890327454,13.494999647140505,23.594999372959137,25.069999299943447,25.38499929383397,0.0,0,BIHAR_2022_09_02,2022-09-02,NRSC_Sentinel1A
26.65,83.049995,2.1049998998641968,3.3199998661875725,3.3199998661875725,4.254999850876629,4.369999845512211,0.0,0,BIHAR_2022_09_02,2022-09-02,NRSC_Sentinel1A
26.65,83.15,2.084999978542328,3.7649999409914017,3.7649999409914017,4.414999923668802,4.414999923668802,0.0,0,BIHAR_2022_09_02,2022-09-02,NRSC_Sentinel1A
26.65,83.25,2.309999942779541,4.449999898672104,4.6299998909235,4.734999887645245,4.734999887645245,0.0,0,BIHAR_2022_09_02,2022-09-02,NRSC_Sentinel1A
26.65,83.35,1.7699999809265137,2.954999953508377,2.954999953508377,3.14999994635582,3.14999994635582,0.0,0,BIHAR_2022_09_02,2022-09-02,NRSC_Sentinel1A
26.65,83.45,1.5600000023841858,2.864999994635582,2.864999994635582,2.989999994635582,3.2049999879673123,0.0,0,BIHAR_2022_09_02,2022-09-02,NRSC_Sentinel1A
26.65,83.549995,1.4249999523162842,2.799999922513962,2.799999922513962,2.9249999206513166,3.3449999149888754,0.0,0,BIHAR_2022_09_02,2022-09-02,NRSC_Sentinel1A
26.65,83.65,1.1549999713897705,1.6849999725818634,1.6849999725818634,1.9299999698996544,2.6599999517202377,0.0,0,BIHAR_2022_09_02,2022-09-02,NRSC_Sentinel1A
26.65,83.75,1.2149999737739563,1.5449999757111073,1.5449999757111073,1.8899999745190144,2.874999951571226,0.0,0,BIHAR_2022_09_02,2022-09-02,NRSC_Sentinel1A
26.65,83.85,1.3699999451637268,1.7099999487400055,1.7099999487400055,2.9549999237060547,4.049999885261059,0.0,0,BIHAR_2022_09_02,2022-09-02,NRSC_Sentinel1A
26.65,83.95,1.3399999737739563,1.6699999570846558,1.6699999570846558,4.519999861717224,5.124999847263098,0.0,0,BIHAR_2022_09_02,2022-09-02,NRSC_Sentinel1A
26.65,84.049995,0.8399999737739563,1.0999999716877935,1.0999999716877935,8.134999744594097,9.079999726265669,0.0,0,BIHAR_2022_09_02,2022-09-02,NRSC_Sentinel1A
26.65,84.15,0.3499999940395355,0.3499999940395355,1.469999983906746,6.444999806582928,9.94499983638525,0.0,0,BIHAR_2022_09_02,2022-09-02,NRSC_Sentinel1A
26.65,84.25,0.1700000017881393,0.1700000017881393,1.5249999202787876,6.28499985858798,7.14999982714653,0.0,0,BIHAR_2022_09_02,2022-09-02,NRSC_Sentinel1A
26.65,84.35,0.1099999994039535,0.1099999994039535,2.704999951645732,7.569999931380153,8.054999923333526,0.0,0,BIHAR_2022_09_02,2022-09-02,NRSC_Sentinel1A
26.65,84.45,0.1049999967217445,0.1049999967217445,3.9299998935312033,10.364999672397971,10.489999669604003,0.0,0,BIHAR_2022_09_02,2022-09-02,NRSC_Sentinel1A
26.65,84.549995,0.089999996125698,0.089999996125698,4.550000093877316,9.929999999701977,10.144999988377094,0.0,0,BIHAR_2022_09_02,2022-09-02,NRSC_Sentinel1A
26.65,84.65,0.0949999988079071,0.0949999988079071,3.479999989271164,9.549999848008156,10.104999832808971,0.0,0,BIHAR_2022_09_02,2022-09-02,NRSC_Sentinel1A
26.65,84.75,0.1649999991059303,0.1649999991059303,2.0899999514222145,5.964999832212925,6.379999823868275,0.0,0,BIHAR_2022_09_02,2022-09-02,NRSC_Sentinel1A
26.65,84.85,0.1499999910593032,0.1499999910593032,0.3399999886751175,3.7099998891353607,4.069999888539314,0.0,0,BIHAR_2022_09_02,2022-09-02,NRSC_Sentinel1A
26.65,84.95,0.1549999937415123,0.1549999937415123,0.1599999936297536,1.579999920912087,1.9299999149516225,0.0,0,BIHAR_2022_09_02,2022-09-02,NRSC_Sentinel1A
26.65,85.049995,0.1849999949336052,0.2549999952316284,0.2549999952316284,2.049999937415123,2.4049999341368675,0.0,0,BIHAR_2022_09_02,2022-09-02,NRSC_Sentinel1A
26.65,85.15,0.2899999916553497,0.3699999898672104,0.3699999898672104,1.659999966621399,2.024999958463013,0.0,0,BIHAR_2022_09_02,2022-09-02,NRSC_Sentinel1A
26.65,85.25,0.3999999910593033,0.4849999919533729,0.4849999919533729,0.9149999767541884,1.4199999682605269,0.0,0,BIHAR_2022_09_02,2022-09-02,NRSC_Sentinel1A
26.65,85.35,0.6199999749660492,0.7449999749660492,0.7449999749660492,1.02999996393919,1.5549999475479126,0.0,0,BIHAR_2022_09_02,2022-09-02,NRSC_Sentinel1A
26.65,85.45,0.8549999892711639,1.319999985396862,1.319999985396862,1.5299999862909317,2.9749999660998583,0.0,0,BIHAR_2022_09_02,2022-09-02,NRSC_Sentinel1A
26.65,85.549995,0.8899999856948853,1.959999978542328,1.959999978542328,2.0899999737739563,4.629999943077564,0.0,0,BIHAR_2022_09_02,2022-09-02,NRSC_Sentinel1A
26.65,85.65,2.2299999594688416,3.14499993622303,3.2449999302625656,3.344999924302101,6.1549998447299,0.0,0,BIHAR_2022_09_02,2022-09-02,NRSC_Sentinel1A
26.65,85.75,2.549999952316284,3.9049999117851257,4.00999990850687,4.219999901950359,7.644999891519546,0.0,0,BIHAR_2022_09_02,2022-09-02,NRSC_Sentinel1A
26.65,85.85,3.669999837875366,5.594999819993973,5.839999817311764,6.079999811947346,10.46499969251454,0.0,0,BIHAR_2022_09_02,2022-09-02,NRSC_Sentinel1A
26.65,85.95,3.5799999237060547,6.124999791383743,6.534999787807465,6.784999780356884,12.0399996265769,0.0,0,BIHAR_2022_09_02,2022-09-02,NRSC_Sentinel1A
26.65,86.049995,3.1799999475479126,5.6599999368190765,5.999999925494194,6.259999923408032,12.124999769032,0.0,0,BIHAR_2022_09_02,2022-09-02,NRSC_Sentinel1A
26.65,86.15,2.779999852180481,4.614999830722809,4.9849998280406,5.1099998280406,9.4199997484684,0.0,0,BIHAR_2022_09_02,2022-09-02,NRSC_Sentinel1A
26.65,86.25,3.774999976158142,5.5999999195337296,6.009999915957451,6.009999915957451,11.149999760091305,0.0,0,BIHAR_2022_09_02,2022-09-02,NRSC_Sentinel1A
26.65,86.35,4.744999885559082,6.264999836683273,6.264999836683273,6.264999836683273,11.804999843239784,0.0,0,BIHAR_2022_09_02,2022-09-02,NRSC_Sentinel1A
26.65,86.45,3.1549999713897705,5.054999947547913,6.369999921880662,6.369999921880662,10.989999759942291,0.0,0,BIHAR_2022_09_02,2022-09-02,NRSC_Sentinel1A
26.65,86.549995,5.234999895095825,6.5949998795986176,8.099999822676182,8.099999822676182,9.969999767839909,0.0,0,BIHAR_2022_09_02,2022-09-02,NRSC_Sentinel1A
26.65,86.65,5.7799999713897705,8.624999895691872,9.529999885708094,9.529999885708094,10.309999864548445,0.0,0,BIHAR_2022_09_02,2022-09-02,NRSC_Sentinel1A
26.65,86.75,7.524999856948851,11.694999754428864,12.499999735504389,12.499999735504389,14.11999971792102,0.0,0,BIHAR_2022_09_02,2022-09-02,NRSC_Sentinel1A
26.65,86.85,4.960000038146973,9.304999947547913,9.304999947547913,9.304999947547913,10.539999932050703,0.0,0,BIHAR_2022_09_02,2022-09-02,NRSC_Sentinel1A
26.65,86.95,5.164999961853027,10.064999908208849,10.07499990798533,10.07499990798533,10.98499988950789,0.0,0,BIHAR_2022_09_02,2022-09-02,NRSC_Sentinel1A
26.65,87.049995,5.2099997997283936,10.36999961733818,11.439999570138752,11.594999571330844,11.934999574907124,0.0,0,BIHAR_2022_09_02,2022-09-02,NRSC_Sentinel1A
26.65,87.15,6.074999809265137,11.949999809265137,13.859999746084211,14.519999735057354,14.774999737739565,0.0,0,BIHAR_2022_09_02,2022-09-02,NRSC_Sentinel1A
26.65,87.25,5.984999895095825,12.37499976158142,16.879999577999115,18.88499952480197,19.03999951854348,0.0,0,BIHAR_2022_09_02,2022-09-02,NRSC_Sentinel1A
26.65,87.35,9.109999656677246,15.489999413490295,19.8499992787838,20.5199992582202,20.5199992582202,0.0,0,BIHAR_2022_09_02,2022-09-02,NRSC_Sentinel1A
26.65,87.45,7.934999942779541,16.459999918937683,21.734999775886536,22.099999763071537,22.20499975979328,0.0,0,BIHAR_2022_09_02,2022-09-02,NRSC_Sentinel1A
26.65,87.549995,7.950000047683716,16.544999957084656,20.754999920725822,20.98499991185963,21.24499990977347,0.0,0,BIHAR_2022_09_02,2022-09-02,NRSC_Sentinel1A
26.65,87.65,7.669999837875366,16.424999713897705,21.59499962627888,22.384999610483646,22.884999595582485,0.0,0,BIHAR_2022_09_02,2022-09-02,NRSC_Sentinel1A
26.65,87.75,5.579999923706055,14.839999675750732,22.599999606609344,24.009999573230743,24.454999566078182,0.0,0,BIHAR_2022_09_02,2022-09-02,NRSC_Sentinel1A
26.65,87.85,8.390000104904175,17.944999933242798,27.40499991178513,30.1199998781085,30.58499986678362,0.0,0,BIHAR_2022_09_02,2022-09-02,NRSC_Sentinel1A
26.65,87.95,3.839999794960022,14.999999403953552,26.78999924659729,31.3949990272522,31.55499902367592,0.0,0,BIHAR_2022_09_02,2022-09-02,NRSC_Sentinel1A
26.65,88.049995,3.589999794960022,15.794999241828918,30.329999089241028,33.81999905407429,34.06499905139208,0.0,0,BIHAR_2022_09_02,2022-09-02,NRSC_Sentinel1A
26.65,88.15,3.459999918937683,14.574999690055847,27.019999623298645,29.61499957740307,29.82499957084656,0.0,0,BIHAR_2022_09_02,2022-09-02,NRSC_Sentinel1A
26.65,88.25,3.459999918937683,14.579999804496763,27.78499937057495,29.829999297857285,29.97999929636717,0.0,0,BIHAR_2022_09_02,2022-09-02,NRSC_Sentinel1A
26.65,88.35,4.999999761581421,16.329999446868896,29.6549990773201,31.35999903082848,31.61999902874232,0.0,0,BIHAR_2022_09_02,2022-09-02,NRSC_Sentinel1A
26.65,88.45,4.7499998807907104,16.804999709129333,27.52499943971634,29.304999440908432,29.69499942660332,0.0,0,BIHAR_2022_09_02,2022-09-02,NRSC_Sentinel1A
26.75,83.049995,2.789999961853028,4.409999950788915,4.409999950788915,4.954999952577055,5.1999999498948455,0.0,0,BIHAR_2022_09_02,2022-09-02,NRSC_Sentinel1A
26.75,83.15,2.4499999284744263,4.43499983754009,4.43499983754009,4.584999828599393,4.8049998274073005,0.0,0,BIHAR_2022_09_02,2022-09-02,NRSC_Sentinel1A
26.75,83.25,2.709999918937683,5.009999841451645,5.164999842643738,5.189999841153622,5.514999836683273,0.0,0,BIHAR_2022_09_02,2022-09-02,NRSC_Sentinel1A
26.75,83.35,2.244999945163727,3.399999920278788,3.399999920278788,3.4849999211728573,3.794999908655882,0.0,0,BIHAR_2022_09_02,2022-09-02,NRSC_Sentinel1A
26.75,83.45,2.115000009536743,3.144999984651804,3.144999984651804,3.2499999813735485,3.674999970942736,0.0,0,BIHAR_2022_09_02,2022-09-02,NRSC_Sentinel1A
26.75,83.549995,2.319999933242798,5.249999850988388,5.469999849796295,5.564999848604202,6.034999824129045,0.0,0,BIHAR_2022_09_02,2022-09-02,NRSC_Sentinel1A
26.75,83.65,1.9300000071525567,3.125,3.125,3.219999998807907,3.834999965503812,0.0,0,BIHAR_2022_09_02,2022-09-02,NRSC_Sentinel1A
26.75,83.75,1.4999999701976776,2.454999942332506,2.454999942332506,2.8849999345839024,3.539999912492931,0.0,0,BIHAR_2022_09_02,2022-09-02,NRSC_Sentinel1A
26.75,83.85,1.2949999570846558,1.9349999576807024,1.9349999576807024,3.6899998784065247,4.939999863505364,0.0,0,BIHAR_2022_09_02,2022-09-02,NRSC_Sentinel1A
26.75,83.95,1.2699999511241913,1.8849999457597733,1.8849999457597733,4.839999869465828,5.549999853596091,0.0,0,BIHAR_2022_09_02,2022-09-02,NRSC_Sentinel1A
26.75,84.049995,0.8299999833106995,1.284999966621399,1.284999966621399,5.159999847412109,6.14499980956316,0.0,0,BIHAR_2022_09_02,2022-09-02,NRSC_Sentinel1A
26.75,84.15,0.5349999815225601,0.5349999815225601,0.5349999815225601,3.779999844729901,6.699999682605267,0.0,0,BIHAR_2022_09_02,2022-09-02,NRSC_Sentinel1A
26.75,84.25,0.2649999931454658,0.2649999931454658,1.7299999073147774,2.604999877512455,2.9399998635053635,0.0,0,BIHAR_2022_09_02,2022-09-02,NRSC_Sentinel1A
26.75,84.35,0.2149999961256981,0.2149999961256981,13.244999614544213,13.41999961156398,13.524999608285723,0.0,0,BIHAR_2022_09_02,2022-09-02,NRSC_Sentinel1A
26.75,84.45,0.20499999076128,0.20499999076128,15.594999827444552,16.464999832212925,17.0199998319149,0.0,0,BIHAR_2022_09_02,2022-09-02,NRSC_Sentinel1A
26.75,84.549995,0.1849999949336052,0.1849999949336052,17.059999994933605,18.824999943375587,20.6399999409914,0.0,0,BIHAR_2022_09_02,2022-09-02,NRSC_Sentinel1A
26.75,84.65,0.1949999928474426,0.2699999883770942,4.005000002682209,5.544999994337559,7.984999977052212,0.0,0,BIHAR_2022_09_02,2022-09-02,NRSC_Sentinel1A
26.75,84.75,0.2149999961256981,0.2899999916553497,1.1299999952316284,2.439999967813492,3.4149999246001244,0.0,0,BIHAR_2022_09_02,2022-09-02,NRSC_Sentinel1A
26.75,84.85,0.2299999967217445,0.3049999922513962,0.3799999877810478,3.749999903142452,5.354999832808971,0.0,0,BIHAR_2022_09_02,2022-09-02,NRSC_Sentinel1A
26.75,84.95,0.2349999919533729,0.3049999922513962,0.3049999922513962,2.07499997317791,2.414999969303608,0.0,0,BIHAR_2022_09_02,2022-09-02,NRSC_Sentinel1A
26.75,85.049995,0.4049999862909317,0.4799999818205833,0.4799999818205833,2.174999989569187,2.5249999836087227,0.0,0,BIHAR_2022_09_02,2022-09-02,NRSC_Sentinel1A
26.75,85.15,0.4799999892711639,0.6299999803304672,0.6299999803304672,2.149999938905239,2.5349999256432056,0.0,0,BIHAR_2022_09_02,2022-09-02,NRSC_Sentinel1A
26.75,85.25,0.6749999821186066,0.9849999696016312,1.3149999603629112,2.8899999484419823,3.264999937266112,0.0,0,BIHAR_2022_09_02,2022-09-02,NRSC_Sentinel1A
26.75,85.35,0.7449999749660492,1.1699999645352364,1.914999935775996,4.254999909549952,4.57999990042299,0.0,0,BIHAR_2022_09_02,2022-09-02,NRSC_Sentinel1A
26.75,85.45,1.309999942779541,1.989999908953905,2.434999901801348,5.789999816566706,6.609999794512987,0.0,0,BIHAR_2022_09_02,2022-09-02,NRSC_Sentinel1A
26.75,85.549995,1.284999966621399,1.999999947845936,2.224999941885472,5.824999861419201,6.649999834597111,0.0,0,BIHAR_2022_09_02,2022-09-02,NRSC_Sentinel1A
26.75,85.65,2.554999887943268,3.5449998937547207,3.929999876767397,7.939999762922525,9.249999690800903,0.0,0,BIHAR_2022_09_02,2022-09-02,NRSC_Sentinel1A
26.75,85.75,3.649999976158142,5.199999943375588,5.6599999368190765,9.0499999076128,11.46499989181757,0.0,0,BIHAR_2022_09_02,2022-09-02,NRSC_Sentinel1A
26.75,85.85,3.399999976158142,5.199999898672104,5.454999893903732,8.249999836087227,11.889999721199274,0.0,0,BIHAR_2022_09_02,2022-09-02,NRSC_Sentinel1A
26.75,85.95,4.384999990463257,6.819999992847443,6.819999992847443,6.969999983906746,12.779999896883965,0.0,0,BIHAR_2022_09_02,2022-09-02,NRSC_Sentinel1A
26.75,86.049995,4.484999895095825,7.509999752044678,7.509999752044678,7.649999752640724,13.88999957498163,0.0,0,BIHAR_2022_09_02,2022-09-02,NRSC_Sentinel1A
26.75,86.15,5.364999771118164,9.574999729171395,9.574999729171395,9.709999719634652,17.7299996484071,0.0,0,BIHAR_2022_09_02,2022-09-02,NRSC_Sentinel1A
26.75,86.25,5.079999923706055,10.59999978542328,11.184999763965608,11.184999763965608,20.064999632537365,0.0,0,BIHAR_2022_09_02,2022-09-02,NRSC_Sentinel1A
26.75,86.35,4.789999961853027,10.900000035762789,12.060000009834766,12.060000009834766,20.85999994445592,0.0,0,BIHAR_2022_09_02,2022-09-02,NRSC_Sentinel1A
26.75,86.45,5.8999998569488525,11.609999775886536,13.004999727010729,13.004999727010729,19.02999962773174,0.0,0,BIHAR_2022_09_02,2022-09-02,NRSC_Sentinel1A
26.75,86.549995,6.499999761581421,11.724999606609344,13.499999547377229,13.499999547377229,18.63499941304326,0.0,0,BIHAR_2022_09_02,2022-09-02,NRSC_Sentinel1A
26.75,86.65,5.599999666213989,11.45499962568283,13.599999581463637,13.599999581463637,17.994999502785504,0.0,0,BIHAR_2022_09_02,2022-09-02,NRSC_Sentinel1A
26.75,86.75,6.604999780654907,12.274999618530272,15.504999607801436,15.769999600946903,21.3399995341897,0.0,0,BIHAR_2022_09_02,2022-09-02,NRSC_Sentinel1A
26.75,86.85,6.214999675750732,11.469999611377716,14.34999956190586,14.529999554157255,18.72499948740005,0.0,0,BIHAR_2022_09_02,2022-09-02,NRSC_Sentinel1A
26.75,86.95,11.049999713897703,16.939999520778656,19.61499947309494,19.79999947547913,22.00999941676855,0.0,0,BIHAR_2022_09_02,2022-09-02,NRSC_Sentinel1A
26.75,87.049995,11.114999771118164,17.76499968767166,21.099999621510506,21.38999961316585,22.644999600946903,0.0,0,BIHAR_2022_09_02,2022-09-02,NRSC_Sentinel1A
26.75,87.15,6.34499979019165,15.244999706745148,18.57999962568283,19.00499960780144,19.674999594688416,0.0,0,BIHAR_2022_09_02,2022-09-02,NRSC_Sentinel1A
26.75,87.25,6.819999933242798,16.53499984741211,21.45999965071678,22.09499962627888,22.694999612867832,0.0,0,BIHAR_2022_09_02,2022-09-02,NRSC_Sentinel1A
26.75,87.35,4.669999837875366,14.514999508857729,20.39999943971634,21.04999941587448,21.579999409616,0.0,0,BIHAR_2022_09_02,2022-09-02,NRSC_Sentinel1A
26.75,87.45,6.949999570846558,15.06999945640564,20.444999307394028,20.68999930191785,20.78499930072576,0.0,0,BIHAR_2022_09_02,2022-09-02,NRSC_Sentinel1A
26.75,87.549995,3.859999895095825,11.674999594688416,18.459999442100525,18.869999423623085,19.06999941170216,0.0,0,BIHAR_2022_09_02,2022-09-02,NRSC_Sentinel1A
26.75,87.65,3.759999990463257,10.299999833106996,17.009999692440033,17.569999679923058,17.939999662339687,0.0,0,BIHAR_2022_09_02,2022-09-02,NRSC_Sentinel1A
26.75,87.75,3.254999876022339,10.46999979019165,21.629999458789825,22.98999944329261,23.18999943137169,0.0,0,BIHAR_2022_09_02,2022-09-02,NRSC_Sentinel1A
26.75,87.85,4.034999966621399,12.984999656677246,23.8399994969368,25.359999433159828,25.45499943196773,0.0,0,BIHAR_2022_09_02,2022-09-02,NRSC_Sentinel1A
26.75,87.95,3.4649999141693115,15.079999923706056,27.98999971151352,29.609999671578407,29.80999965965748,0.0,0,BIHAR_2022_09_02,2022-09-02,NRSC_Sentinel1A
26.75,88.049995,4.474999785423279,17.294999480247498,30.41499924659729,33.18499919772148,33.374999195337296,0.0,0,BIHAR_2022_09_02,2022-09-02,NRSC_Sentinel1A
26.75,88.15,5.614999771118164,18.684999465942383,32.79999911785126,35.70499902963638,35.8949990272522,0.0,0,BIHAR_2022_09_02,2022-09-02,NRSC_Sentinel1A
26.75,88.25,5.394999980926514,18.65999984741211,31.48499965667725,33.74499963223934,33.98499961942434,0.0,0,BIHAR_2022_09_02,2022-09-02,NRSC_Sentinel1A
26.75,88.35,6.369999885559082,21.109999418258667,35.964999198913574,38.79999905824661,39.18499904870987,0.0,0,BIHAR_2022_09_02,2022-09-02,NRSC_Sentinel1A
26.75,88.45,6.134999990463257,21.949999809265137,37.07499921321869,39.2549991607666,40.069999136030674,0.0,0,BIHAR_2022_09_02,2022-09-02,NRSC_Sentinel1A
26.849998,83.049995,3.529999852180481,7.999999791383743,8.759999781847,8.759999781847,9.41999976336956,0.0,0,BIHAR_2022_09_02,2022-09-02,NRSC_Sentinel1A
26.849998,83.15,5.43999981880188,10.704999834299088,11.479999840259552,11.479999840259552,12.124999813735483,0.0,0,BIHAR_2022_09_02,2022-09-02,NRSC_Sentinel1A
26.849998,83.25,5.6549999713897705,10.919999837875366,11.239999830722809,11.239999830722809,11.60499982535839,0.0,0,BIHAR_2022_09_02,2022-09-02,NRSC_Sentinel1A
26.849998,83.35,5.294999837875366,10.284999758005142,10.739999756217005,10.739999756217005,11.059999749064444,0.0,0,BIHAR_2022_09_02,2022-09-02,NRSC_Sentinel1A
26.849998,83.45,2.8649998903274536,6.144999802112579,6.354999795556068,6.35999979544431,6.799999785609543,0.0,0,BIHAR_2022_09_02,2022-09-02,NRSC_Sentinel1A
26.849998,83.549995,2.6299999952316284,5.589999914169312,5.794999912381172,5.819999910891056,6.25999990105629,0.0,0,BIHAR_2022_09_02,2022-09-02,NRSC_Sentinel1A
26.849998,83.65,2.334999918937683,3.644999861717224,3.644999861717224,3.644999861717224,4.084999848157167,0.0,0,BIHAR_2022_09_02,2022-09-02,NRSC_Sentinel1A
26.849998,83.75,2.049999952316284,3.099999949336052,3.099999949336052,3.4199999421834946,3.889999926090241,0.0,0,BIHAR_2022_09_02,2022-09-02,NRSC_Sentinel1A
26.849998,83.85,1.6850000023841858,2.9549999684095383,3.7999999336898327,5.254999909549952,6.229999885894358,0.0,0,BIHAR_2022_09_02,2022-09-02,NRSC_Sentinel1A
26.849998,83.95,0.9449999630451202,2.0249999165534973,3.374999895691872,4.904999889433384,5.87499987334013,0.0,0,BIHAR_2022_09_02,2022-09-02,NRSC_Sentinel1A
26.849998,84.049995,1.8650000095367432,3.9299999475479126,5.779999911785126,6.894999921321869,7.55499991029501,0.0,0,BIHAR_2022_09_02,2022-09-02,NRSC_Sentinel1A
26.849998,84.15,0.5549999922513962,1.1799999698996544,2.9599999459460378,4.1549999313429,5.144999888725579,0.0,0,BIHAR_2022_09_02,2022-09-02,NRSC_Sentinel1A
26.849998,84.25,0.2449999898672104,0.2449999898672104,2.269999846816063,2.3799998462200165,2.9599998351186514,0.0,0,BIHAR_2022_09_02,2022-09-02,NRSC_Sentinel1A
26.849998,84.35,0.2299999892711639,0.2299999892711639,9.094999760389328,9.094999760389328,9.65999974310398,0.0,0,BIHAR_2022_09_02,2022-09-02,NRSC_Sentinel1A
26.849998,84.45,0.2299999892711639,0.2299999892711639,3.594999998807907,3.7650000005960464,4.084999993443489,0.0,0,BIHAR_2022_09_02,2022-09-02,NRSC_Sentinel1A
26.849998,84.549995,0.199999988079071,0.199999988079071,2.1599999889731407,2.549999974668026,3.2349999621510506,0.0,0,BIHAR_2022_09_02,2022-09-02,NRSC_Sentinel1A
26.849998,84.65,0.2800000011920929,0.4549999982118606,1.0349999712780118,1.2149999672546985,3.359999888576567,0.0,0,BIHAR_2022_09_02,2022-09-02,NRSC_Sentinel1A
26.849998,84.75,0.2849999964237213,0.5449999943375587,1.4649999607354405,1.8999999556690448,2.249999949708581,0.0,0,BIHAR_2022_09_02,2022-09-02,NRSC_Sentinel1A
26.849998,84.85,0.2749999910593033,0.5399999842047691,1.649999963119626,3.779999883845449,4.10499987192452,0.0,0,BIHAR_2022_09_02,2022-09-02,NRSC_Sentinel1A
26.849998,84.95,0.5099999755620956,0.8499999642372131,3.224999845027924,5.699999801814556,6.104999788105488,0.0,0,BIHAR_2022_09_02,2022-09-02,NRSC_Sentinel1A
26.849998,85.049995,0.6049999892711639,0.7099999859929085,1.0799999684095385,3.564999870955944,3.899999864399433,0.0,0,BIHAR_2022_09_02,2022-09-02,NRSC_Sentinel1A
26.849998,85.15,0.9899999797344208,1.2949999794363976,1.90499996393919,4.759999930858612,5.099999924190342,0.0,0,BIHAR_2022_09_02,2022-09-02,NRSC_Sentinel1A
26.849998,85.25,1.2549999952316284,1.939999982714653,3.324999950826168,7.904999777674675,8.234999772161245,0.0,0,BIHAR_2022_09_02,2022-09-02,NRSC_Sentinel1A
26.849998,85.35,1.85999995470047,3.449999891221524,4.739999838173389,9.279999673366548,9.63499966263771,0.0,0,BIHAR_2022_09_02,2022-09-02,NRSC_Sentinel1A
26.849998,85.45,1.5649999380111694,4.364999860525131,7.399999707937241,12.544999569654465,13.41499955020845,0.0,0,BIHAR_2022_09_02,2022-09-02,NRSC_Sentinel1A
26.849998,85.549995,2.684999942779541,5.07999986410141,7.5199998170137405,12.059999793767927,13.054999761283398,0.0,0,BIHAR_2022_09_02,2022-09-02,NRSC_Sentinel1A
26.849998,85.65,3.684999942779541,6.289999842643738,7.589999817311764,12.809999652206898,14.754999577999117,0.0,0,BIHAR_2022_09_02,2022-09-02,NRSC_Sentinel1A
26.849998,85.75,4.384999990463257,6.844999954104424,7.074999943375588,12.15999984741211,18.484999626874924,0.0,0,BIHAR_2022_09_02,2022-09-02,NRSC_Sentinel1A
26.849998,85.85,5.034999847412109,7.44499970972538,7.654999703168869,12.324999555945396,16.93999955803156,0.0,0,BIHAR_2022_09_02,2022-09-02,NRSC_Sentinel1A
26.849998,85.95,4.049999833106995,7.309999793767929,7.309999793767929,11.189999744296074,17.109999656677246,0.0,0,BIHAR_2022_09_02,2022-09-02,NRSC_Sentinel1A
26.849998,86.049995,4.71999979019165,8.469999641180038,8.469999641180038,10.85499957203865,20.42499952018261,0.0,0,BIHAR_2022_09_02,2022-09-02,NRSC_Sentinel1A
26.849998,86.15,7.929999589920044,13.304999470710754,13.419999465346336,15.2649994045496,23.92999894171953,0.0,0,BIHAR_2022_09_02,2022-09-02,NRSC_Sentinel1A
26.849998,86.25,5.729999780654907,11.579999804496763,12.214999794960022,12.649999789893627,18.749999560415745,0.0,0,BIHAR_2022_09_02,2022-09-02,NRSC_Sentinel1A
26.849998,86.35,5.170000076293945,12.00499987602234,15.78499972820282,15.94499972462654,20.839999582618475,0.0,0,BIHAR_2022_09_02,2022-09-02,NRSC_Sentinel1A
26.849998,86.45,5.284999847412109,12.78499972820282,16.569999612867832,16.729999609291553,22.05499943345785,0.0,0,BIHAR_2022_09_02,2022-09-02,NRSC_Sentinel1A
26.849998,86.549995,4.56499981880188,12.089999794960022,15.759999677538872,15.869999676942824,21.51499953120947,0.0,0,BIHAR_2022_09_02,2022-09-02,NRSC_Sentinel1A
26.849998,86.65,4.9049999713897705,12.804999709129332,18.48499971628189,19.244999706745148,24.33499961346388,0.0,0,BIHAR_2022_09_02,2022-09-02,NRSC_Sentinel1A
26.849998,86.75,4.990000009536743,13.429999709129332,17.584999606013298,17.974999606609344,23.24999949336052,0.0,0,BIHAR_2022_09_02,2022-09-02,NRSC_Sentinel1A
26.849998,86.85,8.509999752044678,17.634999752044678,21.69999967515469,21.69999967515469,24.524999633431435,0.0,0,BIHAR_2022_09_02,2022-09-02,NRSC_Sentinel1A
26.849998,86.95,7.7099997997283936,19.054999589920044,22.57999951392412,22.91999950259924,24.454999461770058,0.0,0,BIHAR_2022_09_02,2022-09-02,NRSC_Sentinel1A
26.849998,87.049995,7.729999780654907,19.589999556541443,25.58999946713448,26.16999945044517,26.80499942600727,0.0,0,BIHAR_2022_09_02,2022-09-02,NRSC_Sentinel1A
26.849998,87.15,8.764999628067017,21.774999260902405,28.329999029636383,28.58999902009964,28.63499901816249,0.0,0,BIHAR_2022_09_02,2022-09-02,NRSC_Sentinel1A
26.849998,87.25,4.829999923706055,19.644999504089355,28.859999388456345,29.12999936938286,29.624999344348907,0.0,0,BIHAR_2022_09_02,2022-09-02,NRSC_Sentinel1A
26.849998,87.35,2.495000004768372,17.094999194145203,27.47999885678292,27.749998837709427,28.10499882698059,0.0,0,BIHAR_2022_09_02,2022-09-02,NRSC_Sentinel1A
26.849998,87.45,2.245000004768372,13.97499978542328,24.569999665021896,24.99999964237213,25.474999621510506,0.0,0,BIHAR_2022_09_02,2022-09-02,NRSC_Sentinel1A
26.849998,87.549995,4.144999861717224,13.104999780654907,24.72499942779541,25.63499942421913,26.12999940663576,0.0,0,BIHAR_2022_09_02,2022-09-02,NRSC_Sentinel1A
26.849998,87.65,2.609999895095825,10.984999656677246,20.019999563694,21.18999956548214,21.6299995481968,0.0,0,BIHAR_2022_09_02,2022-09-02,NRSC_Sentinel1A
26.849998,87.75,2.379999935626984,11.124999701976776,24.934999525547028,26.614999502897263,27.2399994879961,0.0,0,BIHAR_2022_09_02,2022-09-02,NRSC_Sentinel1A
26.849998,87.85,2.799999952316284,11.99999976158142,21.994999527931213,23.44999948143959,24.804999440908432,0.0,0,BIHAR_2022_09_02,2022-09-02,NRSC_Sentinel1A
26.849998,87.95,3.869999885559082,14.614999771118164,26.454999446868896,27.70999938249588,29.1899993121624,0.0,0,BIHAR_2022_09_02,2022-09-02,NRSC_Sentinel1A
26.849998,88.049995,4.639999747276306,15.509999632835388,28.50999927520752,31.719999194145203,33.61499913036823,0.0,0,BIHAR_2022_09_02,2022-09-02,NRSC_Sentinel1A
26.849998,88.15,4.639999985694885,18.00499999523163,36.274999260902405,40.01999914646149,41.839999079704285,0.0,0,BIHAR_2022_09_02,2022-09-02,NRSC_Sentinel1A
26.849998,88.25,4.869999885559082,19.43999934196472,36.60499882698059,39.40999872982502,40.7399986833334,0.0,0,BIHAR_2022_09_02,2022-09-02,NRSC_Sentinel1A
26.849998,88.35,7.049999713897705,23.26499938964844,42.15999913215637,45.329999051988125,46.19999901950359,0.0,0,BIHAR_2022_09_02,2022-09-02,NRSC_Sentinel1A
26.849998,88.45,5.799999713897705,22.40499925613404,40.1799989938736,43.2199989259243,44.00999890267849,0.0,0,BIHAR_2022_09_02,2022-09-02,NRSC_Sentinel1A
26.949999,83.049995,4.134999990463257,9.089999973773956,9.99999994970858,9.99999994970858,10.524999918416142,0.0,0,BIHAR_2022_09_02,2022-09-02,NRSC_Sentinel1A
26.949999,83.15,9.045000076293944,14.77999982237816,15.734999805688858,15.734999805688858,15.98499980289489,0.0,0,BIHAR_2022_09_02,2022-09-02,NRSC_Sentinel1A
26.949999,83.25,6.464999675750732,14.33499962091446,14.834999615326524,14.834999615326524,15.38499959744513,0.0,0,BIHAR_2022_09_02,2022-09-02,NRSC_Sentinel1A
26.949999,83.35,5.174999713897705,15.284999251365662,20.81499902158976,20.81499902158976,21.17499901354313,0.0,0,BIHAR_2022_09_02,2022-09-02,NRSC_Sentinel1A
26.949999,83.45,3.034999966621399,11.154999732971191,15.78499948978424,17.804999463260174,18.26999944448471,0.0,0,BIHAR_2022_09_02,2022-09-02,NRSC_Sentinel1A
26.949999,83.549995,2.299999952316284,9.264999866485596,13.16999977082014,14.9549997523427,15.24499974399805,0.0,0,BIHAR_2022_09_02,2022-09-02,NRSC_Sentinel1A
26.949999,83.65,1.884999930858612,5.679999828338623,9.049999728798866,13.009999580681324,13.51499956753105,0.0,0,BIHAR_2022_09_02,2022-09-02,NRSC_Sentinel1A
26.949999,83.75,2.244999885559082,5.654999852180481,6.949999801814556,10.789999693632126,11.564999666064978,0.0,0,BIHAR_2022_09_02,2022-09-02,NRSC_Sentinel1A
26.949999,83.85,1.809999942779541,4.909999847412109,6.049999852664769,8.884999771602452,12.234999598003924,0.0,0,BIHAR_2022_09_02,2022-09-02,NRSC_Sentinel1A
26.949999,83.95,0.7749999761581421,2.5949999392032623,4.199999921023846,5.064999915659428,6.104999884963036,0.0,0,BIHAR_2022_09_02,2022-09-02,NRSC_Sentinel1A
26.949999,84.049995,0.6649999916553497,2.539999961853028,4.574999928474426,5.029999911785126,5.649999893270433,0.0,0,BIHAR_2022_09_02,2022-09-02,NRSC_Sentinel1A
26.949999,84.15,0.3749999850988388,1.819999948143959,7.48999972641468,7.909999709576368,8.584999699145555,0.0,0,BIHAR_2022_09_02,2022-09-02,NRSC_Sentinel1A
26.949999,84.25,0.6099999845027924,1.0899999737739563,2.3249999210238457,2.3249999210238457,2.909999911673367,0.0,0,BIHAR_2022_09_02,2022-09-02,NRSC_Sentinel1A
26.949999,84.35,0.4499999806284904,0.8899999782443047,3.3499999456107616,3.3499999456107616,3.984999943524599,0.0,0,BIHAR_2022_09_02,2022-09-02,NRSC_Sentinel1A
26.949999,84.45,0.3149999901652336,0.6899999678134918,1.2449999451637268,1.2449999451637268,1.959999926388264,0.0,0,BIHAR_2022_09_02,2022-09-02,NRSC_Sentinel1A
26.949999,84.549995,0.2349999919533729,0.6149999871850014,1.2699999660253525,1.2699999660253525,1.7849999442696571,0.0,0,BIHAR_2022_09_02,2022-09-02,NRSC_Sentinel1A
26.949999,84.65,0.4050000011920929,0.824999988079071,1.5099999606609344,1.6049999613314867,2.1349999476224184,0.0,0,BIHAR_2022_09_02,2022-09-02,NRSC_Sentinel1A
26.949999,84.75,0.4799999892711639,1.094999976456165,2.664999984204769,3.124999977648258,3.684999965131283,0.0,0,BIHAR_2022_09_02,2022-09-02,NRSC_Sentinel1A
26.949999,84.85,0.4349999874830246,1.024999976158142,3.2449999153614044,4.904999822378159,5.529999800026417,0.0,0,BIHAR_2022_09_02,2022-09-02,NRSC_Sentinel1A
26.949999,84.95,0.7249999642372131,1.7249999344348907,4.339999914169312,6.834999822080135,7.254999816417694,0.0,0,BIHAR_2022_09_02,2022-09-02,NRSC_Sentinel1A
26.949999,85.049995,0.7899999618530273,2.209999918937683,6.884999930858612,9.29499989002943,9.70999988913536,0.0,0,BIHAR_2022_09_02,2022-09-02,NRSC_Sentinel1A
26.949999,85.15,1.5749999284744265,3.019999861717224,7.444999814033508,10.344999745488169,10.82499973475933,0.0,0,BIHAR_2022_09_02,2022-09-02,NRSC_Sentinel1A
26.949999,85.25,1.584999918937683,3.499999910593033,9.25999966263771,13.609999604523182,14.02999959886074,0.0,0,BIHAR_2022_09_02,2022-09-02,NRSC_Sentinel1A
26.949999,85.35,2.069999933242798,4.299999892711639,11.06499981880188,15.589999713003635,16.204999692738056,0.0,0,BIHAR_2022_09_02,2022-09-02,NRSC_Sentinel1A
26.949999,85.45,3.194999933242798,5.714999958872795,10.579999789595604,15.83499962091446,16.519999600946903,0.0,0,BIHAR_2022_09_02,2022-09-02,NRSC_Sentinel1A
26.949999,85.549995,3.2049999237060547,5.8849998861551285,8.664999812841415,14.274999618530272,14.854999609291552,0.0,0,BIHAR_2022_09_02,2022-09-02,NRSC_Sentinel1A
26.949999,85.65,3.539999842643738,6.29999977350235,8.654999740421772,13.814999513328075,14.819999493658544,0.0,0,BIHAR_2022_09_02,2022-09-02,NRSC_Sentinel1A
26.949999,85.75,4.119999885559082,6.60999983549118,6.969999827444553,12.14499967545271,14.604999635368586,0.0,0,BIHAR_2022_09_02,2022-09-02,NRSC_Sentinel1A
26.949999,85.85,5.284999847412109,7.484999790787697,7.694999783299863,12.78499963786453,20.10499932523817,0.0,0,BIHAR_2022_09_02,2022-09-02,NRSC_Sentinel1A
26.949999,85.95,4.579999923706055,7.674999803304672,7.8349997997283936,12.069999679923058,15.764999650418758,0.0,0,BIHAR_2022_09_02,2022-09-02,NRSC_Sentinel1A
26.949999,86.049995,4.809999942779541,9.254999697208405,9.76999968290329,12.464999586343763,16.614999547600746,0.0,0,BIHAR_2022_09_02,2022-09-02,NRSC_Sentinel1A
26.949999,86.15,4.824999809265137,10.364999786019323,10.934999778866768,12.91999975591898,18.299999698996544,0.0,0,BIHAR_2022_09_02,2022-09-02,NRSC_Sentinel1A
26.949999,86.25,5.0249998569488525,12.649999618530272,14.984999537467957,15.164999529719353,17.99499947577715,0.0,0,BIHAR_2022_09_02,2022-09-02,NRSC_Sentinel1A
26.949999,86.35,4.890000104904175,13.824999809265137,16.449999786913395,16.449999786913395,18.90999972820282,0.0,0,BIHAR_2022_09_02,2022-09-02,NRSC_Sentinel1A
26.949999,86.45,6.419999837875366,15.609999895095823,19.589999862015247,19.74999985843897,21.294999845325947,0.0,0,BIHAR_2022_09_02,2022-09-02,NRSC_Sentinel1A
26.949999,86.549995,4.669999837875366,13.399999618530272,16.64499953854829,16.64499953854829,17.414999549277127,0.0,0,BIHAR_2022_09_02,2022-09-02,NRSC_Sentinel1A
26.949999,86.65,2.7149999141693115,11.399999856948853,17.0449997484684,17.20999974012375,17.20999974012375,0.0,0,BIHAR_2022_09_02,2022-09-02,NRSC_Sentinel1A
26.949999,86.75,2.619999885559082,12.829999446868896,21.02999928593636,21.25999927520752,21.574999272823334,0.0,0,BIHAR_2022_09_02,2022-09-02,NRSC_Sentinel1A
26.949999,86.85,5.319999933242798,15.789999723434448,23.38499954342842,23.979999542236328,24.42499953508377,0.0,0,BIHAR_2022_09_02,2022-09-02,NRSC_Sentinel1A
26.949999,86.95,3.984999895095825,17.00499963760376,24.374999552965164,24.569999545812607,24.74499954283237,0.0,0,BIHAR_2022_09_02,2022-09-02,NRSC_Sentinel1A
26.949999,87.049995,3.694999933242798,15.234999656677246,21.94499945640564,21.94499945640564,22.079999446868896,0.0,0,BIHAR_2022_09_02,2022-09-02,NRSC_Sentinel1A
26.949999,87.15,5.994999885559082,17.37499964237213,24.86999943852425,24.86999943852425,24.999999433755875,0.0,0,BIHAR_2022_09_02,2022-09-02,NRSC_Sentinel1A
26.949999,87.25,3.75,16.669999599456787,27.86499947309494,28.549999460577965,28.6799994558096,0.0,0,BIHAR_2022_09_02,2022-09-02,NRSC_Sentinel1A
26.949999,87.35,3.8549998998641968,18.079999566078182,30.76499915122986,32.03499910235405,32.18999910354614,0.0,0,BIHAR_2022_09_02,2022-09-02,NRSC_Sentinel1A
26.949999,87.45,1.5299999117851255,16.89499944448471,33.74499863386154,34.794998586177826,35.26999858021736,0.0,0,BIHAR_2022_09_02,2022-09-02,NRSC_Sentinel1A
26.949999,87.549995,2.619999945163727,17.089999616146088,36.294998943805695,38.4999989271164,39.04999891296029,0.0,0,BIHAR_2022_09_02,2022-09-02,NRSC_Sentinel1A
26.949999,87.65,2.834999918937683,14.59999966621399,27.1599994301796,28.83999940752983,30.20999936759472,0.0,0,BIHAR_2022_09_02,2022-09-02,NRSC_Sentinel1A
26.949999,87.75,3.964999914169312,15.664999723434448,29.56499946117401,31.619999408721924,33.44999935198575,0.0,0,BIHAR_2022_09_02,2022-09-02,NRSC_Sentinel1A
26.949999,87.85,3.279999852180481,14.429999709129332,26.394999623298645,27.41499960422516,30.60999953746796,0.0,0,BIHAR_2022_09_02,2022-09-02,NRSC_Sentinel1A
26.949999,87.95,3.129999876022339,16.204999685287476,30.199999421834946,30.199999421834946,33.58999935723841,0.0,0,BIHAR_2022_09_02,2022-09-02,NRSC_Sentinel1A
26.949999,88.049995,3.2849998474121094,15.7599995136261,29.77499908208847,31.194999053142965,34.42499895300716,0.0,0,BIHAR_2022_09_02,2022-09-02,NRSC_Sentinel1A
26.949999,88.15,3.955000042915344,17.59499943256378,42.124998807907104,46.33499862253666,49.09999854117632,0.0,0,BIHAR_2022_09_02,2022-09-02,NRSC_Sentinel1A
26.949999,88.25,5.644999980926514,18.984999418258667,41.63499927520752,45.58499922603369,47.48999918997288,0.0,0,BIHAR_2022_09_02,2022-09-02,NRSC_Sentinel1A
26.949999,88.35,7.240000009536743,20.43999981880188,49.82499885559082,53.414998814463615,55.47999875247479,0.0,0,BIHAR_2022_09_02,2022-09-02,NRSC_Sentinel1A
26.949999,88.45,6.554999828338623,20.66499972343445,43.82999932765961,46.95499919354916,48.13499916344881,0.0,0,BIHAR_2022_09_02,2022-09-02,NRSC_Sentinel1A
27.05,83.049995,5.699999809265137,14.62499976158142,24.709999442100525,26.36499941814691,26.91499941516668,0.0,0,BIHAR_2022_09_02,2022-09-02,NRSC_Sentinel1A
27.05,83.15,8.849999904632568,18.8149995803833,29.08999943733216,29.43499943614006,30.064999416470528,0.0,0,BIHAR_2022_09_02,2022-09-02,NRSC_Sentinel1A
27.05,83.25,6.464999914169312,16.81499969959259,25.05999955534935,25.05999955534935,25.66499954462052,0.0,0,BIHAR_2022_09_02,2022-09-02,NRSC_Sentinel1A
27.05,83.35,6.269999742507935,17.53499937057495,26.40999925136566,26.434999249875546,27.049999244511127,0.0,0,BIHAR_2022_09_02,2022-09-02,NRSC_Sentinel1A
27.05,83.45,3.0149999856948853,12.809999823570251,19.289999783039093,22.07499967515469,22.654999658465385,0.0,0,BIHAR_2022_09_02,2022-09-02,NRSC_Sentinel1A
27.05,83.549995,2.334999918937683,10.959999799728394,16.51999968290329,20.35499963164329,20.7649996150285,0.0,0,BIHAR_2022_09_02,2022-09-02,NRSC_Sentinel1A
27.05,83.65,3.9399999380111694,18.859999775886536,29.0749993622303,33.90499924868345,34.25499923992902,0.0,0,BIHAR_2022_09_02,2022-09-02,NRSC_Sentinel1A
27.05,83.75,2.164999961853028,9.369999766349792,18.58499950170517,23.48499947786331,24.19499946385622,0.0,0,BIHAR_2022_09_02,2022-09-02,NRSC_Sentinel1A
27.05,83.85,1.875,8.194999694824219,15.744999513030052,20.16499949246645,22.76499944925308,0.0,0,BIHAR_2022_09_02,2022-09-02,NRSC_Sentinel1A
27.05,83.95,1.5049999356269836,5.46999990940094,11.29499977827072,14.534999765455725,16.39499968290329,0.0,0,BIHAR_2022_09_02,2022-09-02,NRSC_Sentinel1A
27.05,84.049995,1.8299999833107,5.939999938011169,12.519999653100967,13.454999640583992,14.269999630749226,0.0,0,BIHAR_2022_09_02,2022-09-02,NRSC_Sentinel1A
27.05,84.15,2.1149998903274536,6.289999783039093,13.294999659061432,13.294999659061432,13.83499963581562,0.0,0,BIHAR_2022_09_02,2022-09-02,NRSC_Sentinel1A
27.05,84.25,1.76500004529953,3.6350000202655792,5.0099999802187085,5.0099999802187085,5.784999956376851,0.0,0,BIHAR_2022_09_02,2022-09-02,NRSC_Sentinel1A
27.05,84.35,1.024999976158142,2.8199999034404755,5.009999861009419,5.009999861009419,6.119999845512211,0.0,0,BIHAR_2022_09_02,2022-09-02,NRSC_Sentinel1A
27.05,84.45,0.5499999970197678,1.7949999570846558,2.879999935626984,2.879999935626984,3.80499991774559,0.0,0,BIHAR_2022_09_02,2022-09-02,NRSC_Sentinel1A
27.05,84.549995,0.1849999949336052,1.2899999544024467,5.319999925792217,5.319999925792217,5.8649998949840665,0.0,0,BIHAR_2022_09_02,2022-09-02,NRSC_Sentinel1A
27.05,84.65,0.4849999994039535,1.634999953210354,5.139999829232693,5.139999829232693,5.68499980866909,0.0,0,BIHAR_2022_09_02,2022-09-02,NRSC_Sentinel1A
27.05,84.75,0.4899999946355819,1.904999986290932,6.104999974370003,6.104999974370003,6.784999951720238,0.0,0,BIHAR_2022_09_02,2022-09-02,NRSC_Sentinel1A
27.05,84.85,1.0899999737739563,2.934999942779541,7.269999787211418,7.409999787807465,8.169999778270721,0.0,0,BIHAR_2022_09_02,2022-09-02,NRSC_Sentinel1A
27.05,84.95,1.284999966621399,4.259999871253967,9.939999729394913,10.599999718368052,11.074999704957008,0.0,0,BIHAR_2022_09_02,2022-09-02,NRSC_Sentinel1A
27.05,85.049995,1.2100000083446505,3.6149999499320975,8.4649997651577,10.139999724924564,10.60999970883131,0.0,0,BIHAR_2022_09_02,2022-09-02,NRSC_Sentinel1A
27.05,85.15,1.159999966621399,3.234999924898148,7.749999791383743,10.1149997189641,10.714999690651894,0.0,0,BIHAR_2022_09_02,2022-09-02,NRSC_Sentinel1A
27.05,85.25,1.6200000047683716,3.714999943971634,9.559999793767927,13.239999637007712,14.07999962568283,0.0,0,BIHAR_2022_09_02,2022-09-02,NRSC_Sentinel1A
27.05,85.35,2.4800000190734863,4.329999968409538,11.164999768137932,14.664999686181543,15.694999650120735,0.0,0,BIHAR_2022_09_02,2022-09-02,NRSC_Sentinel1A
27.05,85.45,6.43999981880188,9.014999777078629,14.534999459981918,17.884999357163906,18.93999933823943,0.0,0,BIHAR_2022_09_02,2022-09-02,NRSC_Sentinel1A
27.05,85.549995,2.46999990940094,5.144999802112579,9.879999727010729,13.429999679327013,14.659999657422304,0.0,0,BIHAR_2022_09_02,2022-09-02,NRSC_Sentinel1A
27.05,85.65,3.194999933242798,5.8199998289346695,9.684999719262125,13.484999611973764,14.644999589771032,0.0,0,BIHAR_2022_09_02,2022-09-02,NRSC_Sentinel1A
27.05,85.75,1.7899999022483826,3.5699998438358307,5.47999981045723,9.334999781101942,10.95499972999096,0.0,0,BIHAR_2022_09_02,2022-09-02,NRSC_Sentinel1A
27.05,85.85,2.744999885559082,4.109999872744083,4.474999859929085,8.614999819546938,10.934999752789736,0.0,0,BIHAR_2022_09_02,2022-09-02,NRSC_Sentinel1A
27.05,85.95,2.6049998998641968,4.044999845325947,4.149999842047691,8.539999820291996,10.58499975502491,0.0,0,BIHAR_2022_09_02,2022-09-02,NRSC_Sentinel1A
27.05,86.049995,2.2499999403953552,4.919999808073044,5.054999798536301,11.904999524354936,13.929999455809591,0.0,0,BIHAR_2022_09_02,2022-09-02,NRSC_Sentinel1A
27.05,86.15,3.0299999713897705,7.029999926686287,7.794999912381172,10.614999875426292,12.979999795556068,0.0,0,BIHAR_2022_09_02,2022-09-02,NRSC_Sentinel1A
27.05,86.25,2.024999976158142,6.8049997091293335,7.884999722242355,8.84999968484044,10.489999612793326,0.0,0,BIHAR_2022_09_02,2022-09-02,NRSC_Sentinel1A
27.05,86.35,0.9249999821186066,7.544999748468399,8.614999741315842,8.614999741315842,9.9999997317791,0.0,0,BIHAR_2022_09_02,2022-09-02,NRSC_Sentinel1A
27.05,86.45,2.495000004768372,7.979999743402004,11.114999664016068,11.114999664016068,11.73999965377152,0.0,0,BIHAR_2022_09_02,2022-09-02,NRSC_Sentinel1A
27.05,86.549995,2.965000033378601,6.834999829530716,9.519999764859676,9.519999764859676,9.87499976158142,0.0,0,BIHAR_2022_09_02,2022-09-02,NRSC_Sentinel1A
27.05,86.65,1.6399999856948853,5.269999951124191,9.794999897480013,10.264999881386755,10.41499987244606,0.0,0,BIHAR_2022_09_02,2022-09-02,NRSC_Sentinel1A
27.05,86.75,2.5049999952316284,7.279999792575836,13.479999721050262,14.434999704360962,14.794999696314337,0.0,0,BIHAR_2022_09_02,2022-09-02,NRSC_Sentinel1A
27.05,86.85,2.3899999856948853,9.209999859333038,14.779999732971191,15.164999723434448,15.659999705851078,0.0,0,BIHAR_2022_09_02,2022-09-02,NRSC_Sentinel1A
27.05,86.95,3.4099998474121094,13.12999963760376,22.42999941110611,22.89499941468239,23.35499939322472,0.0,0,BIHAR_2022_09_02,2022-09-02,NRSC_Sentinel1A
27.05,87.049995,4.205000042915344,15.894999861717224,26.884999573230743,27.13999956846237,27.6799995303154,0.0,0,BIHAR_2022_09_02,2022-09-02,NRSC_Sentinel1A
27.05,87.15,4.009999871253967,16.62499964237213,24.33499965071678,24.33499965071678,25.10499963164329,0.0,0,BIHAR_2022_09_02,2022-09-02,NRSC_Sentinel1A
27.05,87.25,2.1049999594688416,15.499999701976776,24.474999368190765,25.249999344348907,26.244999326765537,0.0,0,BIHAR_2022_09_02,2022-09-02,NRSC_Sentinel1A
27.05,87.35,0.9650000035762788,11.59000000357628,18.394999772310257,19.339999735355377,20.469999700784683,0.0,0,BIHAR_2022_09_02,2022-09-02,NRSC_Sentinel1A
27.05,87.45,1.6349999904632568,10.904999673366548,27.654999554157257,28.77499955892563,29.819999545812607,0.0,0,BIHAR_2022_09_02,2022-09-02,NRSC_Sentinel1A
27.05,87.549995,0.5199999809265137,6.9000000804662704,26.514999732375145,28.164999708533287,29.21499966084957,0.0,0,BIHAR_2022_09_02,2022-09-02,NRSC_Sentinel1A
27.05,87.65,1.2249999940395355,1.2249999940395355,2.905000001192093,4.564999908208847,6.699999839067459,0.0,0,BIHAR_2022_09_02,2022-09-02,NRSC_Sentinel1A
27.05,87.75,2.0299999713897705,2.0299999713897705,2.4649999737739563,7.639999866485596,10.45499974489212,0.0,0,BIHAR_2022_09_02,2022-09-02,NRSC_Sentinel1A
27.05,87.85,2.4999999403953552,2.4999999403953552,5.249999970197678,7.964999921619892,10.289999892003834,0.0,0,BIHAR_2022_09_02,2022-09-02,NRSC_Sentinel1A
27.05,87.95,2.5249999165534973,5.23499995470047,9.85999983549118,11.774999767541884,14.294999711215496,0.0,0,BIHAR_2022_09_02,2022-09-02,NRSC_Sentinel1A
27.05,88.049995,3.504999876022339,8.829999685287476,13.809999585151672,18.209999591112137,20.7249995470047,0.0,0,BIHAR_2022_09_02,2022-09-02,NRSC_Sentinel1A
27.05,88.15,3.919999957084656,12.964999794960022,18.839999794960026,21.02999976277352,23.86999968439341,0.0,0,BIHAR_2022_09_02,2022-09-02,NRSC_Sentinel1A
27.05,88.25,11.22000002861023,25.01999974250793,50.01499965786934,53.27999955415726,55.91999947279692,0.0,0,BIHAR_2022_09_02,2022-09-02,NRSC_Sentinel1A
27.05,88.35,16.07499933242798,28.2549991607666,56.07499876618385,58.42999878525734,61.23499870300293,0.0,0,BIHAR_2022_09_02,2022-09-02,NRSC_Sentinel1A
27.05,88.45,14.369999408721924,28.58999878168106,36.594998732209206,38.38999865204096,40.07999861240387,0.0,0,BIHAR_2022_09_02,2022-09-02,NRSC_Sentinel1A
27.15,83.049995,9.480000019073486,20.96499967575073,33.13499939441681,35.57999935746193,36.23999932408333,0.0,0,BIHAR_2022_09_02,2022-09-02,NRSC_Sentinel1A
27.15,83.15,7.739999532699585,20.834999322891235,36.79999852180481,37.30999851226807,38.06999849528074,0.0,0,BIHAR_2022_09_02,2022-09-02,NRSC_Sentinel1A
27.15,83.25,6.699999809265137,21.174999237060547,37.38999891281128,37.38999891281128,38.11999890208244,0.0,0,BIHAR_2022_09_02,2022-09-02,NRSC_Sentinel1A
27.15,83.35,4.504999876022339,20.764999628067017,36.194999039173126,38.12499894108623,38.8549989303574,0.0,0,BIHAR_2022_09_02,2022-09-02,NRSC_Sentinel1A
27.15,83.45,4.09499990940094,21.71999990940094,36.39999955892563,39.189999520778656,39.8249995149672,0.0,0,BIHAR_2022_09_02,2022-09-02,NRSC_Sentinel1A
27.15,83.549995,3.519999861717224,19.964999318122864,32.49999886751175,34.48499880731106,35.09999879449606,0.0,0,BIHAR_2022_09_02,2022-09-02,NRSC_Sentinel1A
27.15,83.65,4.074999928474426,19.889999747276303,32.18499945104122,34.52999937534332,35.08999935630709,0.0,0,BIHAR_2022_09_02,2022-09-02,NRSC_Sentinel1A
27.15,83.75,2.194999992847442,10.679999887943268,22.32999959588051,23.704999543726444,24.50999952852726,0.0,0,BIHAR_2022_09_02,2022-09-02,NRSC_Sentinel1A
27.15,83.85,2.319999933242798,9.319999814033508,17.71499988436699,18.3899998664856,21.324999736621976,0.0,0,BIHAR_2022_09_02,2022-09-02,NRSC_Sentinel1A
27.15,83.95,3.609999775886536,7.78499960899353,12.329999417066574,12.699999406933784,15.289999313652515,0.0,0,BIHAR_2022_09_02,2022-09-02,NRSC_Sentinel1A
27.15,84.049995,4.1199997663497925,8.874999642372131,14.57499948143959,14.98499946296215,16.26999942213297,0.0,0,BIHAR_2022_09_02,2022-09-02,NRSC_Sentinel1A
27.15,84.15,5.309999704360962,10.8499995470047,15.594999386928976,16.004999368451536,16.76999934669584,0.0,0,BIHAR_2022_09_02,2022-09-02,NRSC_Sentinel1A
27.15,84.25,4.100000023841858,8.980000019073486,14.264999834820628,14.4649998228997,17.574999747797847,0.0,0,BIHAR_2022_09_02,2022-09-02,NRSC_Sentinel1A
27.15,84.35,2.384999990463257,6.959999918937683,12.369999766349792,12.369999766349792,14.879999682307243,0.0,0,BIHAR_2022_09_02,2022-09-02,NRSC_Sentinel1A
27.15,84.45,2.319999933242798,6.329999804496765,10.964999675750732,10.964999675750732,12.279999643564224,0.0,0,BIHAR_2022_09_02,2022-09-02,NRSC_Sentinel1A
27.15,84.549995,1.4149999618530271,5.194999873638153,9.754999816417694,9.754999816417694,10.764999806880953,0.0,0,BIHAR_2022_09_02,2022-09-02,NRSC_Sentinel1A
27.15,84.65,1.074999988079071,5.519999861717224,9.219999760389328,9.219999760389328,10.339999720454216,0.0,0,BIHAR_2022_09_02,2022-09-02,NRSC_Sentinel1A
27.15,84.75,0.9999999701976776,6.104999870061874,9.20499974489212,9.349999740719795,11.449999712407587,0.0,0,BIHAR_2022_09_02,2022-09-02,NRSC_Sentinel1A
27.15,84.85,2.370000004768372,8.739999771118164,17.69499982148409,18.02499981224537,20.09499973058701,0.0,0,BIHAR_2022_09_02,2022-09-02,NRSC_Sentinel1A
27.15,84.95,7.924999952316284,12.114999890327454,12.86499985307455,12.86499985307455,14.629999842494726,0.0,0,BIHAR_2022_09_02,2022-09-02,NRSC_Sentinel1A
27.15,85.049995,6.6549999713897705,14.179999649524689,15.329999633133411,15.66999962925911,18.46999955084175,0.0,0,BIHAR_2022_09_02,2022-09-02,NRSC_Sentinel1A
27.15,85.15,19.49499988555908,31.81499946117401,34.62499940395355,36.20999935269356,38.044999308884144,0.0,0,BIHAR_2022_09_02,2022-09-02,NRSC_Sentinel1A
27.15,85.25,19.84999942779541,37.42499879002571,40.19499871134758,45.16499859839678,47.23999855294824,0.0,0,BIHAR_2022_09_02,2022-09-02,NRSC_Sentinel1A
27.15,85.35,3.424999952316284,23.87999987602234,48.86999917030335,61.30499883741141,63.49499875679612,0.0,0,BIHAR_2022_09_02,2022-09-02,NRSC_Sentinel1A
27.15,85.45,2.924999952316284,18.929999470710754,55.2299987077713,66.07499862462282,68.92999854311347,0.0,0,BIHAR_2022_09_02,2022-09-02,NRSC_Sentinel1A
27.15,85.549995,5.504999876022339,18.579999804496765,56.76999938488007,69.7599987834692,72.65999873355031,0.0,0,BIHAR_2022_09_02,2022-09-02,NRSC_Sentinel1A
27.15,85.65,6.5249998569488525,12.34999978542328,18.389999508857727,29.66999938338995,31.74999932199717,0.0,0,BIHAR_2022_09_02,2022-09-02,NRSC_Sentinel1A
27.15,85.75,0.9199999570846558,4.039999961853027,8.509999811649323,22.25999950617552,24.24999942630529,0.0,0,BIHAR_2022_09_02,2022-09-02,NRSC_Sentinel1A
27.15,85.85,0.4649999886751175,2.094999924302101,3.484999932348728,15.14499954879284,16.989999495446682,0.0,0,BIHAR_2022_09_02,2022-09-02,NRSC_Sentinel1A
27.15,85.95,1.5949999690055847,2.8099999502301216,3.649999934248626,12.89999961387366,14.194999585859478,0.0,0,BIHAR_2022_09_02,2022-09-02,NRSC_Sentinel1A
27.15,86.049995,1.4299999475479126,3.3149998635053635,3.6299998611211777,10.18999968469143,11.214999668300152,0.0,0,BIHAR_2022_09_02,2022-09-02,NRSC_Sentinel1A
27.15,86.15,1.2499999403953552,3.8499999195337296,4.574999898672104,5.434999883174896,6.1999998688697815,0.0,0,BIHAR_2022_09_02,2022-09-02,NRSC_Sentinel1A
27.15,86.25,1.020000010728836,4.939999848604202,5.674999833106995,6.389999806880951,6.684999798424542,0.0,0,BIHAR_2022_09_02,2022-09-02,NRSC_Sentinel1A
27.15,86.35,1.3549999594688416,9.624999582767488,11.19499957561493,11.19499957561493,11.669999554753304,0.0,0,BIHAR_2022_09_02,2022-09-02,NRSC_Sentinel1A
27.15,86.45,0.2899999916553497,8.214999586343765,8.554999589920044,8.554999589920044,8.829999580979347,0.0,0,BIHAR_2022_09_02,2022-09-02,NRSC_Sentinel1A
27.15,86.549995,0.0,5.690000057220459,6.005000054836273,6.005000054836273,6.235000044107437,0.0,0,BIHAR_2022_09_02,2022-09-02,NRSC_Sentinel1A
27.15,86.65,0.3649999797344208,2.754999876022339,6.2449997663497925,8.099999725818634,8.414999715983868,0.0,0,BIHAR_2022_09_02,2022-09-02,NRSC_Sentinel1A
27.15,86.75,1.3999999463558197,2.7599999383091927,5.379999913275242,6.454999901354313,6.784999884665012,0.0,0,BIHAR_2022_09_02,2022-09-02,NRSC_Sentinel1A
27.15,86.85,2.1149998903274536,5.874999791383743,17.754999667406082,19.069999627769,19.364999622106552,0.0,0,BIHAR_2022_09_02,2022-09-02,NRSC_Sentinel1A
27.15,86.95,4.139999866485596,9.304999768733978,18.4499996304512,18.889999628067017,19.109999626874924,0.0,0,BIHAR_2022_09_02,2022-09-02,NRSC_Sentinel1A
27.15,87.049995,5.105000019073486,12.129999995231628,23.249999821186066,23.81999981403351,24.089999809861183,0.0,0,BIHAR_2022_09_02,2022-09-02,NRSC_Sentinel1A
27.15,87.15,2.3949999809265137,9.619999766349792,18.43499970436096,19.074999690055847,19.22999969124794,0.0,0,BIHAR_2022_09_02,2022-09-02,NRSC_Sentinel1A
27.15,87.25,2.429999887943268,7.194999814033508,12.324999630451202,12.854999601840971,13.259999603033066,0.0,0,BIHAR_2022_09_02,2022-09-02,NRSC_Sentinel1A
27.15,87.35,2.1100000143051147,4.579999923706055,12.65999972820282,15.164999589323996,15.739999577403069,0.0,0,BIHAR_2022_09_02,2022-09-02,NRSC_Sentinel1A
27.15,87.45,1.809999942779541,3.784999892115593,9.96499978005886,10.539999783039091,11.949999764561651,0.0,0,BIHAR_2022_09_02,2022-09-02,NRSC_Sentinel1A
27.15,87.549995,1.8399999737739563,5.704999834299088,26.29499951004982,27.94499948620796,29.689999416470528,0.0,0,BIHAR_2022_09_02,2022-09-02,NRSC_Sentinel1A
27.15,87.65,2.789999842643738,3.004999831318856,3.004999831318856,4.274999812245369,5.424999778158963,0.0,0,BIHAR_2022_09_02,2022-09-02,NRSC_Sentinel1A
27.15,87.75,1.1850000023841858,2.535000026226044,2.865000009536743,6.56499981880188,7.584999769926071,0.0,0,BIHAR_2022_09_02,2022-09-02,NRSC_Sentinel1A
27.15,87.85,0.8599999696016312,2.2499999552965164,3.564999923110008,5.814999872818589,6.614999854937196,0.0,0,BIHAR_2022_09_02,2022-09-02,NRSC_Sentinel1A
27.15,87.95,1.7599999904632568,3.724999964237213,8.594999969005585,15.274999797344208,16.399999767541885,0.0,0,BIHAR_2022_09_02,2022-09-02,NRSC_Sentinel1A
27.15,88.049995,2.1899998784065247,4.579999804496765,10.404999494552612,16.834999337792397,17.43499931693077,0.0,0,BIHAR_2022_09_02,2022-09-02,NRSC_Sentinel1A
27.15,88.15,3.0349998474121094,8.259999811649323,13.244999706745148,20.06999959051609,20.60499957948923,0.0,0,BIHAR_2022_09_02,2022-09-02,NRSC_Sentinel1A
27.15,88.25,5.360000014305115,12.155000030994415,23.10999955236912,26.57499949634075,27.49499946832657,0.0,0,BIHAR_2022_09_02,2022-09-02,NRSC_Sentinel1A
27.15,88.35,24.40499973297119,29.884999588131905,37.81499923765659,39.4749992005527,40.55499916896224,0.0,0,BIHAR_2022_09_02,2022-09-02,NRSC_Sentinel1A
27.15,88.45,10.694999933242798,23.604999229311943,27.76499907672405,30.749999046325684,31.944998994469643,0.0,0,BIHAR_2022_09_02,2022-09-02,NRSC_Sentinel1A
27.25,83.049995,5.794999837875366,18.50499939918518,34.90999907255173,35.174999073147774,36.04499904811382,0.0,0,BIHAR_2022_09_02,2022-09-02,NRSC_Sentinel1A
27.25,83.15,4.554999947547913,18.634999632835388,36.4049990773201,36.79999905824661,37.67999902367592,0.0,0,BIHAR_2022_09_02,2022-09-02,NRSC_Sentinel1A
27.25,83.25,3.799999952316284,18.03499937057495,34.62999904155731,36.25999901071191,37.2249989695847,0.0,0,BIHAR_2022_09_02,2022-09-02,NRSC_Sentinel1A
27.25,83.35,2.9300000071525574,19.749999701976776,36.4949991106987,37.37499908078462,38.76499902177602,0.0,0,BIHAR_2022_09_02,2022-09-02,NRSC_Sentinel1A
27.25,83.45,3.3149998784065247,20.479999840259552,35.9699996933341,37.16499964892864,38.01999963633716,0.0,0,BIHAR_2022_09_02,2022-09-02,NRSC_Sentinel1A
27.25,83.549995,2.509999990463257,17.12999963760376,29.869999155402184,30.474999129772183,31.15999910421669,0.0,0,BIHAR_2022_09_02,2022-09-02,NRSC_Sentinel1A
27.25,83.65,2.709999918937683,15.78999936580658,27.90499886870384,28.2649988681078,29.424998834729195,0.0,0,BIHAR_2022_09_02,2022-09-02,NRSC_Sentinel1A
27.25,83.75,1.5549999177455902,9.754999727010729,21.62999927997589,22.46499925851822,24.22999917715788,0.0,0,BIHAR_2022_09_02,2022-09-02,NRSC_Sentinel1A
27.25,83.85,1.6099998950958252,8.334999799728394,15.829999580979347,16.514999562874436,19.999999506399035,0.0,0,BIHAR_2022_09_02,2022-09-02,NRSC_Sentinel1A
27.25,83.95,2.434999942779541,9.62499976158142,18.074999690055847,18.254999682307243,21.724999591708183,0.0,0,BIHAR_2022_09_02,2022-09-02,NRSC_Sentinel1A
27.25,84.049995,3.184999942779541,8.449999809265137,13.844999680295588,14.0349996779114,15.99499962385744,0.0,0,BIHAR_2022_09_02,2022-09-02,NRSC_Sentinel1A
27.25,84.15,4.349999785423279,9.589999675750732,13.574999570846558,13.764999568462372,18.04499950632453,0.0,0,BIHAR_2022_09_02,2022-09-02,NRSC_Sentinel1A
27.25,84.25,4.614999890327454,10.014999866485596,14.609999775886536,14.809999763965608,21.30499951541424,0.0,0,BIHAR_2022_09_02,2022-09-02,NRSC_Sentinel1A
27.25,84.35,1.98499995470047,6.784999787807465,12.814999520778656,13.21499950438738,16.674999468028545,0.0,0,BIHAR_2022_09_02,2022-09-02,NRSC_Sentinel1A
27.25,84.45,3.084999918937683,7.59499990940094,13.129999697208405,13.524999678134918,18.27499958872795,0.0,0,BIHAR_2022_09_02,2022-09-02,NRSC_Sentinel1A
27.25,84.549995,4.039999961853027,10.084999859333038,17.16999961435795,17.344999611377716,19.72999955713749,0.0,0,BIHAR_2022_09_02,2022-09-02,NRSC_Sentinel1A
27.25,84.65,4.054999828338623,12.989999532699583,19.34999942034483,20.029999405145645,23.28999929875136,0.0,0,BIHAR_2022_09_02,2022-09-02,NRSC_Sentinel1A
27.25,84.75,2.884999990463257,14.714999675750732,20.73999966587872,21.12999965902418,26.90499950107187,0.0,0,BIHAR_2022_09_02,2022-09-02,NRSC_Sentinel1A
27.25,84.85,4.659999847412109,16.8849995136261,25.9799993634224,26.269999355077744,32.87499921023846,0.0,0,BIHAR_2022_09_02,2022-09-02,NRSC_Sentinel1A
27.25,84.95,9.039999723434448,18.589999318122864,26.42999902367592,27.364999003708363,37.38499880582094,0.0,0,BIHAR_2022_09_02,2022-09-02,NRSC_Sentinel1A
27.25,85.049995,10.93499994277954,22.299999833106995,23.084999819286168,24.60499978531152,30.95999954547733,0.0,0,BIHAR_2022_09_02,2022-09-02,NRSC_Sentinel1A
27.25,85.15,7.994999885559082,24.424998998641968,64.98999762535095,68.36499755829573,73.20999738201499,0.0,0,BIHAR_2022_09_02,2022-09-02,NRSC_Sentinel1A
27.25,85.25,8.319999694824219,25.184998989105225,65.8349986076355,70.41499853879213,72.37499851360917,0.0,0,BIHAR_2022_09_02,2022-09-02,NRSC_Sentinel1A
27.25,85.35,3.319999933242798,21.34999918937683,42.32999849319458,51.45499809086323,53.67499801144004,0.0,0,BIHAR_2022_09_02,2022-09-02,NRSC_Sentinel1A
27.25,85.45,2.9799998998641968,19.29999935626984,46.36999881267548,55.959998689591885,59.02999858558178,0.0,0,BIHAR_2022_09_02,2022-09-02,NRSC_Sentinel1A
27.25,85.549995,0.5499999970197678,13.884999558329582,45.64999942481518,61.88499919325113,65.19499906897545,0.0,0,BIHAR_2022_09_02,2022-09-02,NRSC_Sentinel1A
27.25,85.65,0.5399999767541885,4.989999875426292,7.924999736249447,17.22999957948923,19.984999503940344,0.0,0,BIHAR_2022_09_02,2022-09-02,NRSC_Sentinel1A
27.25,85.75,0.4149999916553497,3.02499994635582,6.289999932050705,11.239999867975712,13.784999769181011,0.0,0,BIHAR_2022_09_02,2022-09-02,NRSC_Sentinel1A
27.25,85.85,0.449999988079071,2.3549999594688416,3.549999942071736,8.024999779649079,10.074999743141234,0.0,0,BIHAR_2022_09_02,2022-09-02,NRSC_Sentinel1A
27.25,85.95,0.4899999797344208,1.5349999517202375,2.769999911077321,5.239999887533486,6.399999869056046,0.0,0,BIHAR_2022_09_02,2022-09-02,NRSC_Sentinel1A
27.25,86.049995,0.1699999943375587,0.8499999791383743,1.2049999684095385,6.579999938607216,7.479999907314777,0.0,0,BIHAR_2022_09_02,2022-09-02,NRSC_Sentinel1A
27.25,86.15,0.6699999868869781,0.7949999868869781,1.024999976158142,1.024999976158142,1.8099999576807024,0.0,0,BIHAR_2022_09_02,2022-09-02,NRSC_Sentinel1A
27.25,86.25,0.8899999558925629,1.1449999511241913,1.1449999511241913,1.1449999511241913,1.89499993622303,0.0,0,BIHAR_2022_09_02,2022-09-02,NRSC_Sentinel1A
27.25,86.35,0.3999999910593033,2.9600000083446503,2.9600000083446503,2.9600000083446503,3.4000000059604645,0.0,0,BIHAR_2022_09_02,2022-09-02,NRSC_Sentinel1A
27.25,86.45,0.1850000023841858,6.844999805092812,7.039999797940254,7.039999797940254,7.2099997997283936,0.0,0,BIHAR_2022_09_02,2022-09-02,NRSC_Sentinel1A
27.25,86.549995,0.1649999916553497,7.309999972581863,7.309999972581863,7.309999972581863,7.309999972581863,0.0,0,BIHAR_2022_09_02,2022-09-02,NRSC_Sentinel1A
27.25,86.65,0.4949999749660492,3.81999996304512,7.829999923706055,8.654999911785126,8.654999911785126,0.0,0,BIHAR_2022_09_02,2022-09-02,NRSC_Sentinel1A
27.25,86.75,2.6549999713897705,3.4749999791383743,3.974999956786633,5.219999931752682,5.219999931752682,0.0,0,BIHAR_2022_09_02,2022-09-02,NRSC_Sentinel1A
27.25,86.85,1.7049999833106997,4.409999966621399,9.66999977827072,11.099999740719795,11.099999740719795,0.0,0,BIHAR_2022_09_02,2022-09-02,NRSC_Sentinel1A
27.25,86.95,2.3299999833106995,5.914999961853027,10.044999897480013,11.469999857246876,11.469999857246876,0.0,0,BIHAR_2022_09_02,2022-09-02,NRSC_Sentinel1A
27.25,87.049995,12.724999904632568,17.869999766349792,28.124999552965164,28.324999541044235,28.5549995303154,0.0,0,BIHAR_2022_09_02,2022-09-02,NRSC_Sentinel1A
27.25,87.15,2.5549999475479126,8.374999940395355,11.799999833106996,12.69499982893467,13.239999815821648,0.0,0,BIHAR_2022_09_02,2022-09-02,NRSC_Sentinel1A
27.25,87.25,2.7149999141693115,6.744999796152115,10.69999971985817,11.10999971628189,11.819999679923058,0.0,0,BIHAR_2022_09_02,2022-09-02,NRSC_Sentinel1A
27.25,87.35,3.244999885559082,5.239999844692648,11.774999811314046,12.899999766610565,14.204999714158475,0.0,0,BIHAR_2022_09_02,2022-09-02,NRSC_Sentinel1A
27.25,87.45,5.559999942779541,9.54499976336956,14.599999710917473,15.014999702572824,16.42999967932701,0.0,0,BIHAR_2022_09_02,2022-09-02,NRSC_Sentinel1A
27.25,87.549995,1.699999988079071,6.734999775886536,11.96999967098236,12.604999661445618,14.564999595284462,0.0,0,BIHAR_2022_09_02,2022-09-02,NRSC_Sentinel1A
27.25,87.65,1.875,9.429999947547913,17.134999752044678,19.62499968707561,21.38999961782247,0.0,0,BIHAR_2022_09_02,2022-09-02,NRSC_Sentinel1A
27.25,87.75,1.2549999356269836,9.019999921321867,17.454999804496765,21.5899997651577,23.1349997073412,0.0,0,BIHAR_2022_09_02,2022-09-02,NRSC_Sentinel1A
27.25,87.85,1.4800000190734863,7.279999852180481,18.65999960899353,20.91999962925911,21.78999960422516,0.0,0,BIHAR_2022_09_02,2022-09-02,NRSC_Sentinel1A
27.25,87.95,2.4999998807907104,5.544999778270721,9.38499966263771,14.269999533891678,15.264999508857729,0.0,0,BIHAR_2022_09_02,2022-09-02,NRSC_Sentinel1A
27.25,88.049995,3.6249998807907104,6.359999775886536,10.074999809265137,14.409999638795853,15.089999631047249,0.0,0,BIHAR_2022_09_02,2022-09-02,NRSC_Sentinel1A
27.25,88.15,5.014999866485596,11.46999979019165,16.34499955177307,19.88499942421913,20.64999938011169,0.0,0,BIHAR_2022_09_02,2022-09-02,NRSC_Sentinel1A
27.25,88.25,3.240000009536743,12.75499975681305,15.539999768137932,17.819999679923058,18.199999660253525,0.0,0,BIHAR_2022_09_02,2022-09-02,NRSC_Sentinel1A
27.25,88.35,2.674999952316284,13.68999969959259,15.239999651908876,18.429999532178044,18.5949995238334,0.0,0,BIHAR_2022_09_02,2022-09-02,NRSC_Sentinel1A
27.25,88.45,3.2049999237060547,15.579999208450316,32.494998544454575,34.309998482465744,34.679998472332954,0.0,0,BIHAR_2022_09_02,2022-09-02,NRSC_Sentinel1A
27.349998,83.049995,4.245000004768372,18.4799998998642,36.68499922752381,38.86999920755625,41.889999091625214,0.0,0,BIHAR_2022_09_02,2022-09-02,NRSC_Sentinel1A
27.349998,83.15,3.8549999594688416,18.154999434947968,36.33499902486801,39.32499894499779,42.45999886095524,0.0,0,BIHAR_2022_09_02,2022-09-02,NRSC_Sentinel1A
27.349998,83.25,3.029999852180481,17.494999527931213,35.38999915122986,38.7499990388751,41.90499898791313,0.0,0,BIHAR_2022_09_02,2022-09-02,NRSC_Sentinel1A
27.349998,83.35,1.9399999976158144,15.714999854564669,29.38999968767166,32.8549996484071,34.7549996022135,0.0,0,BIHAR_2022_09_02,2022-09-02,NRSC_Sentinel1A
27.349998,83.45,2.8549999594688416,16.474999845027924,28.884999364614487,31.644999377429485,32.95999936014414,0.0,0,BIHAR_2022_09_02,2022-09-02,NRSC_Sentinel1A
27.349998,83.549995,2.759999930858612,16.689999997615814,28.94499981403351,29.92499978467822,30.78999976441264,0.0,0,BIHAR_2022_09_02,2022-09-02,NRSC_Sentinel1A
27.349998,83.65,2.629999876022339,15.109999656677246,26.56499946117401,27.034999452531338,28.829999409616,0.0,0,BIHAR_2022_09_02,2022-09-02,NRSC_Sentinel1A
27.349998,83.75,1.3649999499320984,8.11499959230423,14.609999477863312,15.209999464452268,16.92999940086156,0.0,0,BIHAR_2022_09_02,2022-09-02,NRSC_Sentinel1A
27.349998,83.85,0.8549999892711639,5.684999912977219,10.234999775886536,10.414999768137932,13.74499972909689,0.0,0,BIHAR_2022_09_02,2022-09-02,NRSC_Sentinel1A
27.349998,83.95,1.9049999713897705,7.494999885559082,12.729999721050262,12.919999718666077,17.41499964147806,0.0,0,BIHAR_2022_09_02,2022-09-02,NRSC_Sentinel1A
27.349998,84.049995,2.294999957084656,8.619999766349792,12.859999656677246,13.029999651014805,17.864999562501907,0.0,0,BIHAR_2022_09_02,2022-09-02,NRSC_Sentinel1A
27.349998,84.15,3.709999918937683,10.34999966621399,13.974999576807022,14.134999573230743,20.549999460577965,0.0,0,BIHAR_2022_09_02,2022-09-02,NRSC_Sentinel1A
27.349998,84.25,3.399999976158142,10.804999828338625,14.789999693632126,15.1499996855855,22.424999497830868,0.0,0,BIHAR_2022_09_02,2022-09-02,NRSC_Sentinel1A
27.349998,84.35,1.9649999737739563,9.469999849796295,14.22999969124794,14.594999685883522,21.409999452531338,0.0,0,BIHAR_2022_09_02,2022-09-02,NRSC_Sentinel1A
27.349998,84.45,1.8149999380111688,9.559999704360962,14.194999545812609,14.584999538958073,19.13999941945076,0.0,0,BIHAR_2022_09_02,2022-09-02,NRSC_Sentinel1A
27.349998,84.549995,3.5699998140335083,11.084999680519104,16.884999483823776,17.219999484717846,21.01999944448471,0.0,0,BIHAR_2022_09_02,2022-09-02,NRSC_Sentinel1A
27.349998,84.65,2.6800000071525574,10.854999721050262,17.58999964594841,18.174999628216028,21.97999961674213,0.0,0,BIHAR_2022_09_02,2022-09-02,NRSC_Sentinel1A
27.349998,84.75,2.6649999022483826,13.7349995970726,22.76999932527542,23.329999297857285,30.119999162852764,0.0,0,BIHAR_2022_09_02,2022-09-02,NRSC_Sentinel1A
27.349998,84.85,2.3749999403953552,15.389999568462372,23.589999586343765,23.92499957978725,29.874999471008778,0.0,0,BIHAR_2022_09_02,2022-09-02,NRSC_Sentinel1A
27.349998,84.95,4.319999933242798,17.459999561309814,24.444999516010284,25.409999519586563,34.74999939091504,0.0,0,BIHAR_2022_09_02,2022-09-02,NRSC_Sentinel1A
27.349998,85.049995,2.664999842643738,18.074999690055847,41.99499940872192,44.36499940603972,51.04999914485961,0.0,0,BIHAR_2022_09_02,2022-09-02,NRSC_Sentinel1A
27.349998,85.15,2.45499986410141,16.839999616146088,39.9599991440773,43.75999908149242,57.45499858632684,0.0,0,BIHAR_2022_09_02,2022-09-02,NRSC_Sentinel1A
27.349998,85.25,7.0849997997283936,23.85499930381775,57.53999853134155,61.97499834746122,73.43499816209078,0.0,0,BIHAR_2022_09_02,2022-09-02,NRSC_Sentinel1A
27.349998,85.35,2.1050000190734863,15.704999923706056,34.044999063014984,37.89999897778034,44.52999872714281,0.0,0,BIHAR_2022_09_02,2022-09-02,NRSC_Sentinel1A
27.349998,85.45,0.8949999511241913,12.194999665021896,24.90499928593636,28.31999922543764,33.45499914512038,0.0,0,BIHAR_2022_09_02,2022-09-02,NRSC_Sentinel1A
27.349998,85.549995,0.7400000095367432,7.399999797344208,12.679999724030496,15.134999677538872,18.58499958366156,0.0,0,BIHAR_2022_09_02,2022-09-02,NRSC_Sentinel1A
27.349998,85.65,0.4599999785423279,4.384999871253967,6.444999795407057,9.8599997125566,12.65999961271882,0.0,0,BIHAR_2022_09_02,2022-09-02,NRSC_Sentinel1A
27.349998,85.75,1.2599999904632568,4.449999898672104,6.059999853372574,8.189999796450138,10.999999690800903,0.0,0,BIHAR_2022_09_02,2022-09-02,NRSC_Sentinel1A
27.349998,85.85,0.4549999982118606,2.8199999183416367,4.364999854937196,6.604999767616391,8.809999702498317,0.0,0,BIHAR_2022_09_02,2022-09-02,NRSC_Sentinel1A
27.349998,85.95,0.5799999982118607,2.07499997317791,3.249999964609742,5.234999934211373,7.519999863579869,0.0,0,BIHAR_2022_09_02,2022-09-02,NRSC_Sentinel1A
27.349998,86.049995,0.6599999666213989,1.3699999526143074,2.249999947845936,3.1649999246001244,4.264999881386757,0.0,0,BIHAR_2022_09_02,2022-09-02,NRSC_Sentinel1A
27.349998,86.15,2.2299998998641968,2.809999875724316,2.929999873042106,3.1949998661875725,4.129999840632081,0.0,0,BIHAR_2022_09_02,2022-09-02,NRSC_Sentinel1A
27.349998,86.25,1.165000021457672,2.985000044107437,4.064999997615814,4.524999976158142,5.339999943971634,0.0,0,BIHAR_2022_09_02,2022-09-02,NRSC_Sentinel1A
27.349998,86.35,1.1800000071525574,3.4349999874830246,4.689999952912331,5.379999950528145,5.989999935030937,0.0,0,BIHAR_2022_09_02,2022-09-02,NRSC_Sentinel1A
27.349998,86.45,1.024999976158142,4.175000011920929,5.444999992847443,6.989999949932098,7.334999948740005,0.0,0,BIHAR_2022_09_02,2022-09-02,NRSC_Sentinel1A
27.349998,86.549995,2.209999918937683,4.789999902248383,5.189999878406525,7.624999821186066,7.624999821186066,0.0,0,BIHAR_2022_09_02,2022-09-02,NRSC_Sentinel1A
27.349998,86.65,3.439999938011169,5.134999856352806,5.474999845027924,6.574999809265137,6.8349997997283936,0.0,0,BIHAR_2022_09_02,2022-09-02,NRSC_Sentinel1A
27.349998,86.75,1.8549999594688416,4.2699998915195465,4.839999869465828,6.454999841749668,7.144999824464321,0.0,0,BIHAR_2022_09_02,2022-09-02,NRSC_Sentinel1A
27.349998,86.85,1.580000013113022,5.674999922513962,10.76499991118908,13.494999803602695,14.324999772012234,0.0,0,BIHAR_2022_09_02,2022-09-02,NRSC_Sentinel1A
27.349998,86.95,1.1199999749660492,7.06999996304512,11.059999823570251,13.354999788105488,14.319999761879444,0.0,0,BIHAR_2022_09_02,2022-09-02,NRSC_Sentinel1A
27.349998,87.049995,0.9399999976158142,8.749999791383743,22.53999963402748,23.57999961078167,24.86499957740307,0.0,0,BIHAR_2022_09_02,2022-09-02,NRSC_Sentinel1A
27.349998,87.15,2.7799999713897705,7.824999809265137,23.894999384880062,25.36999936401844,27.164999313652515,0.0,0,BIHAR_2022_09_02,2022-09-02,NRSC_Sentinel1A
27.349998,87.25,1.619999885559082,3.344999849796295,6.7449997663497925,7.574999749660492,9.864999701268973,0.0,0,BIHAR_2022_09_02,2022-09-02,NRSC_Sentinel1A
27.349998,87.35,1.9899999499320984,3.2149999141693115,6.399999871850014,8.129999801516533,10.619999760761855,0.0,0,BIHAR_2022_09_02,2022-09-02,NRSC_Sentinel1A
27.349998,87.45,2.064999997615814,4.549999952316284,6.859999895095825,8.37499988079071,10.84999979287386,0.0,0,BIHAR_2022_09_02,2022-09-02,NRSC_Sentinel1A
27.349998,87.549995,2.060000002384186,6.3299999833107,9.389999896287918,11.139999836683272,14.644999724812806,0.0,0,BIHAR_2022_09_02,2022-09-02,NRSC_Sentinel1A
27.349998,87.65,1.8950000405311584,8.809999793767929,14.869999676942824,18.46999967098236,21.914999589324,0.0,0,BIHAR_2022_09_02,2022-09-02,NRSC_Sentinel1A
27.349998,87.75,0.7199999988079071,10.179999679327013,17.49499949812889,21.00999942421913,25.70999929308892,0.0,0,BIHAR_2022_09_02,2022-09-02,NRSC_Sentinel1A
27.349998,87.85,1.2999999821186066,8.58500000834465,17.909999817609787,20.689999759197235,25.434999719262123,0.0,0,BIHAR_2022_09_02,2022-09-02,NRSC_Sentinel1A
27.349998,87.95,2.109999895095825,5.364999860525131,7.54999977350235,9.644999742507936,13.089999660849571,0.0,0,BIHAR_2022_09_02,2022-09-02,NRSC_Sentinel1A
27.349998,88.049995,2.524999976158142,5.169999897480011,6.90499983727932,9.9349996894598,12.16499961912632,0.0,0,BIHAR_2022_09_02,2022-09-02,NRSC_Sentinel1A
27.349998,88.15,2.539999961853028,7.639999777078627,7.814999774098396,9.434999756515026,11.244999706745148,0.0,0,BIHAR_2022_09_02,2022-09-02,NRSC_Sentinel1A
27.349998,88.25,6.3999998569488525,13.64499968290329,13.859999670647085,14.98499961104244,16.47999958600849,0.0,0,BIHAR_2022_09_02,2022-09-02,NRSC_Sentinel1A
27.349998,88.35,0.8999999910593033,9.524999871850014,9.7099998742342,10.314999863505363,11.549999829381704,0.0,0,BIHAR_2022_09_02,2022-09-02,NRSC_Sentinel1A
27.349998,88.45,0.7049999833106995,9.939999639987946,21.63999938964844,22.314999371767044,23.204999327659607,0.0,0,BIHAR_2022_09_02,2022-09-02,NRSC_Sentinel1A
27.449999,83.049995,2.679999887943268,12.139999568462372,28.014999091625214,31.81499901413917,47.74999868310988,0.0,0,BIHAR_2022_09_02,2022-09-02,NRSC_Sentinel1A
27.449999,83.15,2.0299999117851257,10.904999673366548,26.95499950647354,31.339999452233315,54.86999898403883,0.0,0,BIHAR_2022_09_02,2022-09-02,NRSC_Sentinel1A
27.449999,83.25,2.2549999952316284,9.989999890327454,21.69499969482422,26.314999535679817,47.92999917175621,0.0,0,BIHAR_2022_09_02,2022-09-02,NRSC_Sentinel1A
27.449999,83.35,1.9649999737739563,9.939999639987946,18.43999928236008,21.789999172091484,33.62999903596938,0.0,0,BIHAR_2022_09_02,2022-09-02,NRSC_Sentinel1A
27.449999,83.45,2.1549999117851257,10.16999977827072,16.644999653100967,20.274999544024467,25.19499935396016,0.0,0,BIHAR_2022_09_02,2022-09-02,NRSC_Sentinel1A
27.449999,83.549995,1.9999999403953552,9.284999668598177,15.94999948143959,17.389999446459115,23.13499922771007,0.0,0,BIHAR_2022_09_02,2022-09-02,NRSC_Sentinel1A
27.449999,83.65,1.4899999499320984,8.114999830722809,14.8549997061491,15.669999688863754,20.23499952629209,0.0,0,BIHAR_2022_09_02,2022-09-02,NRSC_Sentinel1A
27.449999,83.75,1.0999999940395355,6.589999884366989,12.654999792575836,13.274999767541884,18.35999966971576,0.0,0,BIHAR_2022_09_02,2022-09-02,NRSC_Sentinel1A
27.449999,83.85,1.619999885559082,6.7099997997283936,11.60499969124794,12.229999661445618,17.224999502301216,0.0,0,BIHAR_2022_09_02,2022-09-02,NRSC_Sentinel1A
27.449999,83.95,1.459999978542328,6.959999978542328,11.73999997973442,12.109999969601631,22.64999955892563,0.0,0,BIHAR_2022_09_02,2022-09-02,NRSC_Sentinel1A
27.449999,84.049995,1.6149999499320984,7.064999759197235,10.769999653100967,11.109999641776083,21.03999946452677,0.0,0,BIHAR_2022_09_02,2022-09-02,NRSC_Sentinel1A
27.449999,84.15,1.829999923706055,8.289999961853027,13.049999862909315,13.40999985486269,21.07499977201224,0.0,0,BIHAR_2022_09_02,2022-09-02,NRSC_Sentinel1A
27.449999,84.25,1.9749999642372127,9.474999845027924,14.699999779462814,15.064999766647816,20.61499965935945,0.0,0,BIHAR_2022_09_02,2022-09-02,NRSC_Sentinel1A
27.449999,84.35,2.8949999809265137,10.194999814033508,16.04499962925911,16.399999618530273,21.614999562501907,0.0,0,BIHAR_2022_09_02,2022-09-02,NRSC_Sentinel1A
27.449999,84.45,2.369999945163727,10.279999554157255,15.554999500513077,16.004999488592148,22.01499935239553,0.0,0,BIHAR_2022_09_02,2022-09-02,NRSC_Sentinel1A
27.449999,84.549995,1.9199999272823327,10.15499982237816,16.764999702572823,17.244999695569277,22.809999404475093,0.0,0,BIHAR_2022_09_02,2022-09-02,NRSC_Sentinel1A
27.449999,84.65,1.629999965429306,8.9299997985363,14.604999713599682,15.094999700784683,19.654999509453773,0.0,0,BIHAR_2022_09_02,2022-09-02,NRSC_Sentinel1A
27.449999,84.75,1.6199999153614044,9.969999819993973,17.704999685287476,18.0449996739626,19.75499961618334,0.0,0,BIHAR_2022_09_02,2022-09-02,NRSC_Sentinel1A
27.449999,84.85,1.469999998807907,9.064999908208849,15.409999825060368,16.049999803304672,18.14999974984676,0.0,0,BIHAR_2022_09_02,2022-09-02,NRSC_Sentinel1A
27.449999,84.95,1.4749999046325684,7.699999809265137,11.094999730587006,12.894999668002129,15.999999590218067,0.0,0,BIHAR_2022_09_02,2022-09-02,NRSC_Sentinel1A
27.449999,85.049995,3.134999930858612,8.114999890327454,10.544999852776527,12.264999806880953,14.129999757744372,0.0,0,BIHAR_2022_09_02,2022-09-02,NRSC_Sentinel1A
27.449999,85.15,2.940000057220459,10.349999964237211,12.204999920912089,14.84499986935407,17.85999978426844,0.0,0,BIHAR_2022_09_02,2022-09-02,NRSC_Sentinel1A
27.449999,85.25,1.7049999833106997,11.759999811649324,14.694999781437218,19.134999667294323,28.60499959625304,0.0,0,BIHAR_2022_09_02,2022-09-02,NRSC_Sentinel1A
27.449999,85.35,1.5349999517202375,13.129999741911888,24.18999950587749,26.44499944895506,30.864999309182167,0.0,0,BIHAR_2022_09_02,2022-09-02,NRSC_Sentinel1A
27.449999,85.45,0.439999982714653,11.114999696612358,22.58499936759472,24.72499929368496,29.08499916270376,0.0,0,BIHAR_2022_09_02,2022-09-02,NRSC_Sentinel1A
27.449999,85.549995,0.6550000011920929,7.244999676942825,12.744999557733536,14.474999517202376,18.59999943524599,0.0,0,BIHAR_2022_09_02,2022-09-02,NRSC_Sentinel1A
27.449999,85.65,1.9399999380111688,5.669999808073044,11.704999640583992,13.469999611377716,16.97499953210354,0.0,0,BIHAR_2022_09_02,2022-09-02,NRSC_Sentinel1A
27.449999,85.75,1.4649999737739563,3.2649999856948853,4.499999955296516,6.334999918937683,9.609999857842922,0.0,0,BIHAR_2022_09_02,2022-09-02,NRSC_Sentinel1A
27.449999,85.85,2.5299999713897705,3.7649999111890793,5.204999871551991,8.779999762773514,11.749999687075617,0.0,0,BIHAR_2022_09_02,2022-09-02,NRSC_Sentinel1A
27.449999,85.95,0.6549999713897705,1.5149999260902405,2.0999999195337296,7.454999826848507,10.199999757111073,0.0,0,BIHAR_2022_09_02,2022-09-02,NRSC_Sentinel1A
27.449999,86.049995,2.2149999141693115,3.014999896287918,3.779999874532223,19.474999599158764,22.229999497532845,0.0,0,BIHAR_2022_09_02,2022-09-02,NRSC_Sentinel1A
27.449999,86.15,11.81999969482422,15.109999626874924,15.464999623596668,29.6699995175004,31.8799994904548,0.0,0,BIHAR_2022_09_02,2022-09-02,NRSC_Sentinel1A
27.449999,86.25,2.314999938011169,6.074999809265137,6.904999781399965,9.984999734908342,10.769999710842969,0.0,0,BIHAR_2022_09_02,2022-09-02,NRSC_Sentinel1A
27.449999,86.35,3.629999995231629,7.10999995470047,8.149999916553497,8.729999899864197,8.889999890699983,0.0,0,BIHAR_2022_09_02,2022-09-02,NRSC_Sentinel1A
27.449999,86.45,3.374999761581421,7.159999668598175,8.21499964594841,10.749999582767488,10.754999582655728,0.0,0,BIHAR_2022_09_02,2022-09-02,NRSC_Sentinel1A
27.449999,86.549995,3.794999808073044,6.864999741315842,13.284999519586565,15.054999493062496,15.054999493062496,0.0,0,BIHAR_2022_09_02,2022-09-02,NRSC_Sentinel1A
27.449999,86.65,23.584999084472656,24.89499904215336,34.51499880850315,36.78999874740839,37.3849987462163,0.0,0,BIHAR_2022_09_02,2022-09-02,NRSC_Sentinel1A
27.449999,86.75,9.84999942779541,26.254998207092285,26.55999819934368,28.894998125731945,30.53499808907509,0.0,0,BIHAR_2022_09_02,2022-09-02,NRSC_Sentinel1A
27.449999,86.85,3.109999775886536,24.539999127388,24.72999912500381,27.619999047368765,31.83499897643924,0.0,0,BIHAR_2022_09_02,2022-09-02,NRSC_Sentinel1A
27.449999,86.95,10.389999866485596,34.94499921798706,34.95499921776354,36.87499917112291,39.4399991389364,0.0,0,BIHAR_2022_09_02,2022-09-02,NRSC_Sentinel1A
27.449999,87.049995,1.0949999392032623,28.99999895691872,40.4849987924099,41.09499877691269,44.18499873578549,0.0,0,BIHAR_2022_09_02,2022-09-02,NRSC_Sentinel1A
27.449999,87.15,0.5099999755620956,15.089999720454216,33.14999942481518,35.23999935388565,38.60999931395054,0.0,0,BIHAR_2022_09_02,2022-09-02,NRSC_Sentinel1A
27.449999,87.25,0.6099999845027924,5.749999821186066,12.42499965429306,15.539999641478062,20.91499955207109,0.0,0,BIHAR_2022_09_02,2022-09-02,NRSC_Sentinel1A
27.449999,87.35,1.1399999558925629,5.324999839067459,12.22999969124794,14.764999598264694,19.699999399483204,0.0,0,BIHAR_2022_09_02,2022-09-02,NRSC_Sentinel1A
27.449999,87.45,1.215000003576279,4.039999932050705,10.65499982237816,13.819999791681768,18.40999972075224,0.0,0,BIHAR_2022_09_02,2022-09-02,NRSC_Sentinel1A
27.449999,87.549995,1.3649999499320984,6.119999825954437,11.619999766349792,14.93499969597906,20.11999966111034,0.0,0,BIHAR_2022_09_02,2022-09-02,NRSC_Sentinel1A
27.449999,87.65,1.3049999326467514,8.769999787211418,13.829999789595604,15.504999741911888,18.27499966323376,0.0,0,BIHAR_2022_09_02,2022-09-02,NRSC_Sentinel1A
27.449999,87.75,0.209999993443489,8.939999774098396,15.024999633431436,15.579999640583992,17.639999583363533,0.0,0,BIHAR_2022_09_02,2022-09-02,NRSC_Sentinel1A
27.449999,87.85,0.5199999958276749,7.28499998152256,13.399999991059303,15.534999921917915,17.184999898076057,0.0,0,BIHAR_2022_09_02,2022-09-02,NRSC_Sentinel1A
27.449999,87.95,0.699999988079071,3.7499999701976776,4.614999935030937,4.614999935030937,6.934999912977219,0.0,0,BIHAR_2022_09_02,2022-09-02,NRSC_Sentinel1A
27.449999,88.049995,1.9200000166893003,4.020000010728836,5.8399999886751175,7.559999957680702,10.16499988734722,0.0,0,BIHAR_2022_09_02,2022-09-02,NRSC_Sentinel1A
27.449999,88.15,1.590000003576279,6.229999929666519,16.08499965071678,17.289999656379223,19.36999962478876,0.0,0,BIHAR_2022_09_02,2022-09-02,NRSC_Sentinel1A
27.449999,88.25,1.3749999403953552,6.499999821186066,13.624999612569807,13.624999612569807,15.099999584257604,0.0,0,BIHAR_2022_09_02,2022-09-02,NRSC_Sentinel1A
27.449999,88.35,0.4699999988079071,7.324999898672104,17.269999653100967,17.269999653100967,18.489999651908875,0.0,0,BIHAR_2022_09_02,2022-09-02,NRSC_Sentinel1A
27.449999,88.45,0.0,6.989999890327454,17.699999898672104,17.699999898672104,18.274999868124723,0.0,0,BIHAR_2022_09_02,2022-09-02,NRSC_Sentinel1A
27.55,83.049995,2.1149999499320984,7.069999754428864,17.184999406337738,21.92999929189682,48.4999985396862,0.0,0,BIHAR_2022_09_02,2022-09-02,NRSC_Sentinel1A
27.55,83.15,2.1049999594688416,7.759999811649322,17.52499955892563,22.14499944448471,55.53999901562929,0.0,0,BIHAR_2022_09_02,2022-09-02,NRSC_Sentinel1A
27.55,83.25,1.9449999332427976,8.529999852180481,17.804999589920044,23.07999941706657,64.23499861359596,0.0,0,BIHAR_2022_09_02,2022-09-02,NRSC_Sentinel1A
27.55,83.35,2.0550000071525574,8.274999916553497,15.024999856948853,19.45999970287085,47.64499905705452,0.0,0,BIHAR_2022_09_02,2022-09-02,NRSC_Sentinel1A
27.55,83.45,2.259999990463257,8.519999861717224,14.464999675750732,16.809999622404575,36.04999930877239,0.0,0,BIHAR_2022_09_02,2022-09-02,NRSC_Sentinel1A
27.55,83.549995,1.4149999618530271,6.964999735355377,13.879999577999117,15.029999542981386,28.24999924376607,0.0,0,BIHAR_2022_09_02,2022-09-02,NRSC_Sentinel1A
27.55,83.65,0.9099999964237212,5.664999812841415,12.909999519586565,14.004999488592148,23.754999205470085,0.0,0,BIHAR_2022_09_02,2022-09-02,NRSC_Sentinel1A
27.55,83.75,1.2999999523162842,4.879999876022339,10.339999794960022,10.789999790489674,19.12999957054853,0.0,0,BIHAR_2022_09_02,2022-09-02,NRSC_Sentinel1A
27.55,83.85,2.2699999809265137,5.809999883174896,10.78499972820282,11.049999721348286,23.91499952226877,0.0,0,BIHAR_2022_09_02,2022-09-02,NRSC_Sentinel1A
27.55,83.95,2.169999957084656,6.034999907016754,11.32499971985817,11.65499971807003,26.67999953776598,0.0,0,BIHAR_2022_09_02,2022-09-02,NRSC_Sentinel1A
27.55,84.049995,2.240000009536743,6.484999895095825,11.384999729692936,11.684999719262125,20.14499944821,0.0,0,BIHAR_2022_09_02,2022-09-02,NRSC_Sentinel1A
27.55,84.15,4.884999990463257,10.209999918937685,14.949999823234975,15.184999815188348,19.33999967109412,0.0,0,BIHAR_2022_09_02,2022-09-02,NRSC_Sentinel1A
27.55,84.25,5.039999961853027,11.56999969482422,16.244999647140503,16.564999647438526,19.999999560415745,0.0,0,BIHAR_2022_09_02,2022-09-02,NRSC_Sentinel1A
27.55,84.35,3.509999990463257,9.739999651908876,13.909999613650143,14.389999602921309,20.28999945987016,0.0,0,BIHAR_2022_09_02,2022-09-02,NRSC_Sentinel1A
27.55,84.45,2.449999988079071,10.19999986886978,15.724999725818634,16.504999682307243,23.99499943852425,0.0,0,BIHAR_2022_09_02,2022-09-02,NRSC_Sentinel1A
27.55,84.549995,3.2149999141693115,12.019999861717224,26.87499952316284,27.84499948099256,36.00499926041812,0.0,0,BIHAR_2022_09_02,2022-09-02,NRSC_Sentinel1A
27.55,84.65,2.024999976158142,8.984999656677246,21.18499943614006,21.659999411553144,29.49999943654984,0.0,0,BIHAR_2022_09_02,2022-09-02,NRSC_Sentinel1A
27.55,84.75,2.049999952316284,9.039999723434448,15.614999577403069,16.029999565333128,20.499999411404133,0.0,0,BIHAR_2022_09_02,2022-09-02,NRSC_Sentinel1A
27.55,84.85,0.3900000005960464,7.799999728798866,14.344999596476557,15.114999577403069,17.664999509230256,0.0,0,BIHAR_2022_09_02,2022-09-02,NRSC_Sentinel1A
27.55,84.95,0.3949999809265136,7.104999601840973,9.939999533817172,10.824999494478106,13.569999461993577,0.0,0,BIHAR_2022_09_02,2022-09-02,NRSC_Sentinel1A
27.55,85.049995,0.5399999916553497,4.909999996423721,7.144999921321869,8.104999907314777,10.3349998742342,0.0,0,BIHAR_2022_09_02,2022-09-02,NRSC_Sentinel1A
27.55,85.15,0.7450000047683716,3.1149998903274536,5.4449998289346695,7.579999800771475,10.53999973461032,0.0,0,BIHAR_2022_09_02,2022-09-02,NRSC_Sentinel1A
27.55,85.25,0.4399999976158142,1.809999972581864,3.2899999395012856,5.21499989926815,8.10499982535839,0.0,0,BIHAR_2022_09_02,2022-09-02,NRSC_Sentinel1A
27.55,85.35,0.4399999976158142,1.5599999874830246,2.119999974966049,3.6499999314546585,6.399999868124723,0.0,0,BIHAR_2022_09_02,2022-09-02,NRSC_Sentinel1A
27.55,85.45,0.5399999916553497,1.5199999660253525,2.06999995559454,3.524999938905239,6.46999987680465,0.0,0,BIHAR_2022_09_02,2022-09-02,NRSC_Sentinel1A
27.55,85.549995,0.6049999892711639,1.6249999552965164,2.35999995470047,4.304999873042107,7.524999782443047,0.0,0,BIHAR_2022_09_02,2022-09-02,NRSC_Sentinel1A
27.55,85.65,0.6299999952316284,1.554999977350235,3.7299999594688416,7.4049998447299,10.954999770969152,0.0,0,BIHAR_2022_09_02,2022-09-02,NRSC_Sentinel1A
27.55,85.75,2.799999952316284,3.969999946653843,5.13999991863966,10.099999777972698,14.584999695420263,0.0,0,BIHAR_2022_09_02,2022-09-02,NRSC_Sentinel1A
27.55,85.85,1.3399999737739563,2.329999953508377,3.4849999397993088,8.87999975681305,12.554999679327013,0.0,0,BIHAR_2022_09_02,2022-09-02,NRSC_Sentinel1A
27.55,85.95,2.350000023841858,3.195000022649765,5.46999990940094,11.94999986886978,15.159999754279852,0.0,0,BIHAR_2022_09_02,2022-09-02,NRSC_Sentinel1A
27.55,86.049995,3.144999861717224,4.309999823570252,5.599999785423279,18.169999420642853,21.274999340064824,0.0,0,BIHAR_2022_09_02,2022-09-02,NRSC_Sentinel1A
27.55,86.15,2.819999933242798,5.0849997997283936,6.654999747872353,17.66999961435795,20.05499956011772,0.0,0,BIHAR_2022_09_02,2022-09-02,NRSC_Sentinel1A
27.55,86.25,2.0249999165534973,5.98499983549118,10.864999741315842,16.4849995970726,18.09499955177307,0.0,0,BIHAR_2022_09_02,2022-09-02,NRSC_Sentinel1A
27.55,86.35,7.680000066757202,11.929999947547913,16.484999805688858,19.3999997228384,20.56499967444688,0.0,0,BIHAR_2022_09_02,2022-09-02,NRSC_Sentinel1A
27.55,86.45,5.069999933242798,10.649999678134918,15.154999643564224,17.989999547600746,20.42499947547913,0.0,0,BIHAR_2022_09_02,2022-09-02,NRSC_Sentinel1A
27.55,86.549995,16.28000020980835,23.685000121593475,28.52999997138977,30.76499992609024,33.5749998614192,0.0,0,BIHAR_2022_09_02,2022-09-02,NRSC_Sentinel1A
27.55,86.65,13.259999752044678,21.589999556541443,27.809999465942383,30.064999401569366,33.91499927639961,0.0,0,BIHAR_2022_09_02,2022-09-02,NRSC_Sentinel1A
27.55,86.75,6.829999923706055,22.24499922990799,25.04999913275242,27.48999904841185,31.66999899595976,0.0,0,BIHAR_2022_09_02,2022-09-02,NRSC_Sentinel1A
27.55,86.85,2.370000004768372,19.56499993801117,29.204999804496765,32.91499969828874,38.759999555535614,0.0,0,BIHAR_2022_09_02,2022-09-02,NRSC_Sentinel1A
27.55,86.95,2.734999895095825,22.76999974250793,45.94999897480011,49.12999889627099,54.47999880090356,0.0,0,BIHAR_2022_09_02,2022-09-02,NRSC_Sentinel1A
27.55,87.049995,3.220000028610229,20.044999957084656,37.07499957084656,39.65999946370721,45.12999937403947,0.0,0,BIHAR_2022_09_02,2022-09-02,NRSC_Sentinel1A
27.55,87.15,0.7599999606609344,12.389999598264694,47.62999913096428,50.22999908402562,55.36499894224107,0.0,0,BIHAR_2022_09_02,2022-09-02,NRSC_Sentinel1A
27.55,87.25,0.5849999785423279,5.539999902248383,11.689999729394913,14.05999969691038,19.404999484308064,0.0,0,BIHAR_2022_09_02,2022-09-02,NRSC_Sentinel1A
27.55,87.35,0.4199999794363975,3.984999917447567,8.074999772012234,10.324999693781136,13.989999635145068,0.0,0,BIHAR_2022_09_02,2022-09-02,NRSC_Sentinel1A
27.55,87.45,0.4299999997019768,3.489999882876873,8.124999694526196,11.184999592602251,15.314999466761948,0.0,0,BIHAR_2022_09_02,2022-09-02,NRSC_Sentinel1A
27.55,87.549995,0.3949999883770942,3.554999954998493,8.399999864399433,12.894999749958515,16.864999659359455,0.0,0,BIHAR_2022_09_02,2022-09-02,NRSC_Sentinel1A
27.55,87.65,0.4299999997019768,3.15499996393919,7.119999848306179,9.199999824166298,11.38499977439642,0.0,0,BIHAR_2022_09_02,2022-09-02,NRSC_Sentinel1A
27.55,87.75,0.2149999961256981,3.3149999603629112,6.8599998280406,8.694999806582928,11.3749997317791,0.0,0,BIHAR_2022_09_02,2022-09-02,NRSC_Sentinel1A
27.55,87.85,1.425000011920929,4.529999941587448,9.319999814033508,10.884999781847,13.759999707341194,0.0,0,BIHAR_2022_09_02,2022-09-02,NRSC_Sentinel1A
27.55,87.95,1.2350000143051147,3.7199999690055847,8.004999727010727,8.004999727010727,10.38499964773655,0.0,0,BIHAR_2022_09_02,2022-09-02,NRSC_Sentinel1A
27.55,88.049995,0.8199999630451202,2.699999898672104,5.964999780058861,6.334999762475491,12.80999956279993,0.0,0,BIHAR_2022_09_02,2022-09-02,NRSC_Sentinel1A
27.55,88.15,0.8599999845027924,3.0149999260902405,8.164999783039093,9.94999973848462,14.469999682158232,0.0,0,BIHAR_2022_09_02,2022-09-02,NRSC_Sentinel1A
27.55,88.25,0.7849999666213989,2.999999910593033,8.219999819993973,8.719999805092812,10.569999799132349,0.0,0,BIHAR_2022_09_02,2022-09-02,NRSC_Sentinel1A
27.55,88.35,0.1649999916553497,3.399999797344208,11.95499962568283,12.33499962091446,14.379999548196793,0.0,0,BIHAR_2022_09_02,2022-09-02,NRSC_Sentinel1A
27.55,88.45,0.0,2.319999992847442,6.019999995827675,6.134999990463257,8.024999931454659,0.0,0,BIHAR_2022_09_02,2022-09-02,NRSC_Sentinel1A
27.65,83.049995,0.8149999678134918,5.094999819993973,14.594999700784683,18.33999966084957,63.12999884784222,0.0,0,BIHAR_2022_09_02,2022-09-02,NRSC_Sentinel1A
27.65,83.15,1.050000011920929,5.034999966621399,13.16999977827072,16.869999669492245,67.43499758094549,0.0,0,BIHAR_2022_09_02,2022-09-02,NRSC_Sentinel1A
27.65,83.25,1.0649999678134918,5.2199998795986176,13.769999474287031,17.46999943256378,64.6799983382225,0.0,0,BIHAR_2022_09_02,2022-09-02,NRSC_Sentinel1A
27.65,83.35,0.8050000071525574,5.069999933242798,12.62499976158142,15.994999699294569,49.52999906986952,0.0,0,BIHAR_2022_09_02,2022-09-02,NRSC_Sentinel1A
27.65,83.45,0.8349999785423279,5.529999792575836,15.149999678134918,17.169999666512012,37.88499886542559,0.0,0,BIHAR_2022_09_02,2022-09-02,NRSC_Sentinel1A
27.65,83.549995,0.7899999618530273,4.544999778270721,12.539999663829803,13.154999651014805,28.564999110996723,0.0,0,BIHAR_2022_09_02,2022-09-02,NRSC_Sentinel1A
27.65,83.65,0.7299999892711639,4.374999850988388,12.224999696016312,12.734999671578407,22.604999497532845,0.0,0,BIHAR_2022_09_02,2022-09-02,NRSC_Sentinel1A
27.65,83.75,1.175000011920929,4.174999952316284,10.614999681711195,11.064999669790268,18.58999940007925,0.0,0,BIHAR_2022_09_02,2022-09-02,NRSC_Sentinel1A
27.65,83.85,4.049999952316284,7.239999949932098,13.95999962091446,14.394999608397484,21.40499956905842,0.0,0,BIHAR_2022_09_02,2022-09-02,NRSC_Sentinel1A
27.65,83.95,5.069999694824219,9.399999618530272,17.11999934911728,17.52999933063984,22.13999918103218,0.0,0,BIHAR_2022_09_02,2022-09-02,NRSC_Sentinel1A
27.65,84.049995,3.964999914169312,8.284999787807465,14.729999780654907,15.109999775886536,18.174999678507447,0.0,0,BIHAR_2022_09_02,2022-09-02,NRSC_Sentinel1A
27.65,84.15,6.089999914169312,11.609999895095823,18.229999721050262,18.44999971240759,20.524999674409628,0.0,0,BIHAR_2022_09_02,2022-09-02,NRSC_Sentinel1A
27.65,84.25,8.065000057220459,14.970000088214874,20.734999865293503,20.95499985665083,24.894999739713967,0.0,0,BIHAR_2022_09_02,2022-09-02,NRSC_Sentinel1A
27.65,84.35,8.329999923706055,14.694999814033508,19.1699996739626,19.62999966740608,26.77999951690436,0.0,0,BIHAR_2022_09_02,2022-09-02,NRSC_Sentinel1A
27.65,84.45,6.634999871253967,17.434999704360962,22.46499951183796,22.94499949738384,29.10999937914312,0.0,0,BIHAR_2022_09_02,2022-09-02,NRSC_Sentinel1A
27.65,84.549995,4.849999785423279,17.16499960422516,20.51999954134226,21.54999952018261,26.674999380484223,0.0,0,BIHAR_2022_09_02,2022-09-02,NRSC_Sentinel1A
27.65,84.65,1.8550000190734863,17.15999984741211,27.739999532699585,29.299999482929707,31.82499939855188,0.0,0,BIHAR_2022_09_02,2022-09-02,NRSC_Sentinel1A
27.65,84.75,1.6349999904632568,16.62999963760376,23.76499956846237,25.17499953135848,27.79499947372824,0.0,0,BIHAR_2022_09_02,2022-09-02,NRSC_Sentinel1A
27.65,84.85,0.3900000005960464,12.594999685883522,21.029999688267708,22.329999670386314,25.33999960590154,0.0,0,BIHAR_2022_09_02,2022-09-02,NRSC_Sentinel1A
27.65,84.95,0.4599999934434891,7.914999917149544,10.68999993801117,11.879999913275242,14.934999823570251,0.0,0,BIHAR_2022_09_02,2022-09-02,NRSC_Sentinel1A
27.65,85.049995,0.324999988079071,4.499999821186066,7.3099998049438,8.329999793320894,10.969999704509974,0.0,0,BIHAR_2022_09_02,2022-09-02,NRSC_Sentinel1A
27.65,85.15,0.1699999943375587,2.364999957382679,3.959999896585941,4.979999881237745,7.484999816864729,0.0,0,BIHAR_2022_09_02,2022-09-02,NRSC_Sentinel1A
27.65,85.25,0.3449999988079071,1.4749999791383743,3.009999953210354,3.839999932795763,6.564999882131815,0.0,0,BIHAR_2022_09_02,2022-09-02,NRSC_Sentinel1A
27.65,85.35,0.3899999856948852,1.3149999529123306,3.549999937415123,4.554999895393848,7.2549998089671135,0.0,0,BIHAR_2022_09_02,2022-09-02,NRSC_Sentinel1A
27.65,85.45,0.3899999856948852,1.0499999821186066,5.889999896287918,9.534999758005142,12.989999659359457,0.0,0,BIHAR_2022_09_02,2022-09-02,NRSC_Sentinel1A
27.65,85.549995,0.3949999809265136,0.9599999636411668,2.659999907016754,11.19499982893467,14.68999969959259,0.0,0,BIHAR_2022_09_02,2022-09-02,NRSC_Sentinel1A
27.65,85.65,1.0149999558925629,1.7499999105930328,4.009999841451645,13.609999746084211,17.34999965876341,0.0,0,BIHAR_2022_09_02,2022-09-02,NRSC_Sentinel1A
27.65,85.75,1.949999988079071,2.8249999545514584,3.68499993532896,13.844999566674232,16.494999513030052,0.0,0,BIHAR_2022_09_02,2022-09-02,NRSC_Sentinel1A
27.65,85.85,4.099999904632568,5.45999988541007,7.019999828189611,20.06999978795648,22.31499971076846,0.0,0,BIHAR_2022_09_02,2022-09-02,NRSC_Sentinel1A
27.65,85.95,1.469999998807907,2.594999957829714,3.819999922066927,15.674999702721834,17.92499965056777,0.0,0,BIHAR_2022_09_02,2022-09-02,NRSC_Sentinel1A
27.65,86.049995,1.6399999856948853,2.609999959357083,3.904999946244061,11.574999724514782,14.08999962452799,0.0,0,BIHAR_2022_09_02,2022-09-02,NRSC_Sentinel1A
27.65,86.15,0.5899999737739563,2.1799999475479126,3.364999920129776,10.349999696016312,13.74999960884452,0.0,0,BIHAR_2022_09_02,2022-09-02,NRSC_Sentinel1A
27.65,86.25,1.324999988079071,4.059999942779541,7.864999890327454,10.469999831169844,14.32499971985817,0.0,0,BIHAR_2022_09_02,2022-09-02,NRSC_Sentinel1A
27.65,86.35,2.060000002384186,5.279999852180481,8.924999833106995,10.269999794662,14.99499974027276,0.0,0,BIHAR_2022_09_02,2022-09-02,NRSC_Sentinel1A
27.65,86.45,5.2799999713897705,7.9449999034404755,9.49999986588955,11.744999818503857,16.89999969676137,0.0,0,BIHAR_2022_09_02,2022-09-02,NRSC_Sentinel1A
27.65,86.549995,1.2249999344348907,5.549999982118607,7.124999932944775,8.439999908208847,12.929999761283398,0.0,0,BIHAR_2022_09_02,2022-09-02,NRSC_Sentinel1A
27.65,86.65,4.085000038146973,9.139999985694883,12.854999899864197,14.384999863803388,20.13999976683408,0.0,0,BIHAR_2022_09_02,2022-09-02,NRSC_Sentinel1A
27.65,86.75,2.934999942779541,10.31499981880188,16.48499971628189,17.414999693632126,21.654999640770257,0.0,0,BIHAR_2022_09_02,2022-09-02,NRSC_Sentinel1A
27.65,86.85,6.174999594688416,13.614999413490295,19.56499934196472,20.824999317526817,25.214999191463,0.0,0,BIHAR_2022_09_02,2022-09-02,NRSC_Sentinel1A
27.65,86.95,3.5749999582767487,15.265000134706495,32.11499944329262,33.87499940395355,38.68999929726124,0.0,0,BIHAR_2022_09_02,2022-09-02,NRSC_Sentinel1A
27.65,87.049995,1.5799999833106997,16.039999783039093,28.86499947309494,31.919999411329627,36.849999314174056,0.0,0,BIHAR_2022_09_02,2022-09-02,NRSC_Sentinel1A
27.65,87.15,1.0099999904632568,15.539999783039091,40.05499964952469,42.25999964028597,47.67499943822622,0.0,0,BIHAR_2022_09_02,2022-09-02,NRSC_Sentinel1A
27.65,87.25,0.3799999803304672,11.754999503493307,14.32499946653843,15.984999414533377,24.529999304562807,0.0,0,BIHAR_2022_09_02,2022-09-02,NRSC_Sentinel1A
27.65,87.35,0.3099999874830246,5.594999894499779,10.494999825954435,12.854999769479036,20.31499958410859,0.0,0,BIHAR_2022_09_02,2022-09-02,NRSC_Sentinel1A
27.65,87.45,0.4499999955296516,2.9749998822808266,7.234999720007181,9.709999676793814,16.294999536126852,0.0,0,BIHAR_2022_09_02,2022-09-02,NRSC_Sentinel1A
27.65,87.549995,0.1449999958276748,2.1299998909235,4.34999980032444,7.384999729692936,13.269999604672194,0.0,0,BIHAR_2022_09_02,2022-09-02,NRSC_Sentinel1A
27.65,87.65,0.2299999967217445,1.8649999871850007,4.919999904930592,5.644999876618385,11.079999666661024,0.0,0,BIHAR_2022_09_02,2022-09-02,NRSC_Sentinel1A
27.65,87.75,0.8650000095367432,2.3850000202655792,5.259999945759773,6.934999905526638,15.119999639689922,0.0,0,BIHAR_2022_09_02,2022-09-02,NRSC_Sentinel1A
27.65,87.85,1.0199999809265137,2.414999932050705,6.03999987244606,6.769999861717224,19.749999582767487,0.0,0,BIHAR_2022_09_02,2022-09-02,NRSC_Sentinel1A
27.65,87.95,1.0199999809265137,2.084999948740005,2.309999942779541,3.674999877810478,17.979999713599682,0.0,0,BIHAR_2022_09_02,2022-09-02,NRSC_Sentinel1A
27.65,88.049995,0.9449999630451202,2.989999867975712,4.5199998170137405,5.509999796748161,18.409999392926693,0.0,0,BIHAR_2022_09_02,2022-09-02,NRSC_Sentinel1A
27.65,88.15,0.0599999986588954,2.549999874085188,4.004999853670597,5.144999820739031,16.69499957934022,0.0,0,BIHAR_2022_09_02,2022-09-02,NRSC_Sentinel1A
27.65,88.25,0.1199999973177909,2.5200000032782555,4.750000037252903,6.254999995231628,15.519999720156193,0.0,0,BIHAR_2022_09_02,2022-09-02,NRSC_Sentinel1A
27.65,88.35,0.5750000029802322,2.7249999940395355,4.34499996714294,4.9449999667704105,8.894999857991934,0.0,0,BIHAR_2022_09_02,2022-09-02,NRSC_Sentinel1A
27.65,88.45,0.0,2.339999943971634,5.549999825656414,6.244999811053276,11.449999697506428,0.0,0,BIHAR_2022_09_02,2022-09-02,NRSC_Sentinel1A
27.75,83.049995,0.875,5.71999979019165,11.634999632835388,14.469999574124811,57.63999878615141,0.0,0,BIHAR_2022_09_02,2022-09-02,NRSC_Sentinel1A
27.75,83.15,0.554999977350235,5.104999929666519,10.334999859333038,12.689999781548975,53.649998642504215,0.0,0,BIHAR_2022_09_02,2022-09-02,NRSC_Sentinel1A
27.75,83.25,0.5099999755620956,4.554999992251396,10.79999966919422,12.91999962925911,44.39499934017658,0.0,0,BIHAR_2022_09_02,2022-09-02,NRSC_Sentinel1A
27.75,83.35,0.4099999964237213,3.9749999344348894,10.554999709129332,12.72499967366457,36.50499926228076,0.0,0,BIHAR_2022_09_02,2022-09-02,NRSC_Sentinel1A
27.75,83.45,0.3499999940395355,3.530000001192093,11.674999862909315,12.804999820888042,27.25499952584505,0.0,0,BIHAR_2022_09_02,2022-09-02,NRSC_Sentinel1A
27.75,83.549995,0.4449999928474426,3.4800000190734863,12.614999651908876,13.384999621659516,25.61499934270978,0.0,0,BIHAR_2022_09_02,2022-09-02,NRSC_Sentinel1A
27.75,83.65,0.5199999809265137,3.71999990940094,12.709999680519104,13.5999996624887,24.774999376386404,0.0,0,BIHAR_2022_09_02,2022-09-02,NRSC_Sentinel1A
27.75,83.75,0.7199999988079071,3.609999984502792,10.86999973654747,11.564999721944332,19.50499950535596,0.0,0,BIHAR_2022_09_02,2022-09-02,NRSC_Sentinel1A
27.75,83.85,1.1199999451637268,4.4499998688697815,11.594999611377716,12.129999600350857,18.13499934412539,0.0,0,BIHAR_2022_09_02,2022-09-02,NRSC_Sentinel1A
27.75,83.95,1.870000004768372,5.659999907016754,14.41499960422516,15.044999577105044,17.884999515488744,0.0,0,BIHAR_2022_09_02,2022-09-02,NRSC_Sentinel1A
27.75,84.049995,3.049999952316284,7.334999918937683,14.51499968767166,14.739999689161776,17.029999636113644,0.0,0,BIHAR_2022_09_02,2022-09-02,NRSC_Sentinel1A
27.75,84.15,3.799999952316284,8.914999842643738,15.60999971628189,16.10999970883131,18.43499963451177,0.0,0,BIHAR_2022_09_02,2022-09-02,NRSC_Sentinel1A
27.75,84.25,7.484999895095825,16.18999969959259,24.3049995303154,25.149999499320984,28.999999393709004,0.0,0,BIHAR_2022_09_02,2022-09-02,NRSC_Sentinel1A
27.75,84.35,5.384999990463257,17.53999972343445,24.26499955356121,25.11999950930476,30.269999392330647,0.0,0,BIHAR_2022_09_02,2022-09-02,NRSC_Sentinel1A
27.75,84.45,9.444999933242798,24.01999974250793,67.86999809741974,69.97499810159206,73.89999796450138,0.0,0,BIHAR_2022_09_02,2022-09-02,NRSC_Sentinel1A
27.75,84.549995,5.639999955892563,25.13499900698661,59.809998005628586,62.3249979019165,66.65999779105186,0.0,0,BIHAR_2022_09_02,2022-09-02,NRSC_Sentinel1A
27.75,84.65,0.2899999916553497,21.299999743700027,38.999999195337296,40.974999122321606,44.489999033510685,0.0,0,BIHAR_2022_09_02,2022-09-02,NRSC_Sentinel1A
27.75,84.75,0.319999985396862,22.799999944865704,41.33499943464994,43.2699994109571,46.02999930456281,0.0,0,BIHAR_2022_09_02,2022-09-02,NRSC_Sentinel1A
27.75,84.85,0.2699999958276748,17.43999995291233,25.199999943375587,26.61499990522861,29.35499987751245,0.0,0,BIHAR_2022_09_02,2022-09-02,NRSC_Sentinel1A
27.75,84.95,0.2899999916553497,5.549999922513962,10.62499987334013,11.804999858140944,14.399999774992466,0.0,0,BIHAR_2022_09_02,2022-09-02,NRSC_Sentinel1A
27.75,85.049995,0.209999993443489,1.4499999582767489,6.854999955743551,7.829999931156635,10.239999871701002,0.0,0,BIHAR_2022_09_02,2022-09-02,NRSC_Sentinel1A
27.75,85.15,0.2049999982118606,1.0999999940395355,2.159999966621399,2.889999952167273,5.269999910145998,0.0,0,BIHAR_2022_09_02,2022-09-02,NRSC_Sentinel1A
27.75,85.25,0.314999982714653,0.8949999585747719,3.489999897778034,4.1249998807907104,6.229999832808971,0.0,0,BIHAR_2022_09_02,2022-09-02,NRSC_Sentinel1A
27.75,85.35,0.2799999862909317,0.6849999772384763,4.419999842531979,6.519999832846224,8.549999804235995,0.0,0,BIHAR_2022_09_02,2022-09-02,NRSC_Sentinel1A
27.75,85.45,0.2449999973177909,0.6749999895691872,2.089999981224537,7.629999872297049,9.51499981060624,0.0,0,BIHAR_2022_09_02,2022-09-02,NRSC_Sentinel1A
27.75,85.549995,1.334999978542328,2.0349999517202377,3.05499991774559,8.744999714195728,10.289999678730965,0.0,0,BIHAR_2022_09_02,2022-09-02,NRSC_Sentinel1A
27.75,85.65,1.0099999904632568,1.85999995470047,2.2649999409914017,8.03499972075224,9.449999671429396,0.0,0,BIHAR_2022_09_02,2022-09-02,NRSC_Sentinel1A
27.75,85.75,1.4199999570846558,2.249999910593033,2.6399999037384987,5.954999826848507,7.26499979943037,0.0,0,BIHAR_2022_09_02,2022-09-02,NRSC_Sentinel1A
27.75,85.85,0.9749999642372132,1.9349999353289604,2.454999931156636,5.599999867379665,6.674999841488898,0.0,0,BIHAR_2022_09_02,2022-09-02,NRSC_Sentinel1A
27.75,85.95,0.5450000017881393,1.5449999794363976,2.5749999210238457,5.704999856650829,6.829999834299088,0.0,0,BIHAR_2022_09_02,2022-09-02,NRSC_Sentinel1A
27.75,86.049995,0.3849999904632568,1.8299999684095385,3.004999950528145,5.499999888241291,6.689999859780073,0.0,0,BIHAR_2022_09_02,2022-09-02,NRSC_Sentinel1A
27.75,86.15,0.2699999883770942,2.3549999371171,4.624999895691872,10.179999731481075,11.494999709539115,0.0,0,BIHAR_2022_09_02,2022-09-02,NRSC_Sentinel1A
27.75,86.25,0.2999999895691871,3.0399998798966408,6.2599998116493225,8.29999977350235,9.889999739825726,0.0,0,BIHAR_2022_09_02,2022-09-02,NRSC_Sentinel1A
27.75,86.35,0.6499999761581421,3.119999945163727,5.374999891966581,6.414999861270189,8.604999791830778,0.0,0,BIHAR_2022_09_02,2022-09-02,NRSC_Sentinel1A
27.75,86.45,0.4399999976158142,2.4349999725818634,4.2549999207258224,5.1399998888373375,7.289999812841415,0.0,0,BIHAR_2022_09_02,2022-09-02,NRSC_Sentinel1A
27.75,86.549995,1.7350000143051147,4.10999995470047,6.969999894499779,7.889999866485596,9.234999850392342,0.0,0,BIHAR_2022_09_02,2022-09-02,NRSC_Sentinel1A
27.75,86.65,2.690000042319298,6.924999967217445,13.054999753832815,13.57499973475933,14.904999703168867,0.0,0,BIHAR_2022_09_02,2022-09-02,NRSC_Sentinel1A
27.75,86.75,0.2199999913573265,7.219999752938747,7.41499974578619,7.889999732375145,12.19999961555004,0.0,0,BIHAR_2022_09_02,2022-09-02,NRSC_Sentinel1A
27.75,86.85,0.5449999943375587,6.9999997690320015,7.189999759197235,7.414999753236771,14.47499956190586,0.0,0,BIHAR_2022_09_02,2022-09-02,NRSC_Sentinel1A
27.75,86.95,0.4249999821186065,5.884999871253967,7.399999838322401,8.06499981507659,10.589999791234732,0.0,0,BIHAR_2022_09_02,2022-09-02,NRSC_Sentinel1A
27.75,87.049995,0.1749999970197677,3.7549998909235,5.844999849796295,6.389999836683273,9.319999776780604,0.0,0,BIHAR_2022_09_02,2022-09-02,NRSC_Sentinel1A
27.75,87.15,0.0749999955296516,1.9949999451637268,4.899999879300594,6.699999809265137,9.969999730587006,0.0,0,BIHAR_2022_09_02,2022-09-02,NRSC_Sentinel1A
27.75,87.25,0.0,1.975000023841858,5.409999966621399,7.849999912083149,11.98499981313944,0.0,0,BIHAR_2022_09_02,2022-09-02,NRSC_Sentinel1A
27.75,87.35,0.0,1.1349999457597733,3.9399998784065247,7.234999746084213,11.1299996227026,0.0,0,BIHAR_2022_09_02,2022-09-02,NRSC_Sentinel1A
27.75,87.45,0.0,0.4849999845027923,1.3949999511241913,3.929999887943268,6.484999820590019,0.0,0,BIHAR_2022_09_02,2022-09-02,NRSC_Sentinel1A
27.75,87.549995,0.0,0.0,0.2249999940395355,4.064999967813492,7.834999889135361,0.0,0,BIHAR_2022_09_02,2022-09-02,NRSC_Sentinel1A
27.75,87.65,0.0,0.0,0.25,0.25,2.049999937415123,0.0,0,BIHAR_2022_09_02,2022-09-02,NRSC_Sentinel1A
27.75,87.75,0.2599999904632568,0.2599999904632568,0.2599999904632568,0.5949999839067459,2.559999957680702,0.0,0,BIHAR_2022_09_02,2022-09-02,NRSC_Sentinel1A
27.75,87.85,0.5199999809265137,0.5199999809265137,0.5199999809265137,1.2099999487400055,3.4249998927116394,0.0,0,BIHAR_2022_09_02,2022-09-02,NRSC_Sentinel1A
27.75,87.95,0.3999999910593033,1.4249999672174454,1.9249999672174447,2.484999969601631,7.3749998807907104,0.0,0,BIHAR_2022_09_02,2022-09-02,NRSC_Sentinel1A
27.75,88.049995,0.1599999964237213,1.699999988079071,4.629999995231628,5.169999971985817,10.159999765455725,0.0,0,BIHAR_2022_09_02,2022-09-02,NRSC_Sentinel1A
27.75,88.15,0.0,1.834999941289425,4.4449998289346695,5.079999804496765,13.189999774098396,0.0,0,BIHAR_2022_09_02,2022-09-02,NRSC_Sentinel1A
27.75,88.25,0.0,0.969999983906746,2.194999948143959,3.489999905228615,11.194999873638151,0.0,0,BIHAR_2022_09_02,2022-09-02,NRSC_Sentinel1A
27.75,88.35,0.0,0.6799999922513962,2.1499999314546585,2.814999923110008,9.265000000596046,0.0,0,BIHAR_2022_09_02,2022-09-02,NRSC_Sentinel1A
27.75,88.45,0.0,0.1850000023841858,2.1249999701976776,2.1249999701976776,9.504999846220016,0.0,0,BIHAR_2022_09_02,2022-09-02,NRSC_Sentinel1A
27.849998,83.049995,4.3549999594688416,9.164999723434448,13.889999568462372,15.194999530911446,51.61999885737896,0.0,0,BIHAR_2022_09_02,2022-09-02,NRSC_Sentinel1A
27.849998,83.15,0.5349999964237213,5.299999982118607,9.224999889731407,10.864999860525131,43.509999211877584,0.0,0,BIHAR_2022_09_02,2022-09-02,NRSC_Sentinel1A
27.849998,83.25,0.3999999910593033,4.449999824166298,9.144999697804453,10.604999655857682,34.31999907270074,0.0,0,BIHAR_2022_09_02,2022-09-02,NRSC_Sentinel1A
27.849998,83.35,0.2749999910593033,3.744999870657921,8.509999737143517,10.82999963965267,31.299999085254967,0.0,0,BIHAR_2022_09_02,2022-09-02,NRSC_Sentinel1A
27.849998,83.45,0.3699999898672104,3.81499995291233,11.129999950528145,12.339999906718733,26.68499935418368,0.0,0,BIHAR_2022_09_02,2022-09-02,NRSC_Sentinel1A
27.849998,83.549995,0.5449999868869781,4.084999889135361,13.129999727010729,13.514999717473984,25.184999525547028,0.0,0,BIHAR_2022_09_02,2022-09-02,NRSC_Sentinel1A
27.849998,83.65,0.7899999916553497,4.254999876022339,12.944999516010284,13.764999516308308,24.174999319016933,0.0,0,BIHAR_2022_09_02,2022-09-02,NRSC_Sentinel1A
27.849998,83.75,0.7599999606609344,4.354999870061874,11.019999712705612,12.074999697506428,20.504999585449696,0.0,0,BIHAR_2022_09_02,2022-09-02,NRSC_Sentinel1A
27.849998,83.85,0.8749999850988388,5.429999992251396,13.929999694228172,14.579999670386314,19.519999623298645,0.0,0,BIHAR_2022_09_02,2022-09-02,NRSC_Sentinel1A
27.849998,83.95,1.1999999582767489,6.379999786615372,17.154999762773514,17.764999732375145,21.264999575912952,0.0,0,BIHAR_2022_09_02,2022-09-02,NRSC_Sentinel1A
27.849998,84.049995,1.2249999642372131,6.809999883174896,15.434999763965608,15.904999747872353,17.39999970421195,0.0,0,BIHAR_2022_09_02,2022-09-02,NRSC_Sentinel1A
27.849998,84.15,4.724999904632568,11.56999957561493,18.199999272823334,19.00499925762415,20.07499921321869,0.0,0,BIHAR_2022_09_02,2022-09-02,NRSC_Sentinel1A
27.849998,84.25,6.949999809265137,17.769999504089355,24.084999412298203,24.95999938994646,26.519999332726,0.0,0,BIHAR_2022_09_02,2022-09-02,NRSC_Sentinel1A
27.849998,84.35,7.184999942779541,22.854999780654907,29.62499952316284,30.78499948978424,33.124999437481165,0.0,0,BIHAR_2022_09_02,2022-09-02,NRSC_Sentinel1A
27.849998,84.45,12.969999313354492,31.88999891281128,78.68999803066254,80.99999800790101,82.80999795999378,0.0,0,BIHAR_2022_09_02,2022-09-02,NRSC_Sentinel1A
27.849998,84.549995,4.939999669790268,24.544999569654465,59.2899988591671,61.784998804330826,64.37999873049557,0.0,0,BIHAR_2022_09_02,2022-09-02,NRSC_Sentinel1A
27.849998,84.65,0.324999988079071,22.14999943971634,29.38499920070172,31.149999149143696,33.8049990683794,0.0,0,BIHAR_2022_09_02,2022-09-02,NRSC_Sentinel1A
27.849998,84.75,0.2149999886751175,19.719998821616173,27.54499863088131,28.97499859705568,30.98999852873385,0.0,0,BIHAR_2022_09_02,2022-09-02,NRSC_Sentinel1A
27.849998,84.85,0.2699999958276748,15.45999963581562,19.239999547600743,20.394999504089355,22.269999459385872,0.0,0,BIHAR_2022_09_02,2022-09-02,NRSC_Sentinel1A
27.849998,84.95,0.2249999940395355,5.434999883174896,10.599999740719795,11.56999971345067,13.42499965801835,0.0,0,BIHAR_2022_09_02,2022-09-02,NRSC_Sentinel1A
27.849998,85.049995,0.2299999967217445,1.2599999830126762,6.324999943375588,6.759999927133322,8.339999889954925,0.0,0,BIHAR_2022_09_02,2022-09-02,NRSC_Sentinel1A
27.849998,85.15,0.3199999928474426,1.1249999850988388,2.1249999552965164,2.8599999360740185,4.434999920427799,0.0,0,BIHAR_2022_09_02,2022-09-02,NRSC_Sentinel1A
27.849998,85.25,0.1549999937415123,0.689999982714653,1.634999950416386,2.2599999383091927,4.089999884366989,0.0,0,BIHAR_2022_09_02,2022-09-02,NRSC_Sentinel1A
27.849998,85.35,0.2549999877810478,0.7199999764561653,1.1999999806284904,1.9349999520927668,3.7249999064952135,0.0,0,BIHAR_2022_09_02,2022-09-02,NRSC_Sentinel1A
27.849998,85.45,0.3949999958276748,0.949999988079071,2.479999929666519,3.6749999076128006,5.444999869912863,0.0,0,BIHAR_2022_09_02,2022-09-02,NRSC_Sentinel1A
27.849998,85.549995,0.8350000083446503,1.6799999922513962,3.5149999409914017,6.034999888390303,7.589999828487635,0.0,0,BIHAR_2022_09_02,2022-09-02,NRSC_Sentinel1A
27.849998,85.65,0.3199999928474426,1.1099999845027924,2.1999999582767487,5.544999942183495,7.084999900311232,0.0,0,BIHAR_2022_09_02,2022-09-02,NRSC_Sentinel1A
27.849998,85.75,0.7699999809265137,1.4999999701976776,2.5199999436736107,5.614999890327454,7.054999865591526,0.0,0,BIHAR_2022_09_02,2022-09-02,NRSC_Sentinel1A
27.849998,85.85,0.449999988079071,1.1449999809265137,1.619999960064888,4.2849998995661736,6.029999863356352,0.0,0,BIHAR_2022_09_02,2022-09-02,NRSC_Sentinel1A
27.849998,85.95,0.4199999943375587,1.289999969303608,2.174999944865704,3.084999926388264,5.144999876618385,0.0,0,BIHAR_2022_09_02,2022-09-02,NRSC_Sentinel1A
27.849998,86.049995,0.0599999986588954,1.314999971538782,2.209999945014715,3.1399999409914017,4.939999895170331,0.0,0,BIHAR_2022_09_02,2022-09-02,NRSC_Sentinel1A
27.849998,86.15,0.2599999904632568,1.6299999058246613,3.939999826252461,4.859999805688858,6.554999768733978,0.0,0,BIHAR_2022_09_02,2022-09-02,NRSC_Sentinel1A
27.849998,86.25,0.5499999970197678,1.8599999696016312,2.6999999582767487,3.0999999456107616,4.699999896809459,0.0,0,BIHAR_2022_09_02,2022-09-02,NRSC_Sentinel1A
27.849998,86.35,0.0599999986588954,1.0799999795854092,2.1749999299645424,3.029999915510416,5.389999879524112,0.0,0,BIHAR_2022_09_02,2022-09-02,NRSC_Sentinel1A
27.849998,86.45,0.0649999976158142,0.7249999567866325,2.1749999299645424,3.0849998965859413,6.229999816976488,0.0,0,BIHAR_2022_09_02,2022-09-02,NRSC_Sentinel1A
27.849998,86.549995,0.0,0.8099999874830246,1.8999999705702064,2.8099999520927668,4.609999913722277,0.0,0,BIHAR_2022_09_02,2022-09-02,NRSC_Sentinel1A
27.849998,86.65,0.1449999958276748,0.6199999749660492,0.9499999582767488,1.914999917149544,4.894999854266644,0.0,0,BIHAR_2022_09_02,2022-09-02,NRSC_Sentinel1A
27.849998,86.75,0.3849999904632568,0.6049999892711639,0.9749999940395356,2.6149999499320984,5.824999865144491,0.0,0,BIHAR_2022_09_02,2022-09-02,NRSC_Sentinel1A
27.849998,86.85,0.2849999964237213,0.75,0.869999997317791,0.869999997317791,3.96999990940094,0.0,0,BIHAR_2022_09_02,2022-09-02,NRSC_Sentinel1A
27.849998,86.95,0.4599999785423279,1.444999948143959,1.8849999383091929,3.2849999144673347,9.714999832212923,0.0,0,BIHAR_2022_09_02,2022-09-02,NRSC_Sentinel1A
27.849998,87.049995,0.0700000002980232,1.4299999848008156,3.754999928176403,4.609999902546406,9.854999870061874,0.0,0,BIHAR_2022_09_02,2022-09-02,NRSC_Sentinel1A
27.849998,87.15,0.0749999955296516,1.314999982714653,2.624999932944774,3.539999905973673,9.564999748021364,0.0,0,BIHAR_2022_09_02,2022-09-02,NRSC_Sentinel1A
27.849998,87.25,0.0,1.534999966621399,3.814999915659428,5.104999884963036,10.074999794363976,0.0,0,BIHAR_2022_09_02,2022-09-02,NRSC_Sentinel1A
27.849998,87.35,0.0,0.8500000080093741,1.234999998472631,1.234999998472631,7.184999822638929,0.0,0,BIHAR_2022_09_02,2022-09-02,NRSC_Sentinel1A
27.849998,87.45,0.0,0.6100000143051147,1.8799999952316284,1.8799999952316284,6.434999912977219,0.0,0,BIHAR_2022_09_02,2022-09-02,NRSC_Sentinel1A
27.849998,87.549995,0.0,0.0,0.429999977350235,0.429999977350235,4.764999850653112,0.0,0,BIHAR_2022_09_02,2022-09-02,NRSC_Sentinel1A
27.849998,87.65,0.0,0.0,0.429999977350235,0.429999977350235,6.634999856352806,0.0,0,BIHAR_2022_09_02,2022-09-02,NRSC_Sentinel1A
27.849998,87.75,0.2750000059604645,0.2750000059604645,0.2750000059604645,0.550000011920929,12.089999869465828,0.0,0,BIHAR_2022_09_02,2022-09-02,NRSC_Sentinel1A
27.849998,87.85,0.2149999886751175,0.2149999886751175,0.2149999886751175,0.4899999946355819,11.544999673962591,0.0,0,BIHAR_2022_09_02,2022-09-02,NRSC_Sentinel1A
27.849998,87.95,0.2149999886751175,0.5049999803304672,0.5049999803304672,1.614999994635582,10.299999810755253,0.0,0,BIHAR_2022_09_02,2022-09-02,NRSC_Sentinel1A
27.849998,88.049995,0.2599999904632568,0.9149999618530272,2.684999942779541,2.9899999499320984,7.984999909996986,0.0,0,BIHAR_2022_09_02,2022-09-02,NRSC_Sentinel1A
27.849998,88.15,0.0,1.5599999725818634,3.0349999368190765,3.924999922513962,11.489999651908876,0.0,0,BIHAR_2022_09_02,2022-09-02,NRSC_Sentinel1A
27.849998,88.25,0.0,0.9249999821186066,2.4699999392032623,3.409999921917916,6.9549999088048935,0.0,0,BIHAR_2022_09_02,2022-09-02,NRSC_Sentinel1A
27.849998,88.35,0.0,0.8399999737739563,2.8899999260902405,2.8899999260902405,8.129999816417694,0.0,0,BIHAR_2022_09_02,2022-09-02,NRSC_Sentinel1A
27.849998,88.45,0.0,0.1700000017881393,1.9249999076128008,1.9249999076128008,7.71999979019165,0.0,0,BIHAR_2022_09_02,2022-09-02,NRSC_Sentinel1A
27.949999,83.049995,1.4399999976158142,3.054999962449074,7.19999985396862,8.459999829530716,29.764999474398792,0.0,0,BIHAR_2022_09_02,2022-09-02,NRSC_Sentinel1A
27.949999,83.15,0.8999999761581421,3.1949999034404755,6.509999871253967,8.174999848008156,29.40999904647469,0.0,0,BIHAR_2022_09_02,2022-09-02,NRSC_Sentinel1A
27.949999,83.25,1.4649999737739563,3.764999955892563,7.019999861717224,8.65999984741211,29.69999964628369,0.0,0,BIHAR_2022_09_02,2022-09-02,NRSC_Sentinel1A
27.949999,83.35,0.7899999618530273,3.064999938011169,6.824999839067459,8.344999834895134,21.75499951839447,0.0,0,BIHAR_2022_09_02,2022-09-02,NRSC_Sentinel1A
27.949999,83.45,0.6949999630451202,2.749999910593033,6.369999796152115,7.679999761283398,17.994999546557665,0.0,0,BIHAR_2022_09_02,2022-09-02,NRSC_Sentinel1A
27.949999,83.549995,1.5949999690055847,3.974999964237213,8.74499973654747,9.979999713599682,18.759999538771808,0.0,0,BIHAR_2022_09_02,2022-09-02,NRSC_Sentinel1A
27.949999,83.65,1.7399999499320984,5.094999819993973,10.55999967455864,12.049999628216028,20.32499955035746,0.0,0,BIHAR_2022_09_02,2022-09-02,NRSC_Sentinel1A
27.949999,83.75,4.579999804496765,8.134999692440033,13.494999587535858,15.279999479651453,22.6249992325902,0.0,0,BIHAR_2022_09_02,2022-09-02,NRSC_Sentinel1A
27.949999,83.85,3.544999837875366,8.589999794960022,15.57999974489212,17.549999706447124,23.159999556839463,0.0,0,BIHAR_2022_09_02,2022-09-02,NRSC_Sentinel1A
27.949999,83.95,1.5550000071525574,8.32999986410141,15.749999642372131,17.65499959886074,21.849999502301216,0.0,0,BIHAR_2022_09_02,2022-09-02,NRSC_Sentinel1A
27.949999,84.049995,3.2099998593330383,12.054999768733978,45.89499944448471,48.25999944657087,51.11499938368797,0.0,0,BIHAR_2022_09_02,2022-09-02,NRSC_Sentinel1A
27.949999,84.15,3.0799999833106995,12.374999940395355,20.00999975204468,21.18999967724085,23.12499961256981,0.0,0,BIHAR_2022_09_02,2022-09-02,NRSC_Sentinel1A
27.949999,84.25,1.6299999952316284,15.979999303817747,23.55499923229217,24.944999207742512,26.079999168403447,0.0,0,BIHAR_2022_09_02,2022-09-02,NRSC_Sentinel1A
27.949999,84.35,2.375,16.664999961853027,24.80999964475632,25.989999618381265,27.52499957755208,0.0,0,BIHAR_2022_09_02,2022-09-02,NRSC_Sentinel1A
27.949999,84.45,5.495000004768372,18.69499969482422,25.90999937057495,27.254999339580536,27.65499932412058,0.0,0,BIHAR_2022_09_02,2022-09-02,NRSC_Sentinel1A
27.949999,84.549995,2.8449999690055847,15.884999454021454,40.70999854803085,42.78499849513173,44.45999844931066,0.0,0,BIHAR_2022_09_02,2022-09-02,NRSC_Sentinel1A
27.949999,84.65,0.3149999976158142,10.879999697208405,18.5899997651577,20.36999972164631,22.294999659061432,0.0,0,BIHAR_2022_09_02,2022-09-02,NRSC_Sentinel1A
27.949999,84.75,0.3799999803304672,10.524999842047691,18.169999793171883,19.87499974668026,21.314999701455235,0.0,0,BIHAR_2022_09_02,2022-09-02,NRSC_Sentinel1A
27.949999,84.85,0.2699999883770942,9.839999862015247,13.864999882876871,15.209999851882458,16.71999980509281,0.0,0,BIHAR_2022_09_02,2022-09-02,NRSC_Sentinel1A
27.949999,84.95,0.1599999964237213,7.034999698400497,30.0199992954731,31.689999252557755,33.23499922081828,0.0,0,BIHAR_2022_09_02,2022-09-02,NRSC_Sentinel1A
27.949999,85.049995,0.2249999940395355,2.14999994635582,14.594999581575394,15.854999566450717,17.254999512806535,0.0,0,BIHAR_2022_09_02,2022-09-02,NRSC_Sentinel1A
27.949999,85.15,0.2949999868869781,1.289999969303608,2.2049999609589577,3.3149999314919114,4.929999903775752,0.0,0,BIHAR_2022_09_02,2022-09-02,NRSC_Sentinel1A
27.949999,85.25,0.4849999845027923,1.3199999779462814,2.494999942369759,3.954999898560345,6.21499983407557,0.0,0,BIHAR_2022_09_02,2022-09-02,NRSC_Sentinel1A
27.949999,85.35,0.2999999895691871,0.9049999788403512,1.5049999579787254,2.8549999222159386,5.329999853856862,0.0,0,BIHAR_2022_09_02,2022-09-02,NRSC_Sentinel1A
27.949999,85.45,0.2749999985098839,1.0799999758601189,1.504999965429306,2.9599999226629734,5.509999864734709,0.0,0,BIHAR_2022_09_02,2022-09-02,NRSC_Sentinel1A
27.949999,85.549995,0.2149999961256981,1.3799999579787254,2.834999926388264,4.009999878704548,6.484999798238277,0.0,0,BIHAR_2022_09_02,2022-09-02,NRSC_Sentinel1A
27.949999,85.65,0.3749999850988388,1.7349999696016312,3.1299999319016933,4.579999890178442,7.079999830573797,0.0,0,BIHAR_2022_09_02,2022-09-02,NRSC_Sentinel1A
27.949999,85.75,0.1799999922513961,1.3149999678134918,2.174999922513962,3.624999895691872,6.124999836087227,0.0,0,BIHAR_2022_09_02,2022-09-02,NRSC_Sentinel1A
27.949999,85.85,0.4299999922513962,1.129999976605177,1.179999973624945,2.409999944269657,4.799999855458736,0.0,0,BIHAR_2022_09_02,2022-09-02,NRSC_Sentinel1A
27.949999,85.95,0.0549999997019767,0.7850000038743019,0.8400000035762787,1.824999995529652,4.054999947547913,0.0,0,BIHAR_2022_09_02,2022-09-02,NRSC_Sentinel1A
27.949999,86.049995,0.0649999976158142,0.574999988079071,1.7249999418854711,2.66499993018806,4.824999858625233,0.0,0,BIHAR_2022_09_02,2022-09-02,NRSC_Sentinel1A
27.949999,86.15,0.4049999862909317,0.6349999830126762,1.344999976456165,1.739999957382679,2.7099999338388443,0.0,0,BIHAR_2022_09_02,2022-09-02,NRSC_Sentinel1A
27.949999,86.25,0.5600000023841858,0.939999982714653,1.774999961256981,1.839999958872795,2.514999937266112,0.0,0,BIHAR_2022_09_02,2022-09-02,NRSC_Sentinel1A
27.949999,86.35,0.0649999976158142,0.699999988079071,1.6799999475479126,2.514999933540821,3.9899998903274536,0.0,0,BIHAR_2022_09_02,2022-09-02,NRSC_Sentinel1A
27.949999,86.45,0.0,0.6149999797344208,1.6799999698996544,2.4899999499320984,5.66999988257885,0.0,0,BIHAR_2022_09_02,2022-09-02,NRSC_Sentinel1A
27.949999,86.549995,0.0,0.5,0.6099999994039536,0.8249999955296516,4.584999896585941,0.0,0,BIHAR_2022_09_02,2022-09-02,NRSC_Sentinel1A
27.949999,86.65,0.1649999916553497,0.3099999874830246,0.4349999874830246,0.8799999728798866,5.60999983549118,0.0,0,BIHAR_2022_09_02,2022-09-02,NRSC_Sentinel1A
27.949999,86.75,0.2699999958276748,0.2699999958276748,0.5549999922513962,1.519999973475933,5.079999893903732,0.0,0,BIHAR_2022_09_02,2022-09-02,NRSC_Sentinel1A
27.949999,86.85,0.1700000017881393,0.6099999994039536,2.654999941587448,5.049999862909317,8.179999746382236,0.0,0,BIHAR_2022_09_02,2022-09-02,NRSC_Sentinel1A
27.949999,86.95,0.1999999955296516,1.144999973475933,2.744999937713146,4.914999887347221,9.584999717772009,0.0,0,BIHAR_2022_09_02,2022-09-02,NRSC_Sentinel1A
27.949999,87.049995,0.0949999988079071,1.2649999856948853,3.394999921321869,5.269999876618385,9.68499969691038,0.0,0,BIHAR_2022_09_02,2022-09-02,NRSC_Sentinel1A
27.949999,87.15,0.0,1.399999976158142,3.999999910593033,5.934999845921993,11.03499974310398,0.0,0,BIHAR_2022_09_02,2022-09-02,NRSC_Sentinel1A
27.949999,87.25,0.0,1.2299999594688416,3.0899999737739563,5.329999893903732,10.444999746978285,0.0,0,BIHAR_2022_09_02,2022-09-02,NRSC_Sentinel1A
27.949999,87.35,0.0,0.7450000047683716,0.7450000047683716,0.7450000047683716,4.579999849200249,0.0,0,BIHAR_2022_09_02,2022-09-02,NRSC_Sentinel1A
27.949999,87.45,0.0,0.0,0.429999977350235,0.6149999797344208,3.4699999541044235,0.0,0,BIHAR_2022_09_02,2022-09-02,NRSC_Sentinel1A
27.949999,87.549995,0.2299999892711639,0.2299999892711639,0.5949999690055847,0.5949999690055847,3.284999907016754,0.0,0,BIHAR_2022_09_02,2022-09-02,NRSC_Sentinel1A
27.949999,87.65,0.5049999803304672,0.5049999803304672,0.869999960064888,1.0199999511241913,6.689999803900719,0.0,0,BIHAR_2022_09_02,2022-09-02,NRSC_Sentinel1A
27.949999,87.75,0.3699999898672104,0.689999982714653,1.0549999624490738,1.3299999684095385,11.03999987244606,0.0,0,BIHAR_2022_09_02,2022-09-02,NRSC_Sentinel1A
27.949999,87.85,0.4699999690055847,0.974999949336052,1.299999937415123,2.104999929666519,12.494999751448631,0.0,0,BIHAR_2022_09_02,2022-09-02,NRSC_Sentinel1A
27.949999,87.95,0.2849999964237213,1.35999995470047,1.35999995470047,2.4649999141693115,14.059999693185093,0.0,0,BIHAR_2022_09_02,2022-09-02,NRSC_Sentinel1A
27.949999,88.049995,0.2750000059604645,1.7550000250339508,1.7550000250339508,2.624999985098839,11.824999928474426,0.0,0,BIHAR_2022_09_02,2022-09-02,NRSC_Sentinel1A
27.949999,88.15,0.0,1.9949999451637268,1.9949999451637268,2.6999999284744263,9.5449997484684,0.0,0,BIHAR_2022_09_02,2022-09-02,NRSC_Sentinel1A
27.949999,88.25,0.0,0.9149999916553496,0.9149999916553496,3.024999924004078,7.179999850690365,0.0,0,BIHAR_2022_09_02,2022-09-02,NRSC_Sentinel1A
27.949999,88.35,0.0,0.4199999868869781,0.4199999868869781,0.4199999868869781,5.774999812245369,0.0,0,BIHAR_2022_09_02,2022-09-02,NRSC_Sentinel1A
27.949999,88.45,0.1850000023841858,0.1850000023841858,0.1850000023841858,0.3999999910593033,8.114999775774777,0.0,0,BIHAR_2022_09_02,2022-09-02,NRSC_Sentinel1A
28.05,83.049995,0.4549999833106994,1.334999956190586,2.7999999094754457,5.2299998346716166,36.63499882258475,0.0,0,BIHAR_2022_09_02,2022-09-02,NRSC_Sentinel1A
28.05,83.15,1.324999988079071,2.549999952316284,4.0799999088048935,6.954999811947346,30.559999592602253,0.0,0,BIHAR_2022_09_02,2022-09-02,NRSC_Sentinel1A
28.05,83.25,2.09499990940094,4.0849998742342,5.709999792277813,8.544999696314335,30.379999183118343,0.0,0,BIHAR_2022_09_02,2022-09-02,NRSC_Sentinel1A
28.05,83.35,3.294999957084656,5.659999847412109,7.974999815225601,10.21499975770712,28.58999925106764,0.0,0,BIHAR_2022_09_02,2022-09-02,NRSC_Sentinel1A
28.05,83.45,2.3499999046325684,5.519999861717224,9.839999794960022,12.624999716877936,29.28499899804592,0.0,0,BIHAR_2022_09_02,2022-09-02,NRSC_Sentinel1A
28.05,83.549995,2.8399999141693115,7.124999761581421,13.764999628067017,16.379999555647373,30.08999912440777,0.0,0,BIHAR_2022_09_02,2022-09-02,NRSC_Sentinel1A
28.05,83.65,14.425000190734863,20.240000009536743,31.00999975204468,35.46499963849783,47.8299994058907,0.0,0,BIHAR_2022_09_02,2022-09-02,NRSC_Sentinel1A
28.05,83.75,5.529999732971191,14.2249995470047,25.40999913215637,29.19999908283353,39.63999892771244,0.0,0,BIHAR_2022_09_02,2022-09-02,NRSC_Sentinel1A
28.05,83.85,4.900000095367432,16.924999952316284,44.45499920845032,47.69499922171235,58.63999894633889,0.0,0,BIHAR_2022_09_02,2022-09-02,NRSC_Sentinel1A
28.05,83.95,6.804999589920044,20.214998960494995,50.694998025894165,54.40499792993069,63.6649975925684,0.0,0,BIHAR_2022_09_02,2022-09-02,NRSC_Sentinel1A
28.05,84.049995,7.84499979019165,26.10499930381775,60.52999830245972,64.69499825686216,73.07499810587615,0.0,0,BIHAR_2022_09_02,2022-09-02,NRSC_Sentinel1A
28.05,84.15,3.380000054836273,22.9200000166893,56.48999935388565,60.83999927714467,66.3749991543591,0.0,0,BIHAR_2022_09_02,2022-09-02,NRSC_Sentinel1A
28.05,84.25,1.7499999403953552,18.064999520778656,26.384999334812164,31.15499923750758,35.42999912984669,0.0,0,BIHAR_2022_09_02,2022-09-02,NRSC_Sentinel1A
28.05,84.35,3.0049999952316284,18.28999984264373,27.189999759197235,32.05999967455864,35.85499955713749,0.0,0,BIHAR_2022_09_02,2022-09-02,NRSC_Sentinel1A
28.05,84.45,4.224999785423279,18.554999589920044,42.33499932289124,48.104999125003815,50.80499909538776,0.0,0,BIHAR_2022_09_02,2022-09-02,NRSC_Sentinel1A
28.05,84.549995,0.5999999940395355,14.30999943614006,31.644999116659164,36.5049989707768,38.55499892123044,0.0,0,BIHAR_2022_09_02,2022-09-02,NRSC_Sentinel1A
28.05,84.65,0.6049999892711639,11.664999455213549,29.114998787641525,32.36999875307083,34.23499868810177,0.0,0,BIHAR_2022_09_02,2022-09-02,NRSC_Sentinel1A
28.05,84.75,0.2899999916553497,12.01000002026558,28.524999529123303,30.379999484866858,31.95499944034964,0.0,0,BIHAR_2022_09_02,2022-09-02,NRSC_Sentinel1A
28.05,84.85,0.2749999910593033,10.0599996894598,39.47499845921993,41.49999837577343,42.93999833613634,0.0,0,BIHAR_2022_09_02,2022-09-02,NRSC_Sentinel1A
28.05,84.95,0.1999999955296516,6.129999943077564,36.08999878913164,37.83499875850976,39.57499869726598,0.0,0,BIHAR_2022_09_02,2022-09-02,NRSC_Sentinel1A
28.05,85.049995,0.2349999919533729,3.24999987334013,16.329999797046185,17.929999761283398,19.44499973207712,0.0,0,BIHAR_2022_09_02,2022-09-02,NRSC_Sentinel1A
28.05,85.15,0.2400000020861625,2.174999915063381,14.939999662339687,16.814999599941075,18.5799995707348,0.0,0,BIHAR_2022_09_02,2022-09-02,NRSC_Sentinel1A
28.05,85.25,0.3499999940395355,1.3549999743700027,2.804999940097332,4.489999887533486,6.154999845661223,0.0,0,BIHAR_2022_09_02,2022-09-02,NRSC_Sentinel1A
28.05,85.35,0.6649999916553497,1.8949999511241915,4.039999932050705,5.669999908655882,7.444999843835831,0.0,0,BIHAR_2022_09_02,2022-09-02,NRSC_Sentinel1A
28.05,85.45,0.6149999797344208,2.184999942779541,4.204999905079603,5.034999892115593,6.154999864287674,0.0,0,BIHAR_2022_09_02,2022-09-02,NRSC_Sentinel1A
28.05,85.549995,0.699999988079071,2.67999991774559,5.03999987244606,5.489999860525131,6.664999835193157,0.0,0,BIHAR_2022_09_02,2022-09-02,NRSC_Sentinel1A
28.05,85.65,0.3399999886751175,2.3299999684095383,4.759999915957451,5.084999915212393,6.254999872297049,0.0,0,BIHAR_2022_09_02,2022-09-02,NRSC_Sentinel1A
28.05,85.75,0.0700000002980232,1.8399999514222145,3.1399999037384987,3.1399999037384987,3.934999883174896,0.0,0,BIHAR_2022_09_02,2022-09-02,NRSC_Sentinel1A
28.05,85.85,0.0,0.8499999716877937,0.919999971985817,1.084999963641167,1.7849999368190763,0.0,0,BIHAR_2022_09_02,2022-09-02,NRSC_Sentinel1A
28.05,85.95,0.0,0.4649999812245369,0.5399999767541885,0.8199999779462814,1.084999969229102,0.0,0,BIHAR_2022_09_02,2022-09-02,NRSC_Sentinel1A
28.05,86.049995,0.0,0.0999999940395355,0.0999999940395355,0.734999991953373,1.1599999740719795,0.0,0,BIHAR_2022_09_02,2022-09-02,NRSC_Sentinel1A
28.05,86.15,0.0,0.0,0.0,0.0,0.4899999871850014,0.0,0,BIHAR_2022_09_02,2022-09-02,NRSC_Sentinel1A
28.05,86.25,0.0,0.0,0.0,0.0,0.3549999892711639,0.0,0,BIHAR_2022_09_02,2022-09-02,NRSC_Sentinel1A
28.05,86.35,0.0,0.0,0.0,0.0,0.7699999883770943,0.0,0,BIHAR_2022_09_02,2022-09-02,NRSC_Sentinel1A
28.05,86.45,0.0,0.0,0.0,1.209999978542328,2.43999995291233,0.0,0,BIHAR_2022_09_02,2022-09-02,NRSC_Sentinel1A
28.05,86.549995,0.0,0.0,0.1799999922513961,0.3299999833106994,5.114999810233712,0.0,0,BIHAR_2022_09_02,2022-09-02,NRSC_Sentinel1A
28.05,86.65,0.1349999904632568,0.1349999904632568,0.3349999785423279,1.1899999529123306,7.499999745748937,0.0,0,BIHAR_2022_09_02,2022-09-02,NRSC_Sentinel1A
28.05,86.75,0.4399999976158142,0.4399999976158142,0.6649999916553497,1.179999977350235,6.079999819397926,0.0,0,BIHAR_2022_09_02,2022-09-02,NRSC_Sentinel1A
28.05,86.85,0.2800000011920929,1.020000010728836,1.175000011920929,2.809999942779541,5.974999858997762,0.0,0,BIHAR_2022_09_02,2022-09-02,NRSC_Sentinel1A
28.05,86.95,0.0,1.2400000095367432,1.3700000047683716,3.184999957680702,5.414999894797802,0.0,0,BIHAR_2022_09_02,2022-09-02,NRSC_Sentinel1A
28.05,87.049995,0.0,0.9999999701976776,1.0949999690055847,2.739999905228615,5.5699998661875725,0.0,0,BIHAR_2022_09_02,2022-09-02,NRSC_Sentinel1A
28.05,87.15,0.0,0.6850000023841858,1.1949999928474426,4.2249999195337296,8.15999984741211,0.0,0,BIHAR_2022_09_02,2022-09-02,NRSC_Sentinel1A
28.05,87.25,0.0,0.0,0.0,3.044999912381172,5.454999789595604,0.0,0,BIHAR_2022_09_02,2022-09-02,NRSC_Sentinel1A
28.05,87.35,0.0,0.0,0.0,0.0,2.014999955892563,0.0,0,BIHAR_2022_09_02,2022-09-02,NRSC_Sentinel1A
28.05,87.45,0.0,0.0,0.0,0.0,1.704999953508377,0.0,0,BIHAR_2022_09_02,2022-09-02,NRSC_Sentinel1A
28.05,87.549995,0.4149999767541885,0.4149999767541885,0.4149999767541885,0.4149999767541885,2.474999912083149,0.0,0,BIHAR_2022_09_02,2022-09-02,NRSC_Sentinel1A
28.05,87.65,0.4449999779462814,0.6149999797344208,0.7999999821186066,0.94999997317791,5.629999876022339,0.0,0,BIHAR_2022_09_02,2022-09-02,NRSC_Sentinel1A
28.05,87.75,0.5499999821186066,0.7349999845027924,0.919999986886978,1.3149999678134918,9.049999818205832,0.0,0,BIHAR_2022_09_02,2022-09-02,NRSC_Sentinel1A
28.05,87.85,0.5949999988079071,0.9149999916553496,1.2649999856948853,7.914999783039093,18.94999949634075,0.0,0,BIHAR_2022_09_02,2022-09-02,NRSC_Sentinel1A
28.05,87.95,0.3050000071525574,1.4149999618530271,1.4149999618530271,8.304999902844429,18.24499975144863,0.0,0,BIHAR_2022_09_02,2022-09-02,NRSC_Sentinel1A
28.05,88.049995,0.0,1.334999978542328,1.334999978542328,9.639999836683272,14.3399997651577,0.0,0,BIHAR_2022_09_02,2022-09-02,NRSC_Sentinel1A
28.05,88.15,0.0,1.5199999809265137,1.5199999809265137,5.2699999287724495,9.779999800026417,0.0,0,BIHAR_2022_09_02,2022-09-02,NRSC_Sentinel1A
28.05,88.25,0.0,0.7149999737739563,0.7149999737739563,7.47999981045723,10.579999715089798,0.0,0,BIHAR_2022_09_02,2022-09-02,NRSC_Sentinel1A
28.05,88.35,0.0,0.0,0.0,0.8249999582767487,3.374999850988388,0.0,0,BIHAR_2022_09_02,2022-09-02,NRSC_Sentinel1A
28.05,88.45,0.0,0.0,0.0,0.6849999725818634,5.044999822974205,0.0,0,BIHAR_2022_09_02,2022-09-02,NRSC_Sentinel1A
28.15,83.049995,0.4449999779462814,1.4849999248981476,3.434999853372574,5.429999820888042,24.459999460726976,0.0,0,BIHAR_2022_09_02,2022-09-02,NRSC_Sentinel1A
28.15,83.15,0.7849999964237213,2.2449999898672104,4.349999934434891,6.8349998742342,31.099999383091927,0.0,0,BIHAR_2022_09_02,2022-09-02,NRSC_Sentinel1A
28.15,83.25,4.089999794960022,5.979999765753746,8.109999693930149,10.279999636113644,49.46499829739332,0.0,0,BIHAR_2022_09_02,2022-09-02,NRSC_Sentinel1A
28.15,83.35,3.2199997901916504,5.404999703168869,8.264999598264694,10.619999527931212,54.279998272657394,0.0,0,BIHAR_2022_09_02,2022-09-02,NRSC_Sentinel1A
28.15,83.45,2.274999976158142,4.8949998915195465,9.2149997651577,12.21999967098236,49.279998898506165,0.0,0,BIHAR_2022_09_02,2022-09-02,NRSC_Sentinel1A
28.15,83.549995,3.465000033378601,6.929999947547913,12.509999811649324,17.214999809861183,35.514999344944954,0.0,0,BIHAR_2022_09_02,2022-09-02,NRSC_Sentinel1A
28.15,83.65,17.344999313354492,22.17999917268753,28.91499900817871,34.084998928010464,46.97499867528677,0.0,0,BIHAR_2022_09_02,2022-09-02,NRSC_Sentinel1A
28.15,83.75,15.589999198913574,26.93999880552292,39.229998767375946,45.72499860078096,57.17499839514494,0.0,0,BIHAR_2022_09_02,2022-09-02,NRSC_Sentinel1A
28.15,83.85,22.78499984741211,41.549999594688416,67.51499903202057,74.27499884739518,82.6999985538423,0.0,0,BIHAR_2022_09_02,2022-09-02,NRSC_Sentinel1A
28.15,83.95,8.72499966621399,31.01499915122986,37.76499903202057,43.2799988463521,51.25499859824777,0.0,0,BIHAR_2022_09_02,2022-09-02,NRSC_Sentinel1A
28.15,84.049995,8.699999809265137,41.35999870300293,82.90999698638916,89.47999665141106,97.11999649554492,0.0,0,BIHAR_2022_09_02,2022-09-02,NRSC_Sentinel1A
28.15,84.15,7.904999732971191,39.06499886512756,74.5749979019165,82.11499770730734,88.43499763961881,0.0,0,BIHAR_2022_09_02,2022-09-02,NRSC_Sentinel1A
28.15,84.25,5.034999847412109,27.82499933242798,54.25999903678894,62.19499876350165,67.30999861564487,0.0,0,BIHAR_2022_09_02,2022-09-02,NRSC_Sentinel1A
28.15,84.35,2.35999995470047,19.03499990701676,50.01999908685684,58.164999045431614,62.69999896734953,0.0,0,BIHAR_2022_09_02,2022-09-02,NRSC_Sentinel1A
28.15,84.45,0.7099999785423279,12.069999635219574,48.15999883413315,55.92499861866236,59.0549985319376,0.0,0,BIHAR_2022_09_02,2022-09-02,NRSC_Sentinel1A
28.15,84.549995,0.6599999666213989,9.494999647140505,27.094999194145203,32.0799990221858,34.74499896541238,0.0,0,BIHAR_2022_09_02,2022-09-02,NRSC_Sentinel1A
28.15,84.65,0.5249999910593033,6.609999790787697,24.159999385476112,27.17999931797385,29.40999924112112,0.0,0,BIHAR_2022_09_02,2022-09-02,NRSC_Sentinel1A
28.15,84.75,0.3349999934434891,3.764999821782112,11.359999611973764,12.929999589920044,14.899999551475048,0.0,0,BIHAR_2022_09_02,2022-09-02,NRSC_Sentinel1A
28.15,84.85,0.2849999889731407,2.584999926388264,10.66499961167574,11.974999580532312,14.104999523609877,0.0,0,BIHAR_2022_09_02,2022-09-02,NRSC_Sentinel1A
28.15,84.95,0.1799999997019767,1.9599999710917475,4.439999870955944,5.759999822825193,8.824999760836363,0.0,0,BIHAR_2022_09_02,2022-09-02,NRSC_Sentinel1A
28.15,85.049995,0.1849999949336052,1.394999958574772,2.944999910891056,3.949999883770943,7.264999806880951,0.0,0,BIHAR_2022_09_02,2022-09-02,NRSC_Sentinel1A
28.15,85.15,0.1349999904632568,1.2049999684095385,2.829999953508377,3.914999924600125,6.359999872744083,0.0,0,BIHAR_2022_09_02,2022-09-02,NRSC_Sentinel1A
28.15,85.25,0.0700000002980232,0.8149999752640724,2.124999932944774,3.3799998909235,5.974999807775021,0.0,0,BIHAR_2022_09_02,2022-09-02,NRSC_Sentinel1A
28.15,85.35,0.25,0.8299999833106995,2.1749999299645424,3.0949999131262302,5.1949998661875725,0.0,0,BIHAR_2022_09_02,2022-09-02,NRSC_Sentinel1A
28.15,85.45,0.449999988079071,0.7849999666213989,2.689999947324395,3.644999922253192,6.849999883212149,0.0,0,BIHAR_2022_09_02,2022-09-02,NRSC_Sentinel1A
28.15,85.549995,0.6649999916553497,0.7749999910593033,1.919999957084656,2.299999952316284,4.814999856054783,0.0,0,BIHAR_2022_09_02,2022-09-02,NRSC_Sentinel1A
28.15,85.65,0.0,0.2300000004470348,1.3249999843537807,1.604999978095293,2.4799999482929707,0.0,0,BIHAR_2022_09_02,2022-09-02,NRSC_Sentinel1A
28.15,85.75,0.0,0.0,0.9899999797344208,0.9899999797344208,1.8099999651312828,0.0,0,BIHAR_2022_09_02,2022-09-02,NRSC_Sentinel1A
28.15,85.85,0.0,0.0,1.214999943971634,1.214999943971634,2.564999930560589,0.0,0,BIHAR_2022_09_02,2022-09-02,NRSC_Sentinel1A
28.15,85.95,0.0,0.0,0.0,0.0,1.1099999509751797,0.0,0,BIHAR_2022_09_02,2022-09-02,NRSC_Sentinel1A
28.15,86.049995,0.0,0.0,0.0,0.0,0.6449999958276749,0.0,0,BIHAR_2022_09_02,2022-09-02,NRSC_Sentinel1A
28.15,86.15,0.0999999940395355,0.0999999940395355,0.0999999940395355,0.0999999940395355,0.319999985396862,0.0,0,BIHAR_2022_09_02,2022-09-02,NRSC_Sentinel1A
28.15,86.25,0.2199999913573265,0.2199999913573265,0.2199999913573265,0.2199999913573265,0.3799999877810478,0.0,0,BIHAR_2022_09_02,2022-09-02,NRSC_Sentinel1A
28.15,86.35,0.2899999916553497,0.4899999797344208,0.4899999797344208,0.4899999797344208,0.7999999821186066,0.0,0,BIHAR_2022_09_02,2022-09-02,NRSC_Sentinel1A
28.15,86.45,0.4899999797344208,0.9049999713897704,0.9049999713897704,1.6599999517202375,2.4699999392032623,0.0,0,BIHAR_2022_09_02,2022-09-02,NRSC_Sentinel1A
28.15,86.549995,0.3649999946355819,1.704999953508377,1.704999953508377,1.704999953508377,4.804999874904752,0.0,0,BIHAR_2022_09_02,2022-09-02,NRSC_Sentinel1A
28.15,86.65,0.1599999964237213,1.9149999916553493,1.9149999916553493,2.364999994635582,4.5399999767541885,0.0,0,BIHAR_2022_09_02,2022-09-02,NRSC_Sentinel1A
28.15,86.75,0.3749999850988388,1.5299999713897705,3.144999921321869,3.7999999076128006,5.809999816119671,0.0,0,BIHAR_2022_09_02,2022-09-02,NRSC_Sentinel1A
28.15,86.85,0.1299999952316284,1.004999965429306,3.299999877810478,5.999999776482582,10.514999642968178,0.0,0,BIHAR_2022_09_02,2022-09-02,NRSC_Sentinel1A
28.15,86.95,0.0,0.8349999487400055,0.9949999451637268,3.824999883770943,8.819999754428864,0.0,0,BIHAR_2022_09_02,2022-09-02,NRSC_Sentinel1A
28.15,87.049995,0.0,0.4749999791383743,0.6549999713897705,2.8449999131262302,7.579999823123217,0.0,0,BIHAR_2022_09_02,2022-09-02,NRSC_Sentinel1A
28.15,87.15,0.0,0.0,0.1799999922513961,2.369999933987856,6.834999937564135,0.0,0,BIHAR_2022_09_02,2022-09-02,NRSC_Sentinel1A
28.15,87.25,0.0,0.0,0.0,2.054999951273203,3.724999863654375,0.0,0,BIHAR_2022_09_02,2022-09-02,NRSC_Sentinel1A
28.15,87.35,0.0,0.0,0.0,0.0,1.3399999737739563,0.0,0,BIHAR_2022_09_02,2022-09-02,NRSC_Sentinel1A
28.15,87.45,0.0,0.0,0.0,0.0,0.9149999618530272,0.0,0,BIHAR_2022_09_02,2022-09-02,NRSC_Sentinel1A
28.15,87.549995,0.0,0.0,0.0,0.0,3.069999933242798,0.0,0,BIHAR_2022_09_02,2022-09-02,NRSC_Sentinel1A
28.15,87.65,0.0,0.0,0.1850000023841858,0.6850000023841858,6.469999894499779,0.0,0,BIHAR_2022_09_02,2022-09-02,NRSC_Sentinel1A
28.15,87.75,0.0,0.0,0.1850000023841858,3.35999995470047,9.054999887943268,0.0,0,BIHAR_2022_09_02,2022-09-02,NRSC_Sentinel1A
28.15,87.85,0.0,0.0,0.1850000023841858,4.644999861717224,9.279999777674677,0.0,0,BIHAR_2022_09_02,2022-09-02,NRSC_Sentinel1A
28.15,87.95,0.0,0.0,0.0,8.769999846816063,16.514999628067017,0.0,0,BIHAR_2022_09_02,2022-09-02,NRSC_Sentinel1A
28.15,88.049995,0.0,0.0,0.0,7.594999700784683,10.604999646544456,0.0,0,BIHAR_2022_09_02,2022-09-02,NRSC_Sentinel1A
28.15,88.15,0.0,0.0,0.0,5.57499985396862,6.599999818950892,0.0,0,BIHAR_2022_09_02,2022-09-02,NRSC_Sentinel1A
28.15,88.25,0.0,0.0,0.0,2.7749999165534973,3.674999877810478,0.0,0,BIHAR_2022_09_02,2022-09-02,NRSC_Sentinel1A
28.15,88.35,0.0,0.0,0.0,0.6449999660253525,1.8349999338388443,0.0,0,BIHAR_2022_09_02,2022-09-02,NRSC_Sentinel1A
28.15,88.45,0.0,0.0,0.0,0.7949999868869781,1.909999966621399,0.0,0,BIHAR_2022_09_02,2022-09-02,NRSC_Sentinel1A
28.25,83.049995,4.454999804496765,10.274999678134918,12.794999659061432,14.299999624490738,30.084999173879623,0.0,0,BIHAR_2022_09_02,2022-09-02,NRSC_Sentinel1A
28.25,83.15,4.754999876022339,14.434999734163284,16.379999689757824,18.49999966472388,40.30999916046858,0.0,0,BIHAR_2022_09_02,2022-09-02,NRSC_Sentinel1A
28.25,83.25,7.224999666213989,20.509999573230743,22.38999953493476,26.169999476522207,69.49999864026904,0.0,0,BIHAR_2022_09_02,2022-09-02,NRSC_Sentinel1A
28.25,83.35,5.184999704360962,20.689999103546143,31.16499908268452,35.29999902099371,79.23999863117933,0.0,0,BIHAR_2022_09_02,2022-09-02,NRSC_Sentinel1A
28.25,83.45,7.924999713897705,22.83999943733216,40.07499931752682,43.34999929368496,75.49999834597111,0.0,0,BIHAR_2022_09_02,2022-09-02,NRSC_Sentinel1A
28.25,83.549995,9.019999504089355,24.42499947547913,51.06499886512756,54.07999879866839,78.59999836236238,0.0,0,BIHAR_2022_09_02,2022-09-02,NRSC_Sentinel1A
28.25,83.65,15.859999656677246,31.50999975204468,66.11999940872192,71.20999929308891,88.00999894738197,0.0,0,BIHAR_2022_09_02,2022-09-02,NRSC_Sentinel1A
28.25,83.75,12.1899995803833,30.149999141693115,63.94499850273132,71.0899983420968,81.86499806493521,0.0,0,BIHAR_2022_09_02,2022-09-02,NRSC_Sentinel1A
28.25,83.85,14.154999732971191,34.54499912261963,61.17499876022339,68.55999862402678,75.29999857768416,0.0,0,BIHAR_2022_09_02,2022-09-02,NRSC_Sentinel1A
28.25,83.95,5.729999780654907,28.78499913215637,35.70499897003174,41.90499879419804,46.18999868258834,0.0,0,BIHAR_2022_09_02,2022-09-02,NRSC_Sentinel1A
28.25,84.049995,11.78999948501587,41.499998569488525,84.74999761581421,93.84499739855528,98.15999730676413,0.0,0,BIHAR_2022_09_02,2022-09-02,NRSC_Sentinel1A
28.25,84.15,2.6549998223781586,31.949999421834946,72.70499858260155,82.57499851286411,86.82999835908413,0.0,0,BIHAR_2022_09_02,2022-09-02,NRSC_Sentinel1A
28.25,84.25,3.034999966621399,22.519999861717224,39.78499937057495,49.17999924719334,52.58999917656183,0.0,0,BIHAR_2022_09_02,2022-09-02,NRSC_Sentinel1A
28.25,84.35,0.2299999892711639,11.999999612569807,35.9749992787838,46.35499927401543,48.74499921873212,0.0,0,BIHAR_2022_09_02,2022-09-02,NRSC_Sentinel1A
28.25,84.45,0.0749999955296516,5.384999834001064,30.324999414384365,39.47499939054251,41.67499934788793,0.0,0,BIHAR_2022_09_02,2022-09-02,NRSC_Sentinel1A
28.25,84.549995,0.0499999970197677,2.7599999010562897,11.60499969124794,17.039999563246965,21.14499950315804,0.0,0,BIHAR_2022_09_02,2022-09-02,NRSC_Sentinel1A
28.25,84.65,0.044999998062849,1.1949999742209911,7.785000007599592,11.174999911338093,13.304999832063912,0.0,0,BIHAR_2022_09_02,2022-09-02,NRSC_Sentinel1A
28.25,84.75,0.089999996125698,0.9749999865889548,7.294999800622463,8.989999771118164,10.939999733120205,0.0,0,BIHAR_2022_09_02,2022-09-02,NRSC_Sentinel1A
28.25,84.85,0.3099999874830246,0.9849999658763408,7.594999860972166,9.10999982059002,10.514999785460532,0.0,0,BIHAR_2022_09_02,2022-09-02,NRSC_Sentinel1A
28.25,84.95,0.4799999892711639,1.054999977350235,3.1499999165534973,4.194999884814024,5.81999983265996,0.0,0,BIHAR_2022_09_02,2022-09-02,NRSC_Sentinel1A
28.25,85.049995,0.2849999964237213,0.8849999755620956,0.8849999755620956,2.294999957084656,4.38499990105629,0.0,0,BIHAR_2022_09_02,2022-09-02,NRSC_Sentinel1A
28.25,85.15,0.0,0.7099999859929085,1.2099999710917473,2.394999951124192,3.879999905824661,0.0,0,BIHAR_2022_09_02,2022-09-02,NRSC_Sentinel1A
28.25,85.25,0.0,0.6550000011920929,1.314999982714653,2.459999945014715,4.729999918490648,0.0,0,BIHAR_2022_09_02,2022-09-02,NRSC_Sentinel1A
28.25,85.35,0.0,0.5549999922513962,1.274999976158142,2.559999912977218,4.539999861270189,0.0,0,BIHAR_2022_09_02,2022-09-02,NRSC_Sentinel1A
28.25,85.45,0.0,0.3100000023841858,1.5999999940395355,2.2999999672174454,4.954999923706055,0.0,0,BIHAR_2022_09_02,2022-09-02,NRSC_Sentinel1A
28.25,85.549995,0.7099999785423279,0.7699999772012234,2.0949999429285526,3.624999895691872,6.7149998396635056,0.0,0,BIHAR_2022_09_02,2022-09-02,NRSC_Sentinel1A
28.25,85.65,0.0,0.2649999856948852,1.38999991863966,2.634999893605709,5.389999829232693,0.0,0,BIHAR_2022_09_02,2022-09-02,NRSC_Sentinel1A
28.25,85.75,0.0,0.0,0.9949999749660492,2.01999993622303,4.459999918937683,0.0,0,BIHAR_2022_09_02,2022-09-02,NRSC_Sentinel1A
28.25,85.85,0.0,0.0,1.0799999833106997,1.0799999833106997,3.279999900609255,0.0,0,BIHAR_2022_09_02,2022-09-02,NRSC_Sentinel1A
28.25,85.95,0.0,0.0,0.0,0.0,2.4099999368190765,0.0,0,BIHAR_2022_09_02,2022-09-02,NRSC_Sentinel1A
28.25,86.049995,0.0,0.0,0.0,0.0,1.3499999642372131,0.0,0,BIHAR_2022_09_02,2022-09-02,NRSC_Sentinel1A
28.25,86.15,0.0,0.0,0.0,0.0,0.7899999767541885,0.0,0,BIHAR_2022_09_02,2022-09-02,NRSC_Sentinel1A
28.25,86.25,0.0999999940395355,0.0999999940395355,0.0999999940395355,0.1849999949336052,1.669999934732914,0.0,0,BIHAR_2022_09_02,2022-09-02,NRSC_Sentinel1A
28.25,86.35,0.2149999961256981,0.3199999928474426,0.3199999928474426,0.5899999812245369,3.7199998944997774,0.0,0,BIHAR_2022_09_02,2022-09-02,NRSC_Sentinel1A
28.25,86.45,0.2349999919533729,0.5199999809265137,0.5199999809265137,0.7849999740719795,3.649999891407788,0.0,0,BIHAR_2022_09_02,2022-09-02,NRSC_Sentinel1A
28.25,86.549995,0.1799999922513961,0.9749999642372132,0.9749999642372132,0.9749999642372132,5.234999805688858,0.0,0,BIHAR_2022_09_02,2022-09-02,NRSC_Sentinel1A
28.25,86.65,0.0,1.07499997317791,1.07499997317791,1.8549999445676804,6.244999878108501,0.0,0,BIHAR_2022_09_02,2022-09-02,NRSC_Sentinel1A
28.25,86.75,0.0,0.564999982714653,0.5799999823793769,3.0049998750910163,5.049999847076833,0.0,0,BIHAR_2022_09_02,2022-09-02,NRSC_Sentinel1A
28.25,86.85,0.0,0.2299999892711639,1.034999996423721,4.919999927282333,8.114999858662486,0.0,0,BIHAR_2022_09_02,2022-09-02,NRSC_Sentinel1A
28.25,86.95,0.0,0.0,1.0799999684095385,6.439999833703041,10.29999967571348,0.0,0,BIHAR_2022_09_02,2022-09-02,NRSC_Sentinel1A
28.25,87.049995,0.0,0.0,1.284999966621399,2.644999921321869,3.5599999027326703,0.0,0,BIHAR_2022_09_02,2022-09-02,NRSC_Sentinel1A
28.25,87.15,0.0,0.0,0.0,0.3499999940395355,0.949999992735684,0.0,0,BIHAR_2022_09_02,2022-09-02,NRSC_Sentinel1A
28.25,87.25,0.0,0.0,0.0,0.0,0.4899999946355819,0.0,0,BIHAR_2022_09_02,2022-09-02,NRSC_Sentinel1A
28.25,87.35,0.0,0.0,0.0,0.0,0.5299999713897705,0.0,0,BIHAR_2022_09_02,2022-09-02,NRSC_Sentinel1A
28.25,87.45,0.0,0.0,0.0,0.3499999940395355,1.0999999791383743,0.0,0,BIHAR_2022_09_02,2022-09-02,NRSC_Sentinel1A
28.25,87.549995,0.0,0.0,0.0,0.0,3.01499991118908,0.0,0,BIHAR_2022_09_02,2022-09-02,NRSC_Sentinel1A
28.25,87.65,0.0,0.0,0.0,0.6599999964237213,5.695000007748604,0.0,0,BIHAR_2022_09_02,2022-09-02,NRSC_Sentinel1A
28.25,87.75,0.0,0.0,0.0,4.144999876618385,9.349999874830246,0.0,0,BIHAR_2022_09_02,2022-09-02,NRSC_Sentinel1A
28.25,87.85,0.0,0.0,0.0,8.314999908208847,8.90499988105148,0.0,0,BIHAR_2022_09_02,2022-09-02,NRSC_Sentinel1A
28.25,87.95,0.0,0.0,0.0,5.069999784231186,5.269999776035547,0.0,0,BIHAR_2022_09_02,2022-09-02,NRSC_Sentinel1A
28.25,88.049995,0.0,0.0,0.0,2.419999957084656,2.419999957084656,0.0,0,BIHAR_2022_09_02,2022-09-02,NRSC_Sentinel1A
28.25,88.15,0.0,0.0,0.0,0.2449999898672104,0.3949999809265136,0.0,0,BIHAR_2022_09_02,2022-09-02,NRSC_Sentinel1A
28.25,88.25,0.0,0.0,0.0,0.0,0.2999999821186065,0.0,0,BIHAR_2022_09_02,2022-09-02,NRSC_Sentinel1A
28.25,88.35,0.0,0.0,0.0,0.689999982714653,0.689999982714653,0.0,0,BIHAR_2022_09_02,2022-09-02,NRSC_Sentinel1A
28.25,88.45,0.0,0.0,0.0,0.0,0.0,0.0,0,BIHAR_2022_09_02,2022-09-02,NRSC_Sentinel1A
28.349998,83.049995,5.034999847412109,12.364999830722809,15.759999692440031,17.144999645650387,29.18999933451414,0.0,0,BIHAR_2022_09_02,2022-09-02,NRSC_Sentinel1A
28.349998,83.15,8.224999904632568,19.30499923229217,24.09499916434288,26.61999905109405,43.40499868988991,0.0,0,BIHAR_2022_09_02,2022-09-02,NRSC_Sentinel1A
28.349998,83.25,6.034999847412109,20.40999937057495,25.22499924898148,28.86999916657805,46.22499873116613,0.0,0,BIHAR_2022_09_02,2022-09-02,NRSC_Sentinel1A
28.349998,83.35,5.230000019073486,21.00499939918518,32.03999915719032,36.76499907299876,54.58999877795577,0.0,0,BIHAR_2022_09_02,2022-09-02,NRSC_Sentinel1A
28.349998,83.45,6.3999998569488525,24.079999446868896,41.09999933838844,45.58499925583601,64.74499886482954,0.0,0,BIHAR_2022_09_02,2022-09-02,NRSC_Sentinel1A
28.349998,83.549995,11.184999465942385,29.83999919891357,54.049998581409454,57.154998514801264,71.04999812319875,0.0,0,BIHAR_2022_09_02,2022-09-02,NRSC_Sentinel1A
28.349998,83.65,8.924999713897705,31.09499931335449,59.79999887943268,63.8599987514317,75.58999842777848,0.0,0,BIHAR_2022_09_02,2022-09-02,NRSC_Sentinel1A
28.349998,83.75,6.055000066757202,30.15999960899353,62.04499936103821,67.27999920770526,77.22999904677272,0.0,0,BIHAR_2022_09_02,2022-09-02,NRSC_Sentinel1A
28.349998,83.85,6.980000019073486,31.3949990272522,57.94999825954437,69.43499787896872,74.48999779298902,0.0,0,BIHAR_2022_09_02,2022-09-02,NRSC_Sentinel1A
28.349998,83.95,5.609999895095825,31.619999170303345,66.10999822616577,74.56499817594886,78.25499805249274,0.0,0,BIHAR_2022_09_02,2022-09-02,NRSC_Sentinel1A
28.349998,84.049995,2.5149999260902405,29.70999962091446,70.32499891519547,80.13499875366688,84.32499862834811,0.0,0,BIHAR_2022_09_02,2022-09-02,NRSC_Sentinel1A
28.349998,84.15,1.8299999684095385,26.989999815821648,76.48499827086926,85.64499817043543,87.74499810487032,0.0,0,BIHAR_2022_09_02,2022-09-02,NRSC_Sentinel1A
28.349998,84.25,0.2599999979138374,17.53999949246645,32.324999041855335,40.31499880552292,41.91499875485897,0.0,0,BIHAR_2022_09_02,2022-09-02,NRSC_Sentinel1A
28.349998,84.35,0.2149999998509884,11.274999674409628,30.719999607652426,36.129999451339245,38.474999360740185,0.0,0,BIHAR_2022_09_02,2022-09-02,NRSC_Sentinel1A
28.349998,84.45,0.3049999922513962,5.019999951124191,19.87999960780144,24.38499954342842,29.24499935284257,0.0,0,BIHAR_2022_09_02,2022-09-02,NRSC_Sentinel1A
28.349998,84.549995,0.0399999991059303,1.889999963343144,7.264999873936176,9.279999803751709,12.564999707043173,0.0,0,BIHAR_2022_09_02,2022-09-02,NRSC_Sentinel1A
28.349998,84.65,0.0350000001490116,0.6749999709427357,3.469999883323908,5.409999813884497,7.739999741315842,0.0,0,BIHAR_2022_09_02,2022-09-02,NRSC_Sentinel1A
28.349998,84.75,0.1399999968707561,0.3599999956786632,0.9299999959766864,2.119999948889017,3.9099999219179153,0.0,0,BIHAR_2022_09_02,2022-09-02,NRSC_Sentinel1A
28.349998,84.85,0.1999999955296516,0.4299999848008156,1.0099999625235796,1.9549999479204416,2.959999905899167,0.0,0,BIHAR_2022_09_02,2022-09-02,NRSC_Sentinel1A
28.349998,84.95,0.3549999892711639,0.879999965429306,0.8899999652057886,1.3649999517947435,2.304999915882945,0.0,0,BIHAR_2022_09_02,2022-09-02,NRSC_Sentinel1A
28.349998,85.049995,0.0,0.85999995470047,0.85999995470047,1.2749999463558197,2.0899999365210533,0.0,0,BIHAR_2022_09_02,2022-09-02,NRSC_Sentinel1A
28.349998,85.15,0.0,0.879999965429306,1.4999999552965164,1.9299999549984928,2.789999932050705,0.0,0,BIHAR_2022_09_02,2022-09-02,NRSC_Sentinel1A
28.349998,85.25,0.0,0.7249999940395355,1.7999999523162842,2.329999931156636,3.174999915063381,0.0,0,BIHAR_2022_09_02,2022-09-02,NRSC_Sentinel1A
28.349998,85.35,0.0,0.375,1.7549999952316284,2.1649999767541885,3.194999948143959,0.0,0,BIHAR_2022_09_02,2022-09-02,NRSC_Sentinel1A
28.349998,85.45,0.0,0.0,0.0,0.0,2.104999929666519,0.0,0,BIHAR_2022_09_02,2022-09-02,NRSC_Sentinel1A
28.349998,85.549995,0.0,0.0,0.0,0.3849999904632568,4.774999842047691,0.0,0,BIHAR_2022_09_02,2022-09-02,NRSC_Sentinel1A
28.349998,85.65,0.0,0.0,0.0,0.554999977350235,4.229999884963036,0.0,0,BIHAR_2022_09_02,2022-09-02,NRSC_Sentinel1A
28.349998,85.75,0.0,0.0,0.0,0.9999999701976776,3.41999988257885,0.0,0,BIHAR_2022_09_02,2022-09-02,NRSC_Sentinel1A
28.349998,85.85,0.0,0.0,0.0,0.0,1.8249999731779096,0.0,0,BIHAR_2022_09_02,2022-09-02,NRSC_Sentinel1A
28.349998,85.95,0.0,0.0,0.0,0.0,1.614999963901937,0.0,0,BIHAR_2022_09_02,2022-09-02,NRSC_Sentinel1A
28.349998,86.049995,0.3649999797344208,0.3649999797344208,0.3649999797344208,0.3649999797344208,1.0799999684095385,0.0,0,BIHAR_2022_09_02,2022-09-02,NRSC_Sentinel1A
28.349998,86.15,0.1449999958276748,0.4099999815225601,0.4099999815225601,0.4099999815225601,2.0349999368190765,0.0,0,BIHAR_2022_09_02,2022-09-02,NRSC_Sentinel1A
28.349998,86.25,0.2349999994039535,0.6099999845027924,0.6099999845027924,0.6099999845027924,3.189999915659428,0.0,0,BIHAR_2022_09_02,2022-09-02,NRSC_Sentinel1A
28.349998,86.35,0.0,0.3899999782443046,0.3899999782443046,0.4949999749660492,3.034999907016754,0.0,0,BIHAR_2022_09_02,2022-09-02,NRSC_Sentinel1A
28.349998,86.45,0.0,0.3849999904632568,0.3849999904632568,0.9049999862909316,2.1099999714642763,0.0,0,BIHAR_2022_09_02,2022-09-02,NRSC_Sentinel1A
28.349998,86.549995,0.0,0.0,0.0,0.0,2.729999929666519,0.0,0,BIHAR_2022_09_02,2022-09-02,NRSC_Sentinel1A
28.349998,86.65,0.0,0.0,0.0,0.699999988079071,4.739999949932098,0.0,0,BIHAR_2022_09_02,2022-09-02,NRSC_Sentinel1A
28.349998,86.75,0.0,0.0,0.2800000011920929,1.294999986886978,4.589999973773956,0.0,0,BIHAR_2022_09_02,2022-09-02,NRSC_Sentinel1A
28.349998,86.85,0.0,0.0,0.2899999916553497,1.6649999618530271,1.8749999590218067,0.0,0,BIHAR_2022_09_02,2022-09-02,NRSC_Sentinel1A
28.349998,86.95,0.0,0.0,1.1150000095367432,5.394999980926514,5.439999978989363,0.0,0,BIHAR_2022_09_02,2022-09-02,NRSC_Sentinel1A
28.349998,87.049995,0.0,0.0,1.084999978542328,2.979999914765358,2.979999914765358,0.0,0,BIHAR_2022_09_02,2022-09-02,NRSC_Sentinel1A
28.349998,87.15,0.0,0.0,0.0,0.324999988079071,0.324999988079071,0.0,0,BIHAR_2022_09_02,2022-09-02,NRSC_Sentinel1A
28.349998,87.25,0.0,0.0,0.0,0.0,0.0,0.0,0,BIHAR_2022_09_02,2022-09-02,NRSC_Sentinel1A
28.349998,87.35,0.0,0.0,0.0,0.0,0.199999988079071,0.0,0,BIHAR_2022_09_02,2022-09-02,NRSC_Sentinel1A
28.349998,87.45,0.0,0.0,0.0,0.3199999928474426,0.8549999743700027,0.0,0,BIHAR_2022_09_02,2022-09-02,NRSC_Sentinel1A
28.349998,87.549995,0.0,0.0,0.0,0.1850000023841858,3.099999874830246,0.0,0,BIHAR_2022_09_02,2022-09-02,NRSC_Sentinel1A
28.349998,87.65,0.0,0.0,0.0,0.1850000023841858,5.079999879002571,0.0,0,BIHAR_2022_09_02,2022-09-02,NRSC_Sentinel1A
28.349998,87.75,0.0,0.0,0.0,2.979999884963036,5.364999815821648,0.0,0,BIHAR_2022_09_02,2022-09-02,NRSC_Sentinel1A
28.349998,87.85,0.0,0.0,0.0,8.569999948143959,8.739999938756227,0.0,0,BIHAR_2022_09_02,2022-09-02,NRSC_Sentinel1A
28.349998,87.95,0.0,0.0,0.0,5.294999897480011,5.574999887496233,0.0,0,BIHAR_2022_09_02,2022-09-02,NRSC_Sentinel1A
28.349998,88.049995,0.0,0.0,0.0,2.064999938011169,2.2949999272823334,0.0,0,BIHAR_2022_09_02,2022-09-02,NRSC_Sentinel1A
28.349998,88.15,0.0,0.0,0.0,0.1850000023841858,0.3999999910593033,0.0,0,BIHAR_2022_09_02,2022-09-02,NRSC_Sentinel1A
28.349998,88.25,0.0,0.0,0.0,0.0,0.2999999821186065,0.0,0,BIHAR_2022_09_02,2022-09-02,NRSC_Sentinel1A
28.349998,88.35,0.0,0.0,0.0,0.0,0.7049999833106995,0.0,0,BIHAR_2022_09_02,2022-09-02,NRSC_Sentinel1A
28.349998,88.45,0.0,0.0,0.0,0.0,0.0,0.0,0,BIHAR_2022_09_02,2022-09-02,NRSC_Sentinel1A
28.449999,83.049995,3.3899999856948853,12.44499957561493,16.97499944269657,18.584999404847625,28.914999280124903,0.0,0,BIHAR_2022_09_02,2022-09-02,NRSC_Sentinel1A
28.449999,83.15,3.389999866485596,14.154999494552612,18.35999931395054,22.87499921768904,37.30999884009361,0.0,0,BIHAR_2022_09_02,2022-09-02,NRSC_Sentinel1A
28.449999,83.25,3.450000047683716,15.484999656677246,25.63499950617552,31.23499935120344,51.70499899238348,0.0,0,BIHAR_2022_09_02,2022-09-02,NRSC_Sentinel1A
28.449999,83.35,3.504999816417694,16.719999253749847,29.529999002814293,34.75999890267849,58.21499806642532,0.0,0,BIHAR_2022_09_02,2022-09-02,NRSC_Sentinel1A
28.449999,83.45,4.254999995231628,19.94000017642975,35.90999983251095,39.87499973922968,51.4249994084239,0.0,0,BIHAR_2022_09_02,2022-09-02,NRSC_Sentinel1A
28.449999,83.549995,6.519999742507935,24.31999921798706,41.724998503923416,46.10499840602279,55.809998121112585,0.0,0,BIHAR_2022_09_02,2022-09-02,NRSC_Sentinel1A
28.449999,83.65,5.914999842643738,25.72999942302704,44.6049987077713,48.69499867781997,60.494998428970575,0.0,0,BIHAR_2022_09_02,2022-09-02,NRSC_Sentinel1A
28.449999,83.75,1.2499999403953552,21.7499994635582,45.87999886274338,52.159998811781406,64.33499848097563,0.0,0,BIHAR_2022_09_02,2022-09-02,NRSC_Sentinel1A
28.449999,83.85,2.8999998569488525,19.834999442100525,47.19999897480011,57.09999866783619,66.83499852195382,0.0,0,BIHAR_2022_09_02,2022-09-02,NRSC_Sentinel1A
28.449999,83.95,2.069999977946281,18.755000039935112,54.58999960124493,76.05999892205,87.60499869566411,0.0,0,BIHAR_2022_09_02,2022-09-02,NRSC_Sentinel1A
28.449999,84.049995,0.7599999606609344,15.114999622106552,38.0249989926815,54.90999844297767,61.74999823048711,0.0,0,BIHAR_2022_09_02,2022-09-02,NRSC_Sentinel1A
28.449999,84.15,0.3699999898672104,10.07499997317791,23.89499942958355,35.50999903306365,40.62499888986349,0.0,0,BIHAR_2022_09_02,2022-09-02,NRSC_Sentinel1A
28.449999,84.25,0.5199999809265137,8.119999766349792,21.46499925851822,29.399999152868983,33.93999906256795,0.0,0,BIHAR_2022_09_02,2022-09-02,NRSC_Sentinel1A
28.449999,84.35,0.6599999964237213,4.19499996304512,10.039999783039091,17.414999663829803,22.71999955177307,0.0,0,BIHAR_2022_09_02,2022-09-02,NRSC_Sentinel1A
28.449999,84.45,0.2899999916553497,2.3099999725818634,7.044999867677689,12.719999752938747,19.53499959781766,0.0,0,BIHAR_2022_09_02,2022-09-02,NRSC_Sentinel1A
28.449999,84.549995,0.0,1.5100000202655792,3.554999977350235,5.729999911040068,10.389999829232693,0.0,0,BIHAR_2022_09_02,2022-09-02,NRSC_Sentinel1A
28.449999,84.65,0.0599999986588954,0.964999970048666,2.1849999520927668,3.804999912157655,8.039999788627028,0.0,0,BIHAR_2022_09_02,2022-09-02,NRSC_Sentinel1A
28.449999,84.75,0.0549999997019767,0.6599999889731407,1.8949999697506428,2.874999947845936,6.239999853074551,0.0,0,BIHAR_2022_09_02,2022-09-02,NRSC_Sentinel1A
28.449999,84.85,0.0749999955296516,0.3399999812245369,0.3399999812245369,0.7399999722838402,3.554999873042106,0.0,0,BIHAR_2022_09_02,2022-09-02,NRSC_Sentinel1A
28.449999,84.95,0.25,0.7299999892711639,0.8049999848008156,1.0849999710917473,2.939999930560589,0.0,0,BIHAR_2022_09_02,2022-09-02,NRSC_Sentinel1A
28.449999,85.049995,0.0700000002980232,0.8349999859929085,0.8349999859929085,1.1949999816715715,2.424999948590994,0.0,0,BIHAR_2022_09_02,2022-09-02,NRSC_Sentinel1A
28.449999,85.15,0.1449999958276748,0.6799999922513962,0.6799999922513962,0.8549999892711639,2.3249999657273293,0.0,0,BIHAR_2022_09_02,2022-09-02,NRSC_Sentinel1A
28.449999,85.25,0.3999999910593033,0.8499999716877937,0.8499999716877937,1.009999968111515,4.1349999606609344,0.0,0,BIHAR_2022_09_02,2022-09-02,NRSC_Sentinel1A
28.449999,85.35,0.4949999898672104,0.6049999892711639,0.6049999892711639,0.8349999785423279,3.39999994635582,0.0,0,BIHAR_2022_09_02,2022-09-02,NRSC_Sentinel1A
28.449999,85.45,0.1449999958276748,0.2999999970197677,0.2999999970197677,0.2999999970197677,4.234999909996986,0.0,0,BIHAR_2022_09_02,2022-09-02,NRSC_Sentinel1A
28.449999,85.549995,0.1199999973177909,0.2949999943375587,0.2949999943375587,0.5249999836087227,5.474999994039536,0.0,0,BIHAR_2022_09_02,2022-09-02,NRSC_Sentinel1A
28.449999,85.65,0.0,0.3400000035762787,0.3400000035762787,1.464999958872795,6.754999816417694,0.0,0,BIHAR_2022_09_02,2022-09-02,NRSC_Sentinel1A
28.449999,85.75,0.0,0.3499999940395355,0.3499999940395355,0.5349999964237213,4.824999950826168,0.0,0,BIHAR_2022_09_02,2022-09-02,NRSC_Sentinel1A
28.449999,85.85,0.0,0.1449999958276748,0.1449999958276748,0.1449999958276748,3.2699998766183853,0.0,0,BIHAR_2022_09_02,2022-09-02,NRSC_Sentinel1A
28.449999,85.95,0.0,0.0,0.0,0.0,2.009999930858612,0.0,0,BIHAR_2022_09_02,2022-09-02,NRSC_Sentinel1A
28.449999,86.049995,0.1449999958276748,0.1449999958276748,0.1449999958276748,0.2999999970197677,0.8899999707937241,0.0,0,BIHAR_2022_09_02,2022-09-02,NRSC_Sentinel1A
28.449999,86.15,0.1299999952316284,0.3299999833106994,0.3299999833106994,0.8499999791383743,2.18999995291233,0.0,0,BIHAR_2022_09_02,2022-09-02,NRSC_Sentinel1A
28.449999,86.25,0.0,0.3799999952316284,0.3799999952316284,0.9749999791383744,3.4799998998641968,0.0,0,BIHAR_2022_09_02,2022-09-02,NRSC_Sentinel1A
28.449999,86.35,0.0,0.4699999988079071,0.4699999988079071,0.8999999836087227,2.7549998983740807,0.0,0,BIHAR_2022_09_02,2022-09-02,NRSC_Sentinel1A
28.449999,86.45,0.0,0.449999988079071,0.449999988079071,0.449999988079071,0.7799999862909317,0.0,0,BIHAR_2022_09_02,2022-09-02,NRSC_Sentinel1A
28.449999,86.549995,0.0,0.0,0.7399999797344208,0.7399999797344208,0.7399999797344208,0.0,0,BIHAR_2022_09_02,2022-09-02,NRSC_Sentinel1A
28.449999,86.65,0.0,0.0,0.0,0.0,0.0,0.0,0,BIHAR_2022_09_02,2022-09-02,NRSC_Sentinel1A
28.449999,86.75,0.0,0.0,0.3649999797344208,0.824999988079071,0.824999988079071,0.0,0,BIHAR_2022_09_02,2022-09-02,NRSC_Sentinel1A
28.449999,86.85,0.0,0.0,0.3649999797344208,1.9499999582767489,1.9499999582767489,0.0,0,BIHAR_2022_09_02,2022-09-02,NRSC_Sentinel1A
28.449999,86.95,0.0,0.0,0.3599999845027923,2.184999942779541,2.184999942779541,0.0,0,BIHAR_2022_09_02,2022-09-02,NRSC_Sentinel1A
28.449999,87.049995,0.0,0.0,0.3649999797344208,2.2049999684095383,2.2049999684095383,0.0,0,BIHAR_2022_09_02,2022-09-02,NRSC_Sentinel1A
28.449999,87.15,0.0,0.0,0.0,1.2249999940395355,1.2249999940395355,0.0,0,BIHAR_2022_09_02,2022-09-02,NRSC_Sentinel1A
28.449999,87.25,0.0,0.0,0.0,0.2449999898672104,1.5849999338388443,0.0,0,BIHAR_2022_09_02,2022-09-02,NRSC_Sentinel1A
28.449999,87.35,0.0,0.0,0.0,0.2349999994039535,1.699999988079071,0.0,0,BIHAR_2022_09_02,2022-09-02,NRSC_Sentinel1A
28.449999,87.45,0.0,0.0,0.0,0.0,0.0,0.0,0,BIHAR_2022_09_02,2022-09-02,NRSC_Sentinel1A
28.449999,87.549995,0.0,0.0,0.0,0.0,0.0,0.0,0,BIHAR_2022_09_02,2022-09-02,NRSC_Sentinel1A
28.449999,87.65,0.0,0.0,0.0,0.0,1.169999971985817,0.0,0,BIHAR_2022_09_02,2022-09-02,NRSC_Sentinel1A
28.449999,87.75,0.0,0.0,0.0,2.449999898672104,3.074999868869781,0.0,0,BIHAR_2022_09_02,2022-09-02,NRSC_Sentinel1A
28.449999,87.85,0.0,0.0,0.0,7.625000059604645,7.625000059604645,0.0,0,BIHAR_2022_09_02,2022-09-02,NRSC_Sentinel1A
28.449999,87.95,0.0,0.0,0.0,3.439999938011169,3.439999938011169,0.0,0,BIHAR_2022_09_02,2022-09-02,NRSC_Sentinel1A
28.449999,88.049995,0.0,0.0,0.0,1.5449999570846558,1.5449999570846558,0.0,0,BIHAR_2022_09_02,2022-09-02,NRSC_Sentinel1A
28.449999,88.15,0.0,0.0,0.0,0.0049999998882412,0.0049999998882412,0.0,0,BIHAR_2022_09_02,2022-09-02,NRSC_Sentinel1A
28.449999,88.25,0.0,0.0,0.0,0.0,0.1850000023841858,0.0,0,BIHAR_2022_09_02,2022-09-02,NRSC_Sentinel1A
28.449999,88.35,0.0,0.0,0.0,0.0,0.3849999904632568,0.0,0,BIHAR_2022_09_02,2022-09-02,NRSC_Sentinel1A
28.449999,88.45,0.0,0.0,0.0,0.0,0.2299999892711639,0.0,0,BIHAR_2022_09_02,2022-09-02,NRSC_Sentinel1A
